ISO-10303-21;
HEADER;
/* Generated by software containing ST-Developer
 * from STEP Tools, Inc. (www.steptools.com) 
 */

FILE_DESCRIPTION(
/* description */ (''),
/* implementation_level */ '2;1');

FILE_NAME(
/* name */ 'EREVO Rear Shock Mount Upgrade.step',
/* time_stamp */ '2025-07-13T14:12:18-07:00',
/* author */ (''),
/* organization */ (''),
/* preprocessor_version */ 'ST-DEVELOPER v20.1',
/* originating_system */ 'Autodesk Translation Framework v14.10.0.0',
/* authorisation */ '');

FILE_SCHEMA (('AUTOMOTIVE_DESIGN { 1 0 10303 214 3 1 1 }'));
ENDSEC;

DATA;
#10=MECHANICAL_DESIGN_GEOMETRIC_PRESENTATION_REPRESENTATION('',(#13),#2592);
#11=SHAPE_REPRESENTATION_RELATIONSHIP('SRR','None',#2599,#12);
#12=ADVANCED_BREP_SHAPE_REPRESENTATION('',(#14),#2591);
#13=STYLED_ITEM('',(#2608),#14);
#14=MANIFOLD_SOLID_BREP('Rear Shock Mount',#1522);
#15=FACE_BOUND('',#202,.T.);
#16=FACE_BOUND('',#207,.T.);
#17=FACE_BOUND('',#215,.T.);
#18=FACE_BOUND('',#216,.T.);
#19=FACE_BOUND('',#234,.T.);
#20=FACE_BOUND('',#235,.T.);
#21=FACE_BOUND('',#243,.T.);
#22=FACE_BOUND('',#248,.T.);
#23=FACE_BOUND('',#257,.T.);
#24=FACE_BOUND('',#258,.T.);
#25=(
BOUNDED_CURVE()
B_SPLINE_CURVE(2,(#2133,#2134,#2135),.UNSPECIFIED.,.F.,.F.)
B_SPLINE_CURVE_WITH_KNOTS((3,3),(2.29890373160011,2.58490901304979),
 .UNSPECIFIED.)
CURVE()
GEOMETRIC_REPRESENTATION_ITEM()
RATIONAL_B_SPLINE_CURVE((1.62236238225046,1.53931725487895,1.42597619442943))
REPRESENTATION_ITEM('')
);
#26=(
BOUNDED_CURVE()
B_SPLINE_CURVE(2,(#2137,#2138,#2139),.UNSPECIFIED.,.F.,.F.)
B_SPLINE_CURVE_WITH_KNOTS((3,3),(0.778217825822269,1.27218407974894),
 .UNSPECIFIED.)
CURVE()
GEOMETRIC_REPRESENTATION_ITEM()
RATIONAL_B_SPLINE_CURVE((1.52748044076352,1.64483159930008,1.69863839268668))
REPRESENTATION_ITEM('')
);
#27=(
BOUNDED_CURVE()
B_SPLINE_CURVE(2,(#2141,#2142,#2143),.UNSPECIFIED.,.F.,.F.)
B_SPLINE_CURVE_WITH_KNOTS((3,3),(0.,0.325687794519128),.UNSPECIFIED.)
CURVE()
GEOMETRIC_REPRESENTATION_ITEM()
RATIONAL_B_SPLINE_CURVE((1.,1.02804914575905,1.01452372063613))
REPRESENTATION_ITEM('')
);
#28=(
BOUNDED_CURVE()
B_SPLINE_CURVE(2,(#2144,#2145,#2146),.UNSPECIFIED.,.F.,.F.)
B_SPLINE_CURVE_WITH_KNOTS((3,3),(2.12876300531698,2.64629911218345),
 .UNSPECIFIED.)
CURVE()
GEOMETRIC_REPRESENTATION_ITEM()
RATIONAL_B_SPLINE_CURVE((2.05882352941363,1.93250607963429,1.68218695304453))
REPRESENTATION_ITEM('')
);
#29=(
BOUNDED_CURVE()
B_SPLINE_CURVE(2,(#2150,#2151,#2152),.UNSPECIFIED.,.F.,.F.)
B_SPLINE_CURVE_WITH_KNOTS((3,3),(0.444942449868352,0.730947731318047),
 .UNSPECIFIED.)
CURVE()
GEOMETRIC_REPRESENTATION_ITEM()
RATIONAL_B_SPLINE_CURVE((1.42597619442943,1.53931725487896,1.62236238225047))
REPRESENTATION_ITEM('')
);
#30=(
BOUNDED_CURVE()
B_SPLINE_CURVE(2,(#2154,#2155,#2156),.UNSPECIFIED.,.F.,.F.)
B_SPLINE_CURVE_WITH_KNOTS((3,3),(0.556824363413362,1.07436047029241),
 .UNSPECIFIED.)
CURVE()
GEOMETRIC_REPRESENTATION_ITEM()
RATIONAL_B_SPLINE_CURVE((1.68218695303236,1.93250607963122,2.05882352941363))
REPRESENTATION_ITEM('')
);
#31=(
BOUNDED_CURVE()
B_SPLINE_CURVE(2,(#2158,#2159,#2160),.UNSPECIFIED.,.F.,.F.)
B_SPLINE_CURVE_WITH_KNOTS((3,3),(0.113776244512989,0.439464039033385),
 .UNSPECIFIED.)
CURVE()
GEOMETRIC_REPRESENTATION_ITEM()
RATIONAL_B_SPLINE_CURVE((1.01452372063628,1.02804914575943,1.))
REPRESENTATION_ITEM('')
);
#32=(
BOUNDED_CURVE()
B_SPLINE_CURVE(2,(#2161,#2162,#2163),.UNSPECIFIED.,.F.,.F.)
B_SPLINE_CURVE_WITH_KNOTS((3,3),(2.18386501892402,2.68999162184706),
 .UNSPECIFIED.)
CURVE()
GEOMETRIC_REPRESENTATION_ITEM()
RATIONAL_B_SPLINE_CURVE((1.73347030127789,1.67856015751554,1.55880262170366))
REPRESENTATION_ITEM('')
);
#33=(
BOUNDED_CURVE()
B_SPLINE_CURVE(2,(#2170,#2171,#2172),.UNSPECIFIED.,.F.,.F.)
B_SPLINE_CURVE_WITH_KNOTS((3,3),(0.671481704906346,0.879396650802818),
 .UNSPECIFIED.)
CURVE()
GEOMETRIC_REPRESENTATION_ITEM()
RATIONAL_B_SPLINE_CURVE((1.07492554996011,1.04906260082221,1.))
REPRESENTATION_ITEM('')
);
#34=(
BOUNDED_CURVE()
B_SPLINE_CURVE(2,(#2176,#2177,#2178),.UNSPECIFIED.,.F.,.F.)
B_SPLINE_CURVE_WITH_KNOTS((3,3),(0.,0.207914945902104),.UNSPECIFIED.)
CURVE()
GEOMETRIC_REPRESENTATION_ITEM()
RATIONAL_B_SPLINE_CURVE((1.,1.04906260082354,1.07492554996151))
REPRESENTATION_ITEM('')
);
#35=(
BOUNDED_CURVE()
B_SPLINE_CURVE(2,(#2182,#2183,#2184),.UNSPECIFIED.,.F.,.F.)
B_SPLINE_CURVE_WITH_KNOTS((3,3),(0.,0.325687794520389),.UNSPECIFIED.)
CURVE()
GEOMETRIC_REPRESENTATION_ITEM()
RATIONAL_B_SPLINE_CURVE((1.,1.0280491457593,1.01452372063621))
REPRESENTATION_ITEM('')
);
#36=(
BOUNDED_CURVE()
B_SPLINE_CURVE(2,(#2186,#2187,#2188),.UNSPECIFIED.,.F.,.F.)
B_SPLINE_CURVE_WITH_KNOTS((3,3),(0.,0.52396431164183),.UNSPECIFIED.)
CURVE()
GEOMETRIC_REPRESENTATION_ITEM()
RATIONAL_B_SPLINE_CURVE((1.,1.07049803888947,1.))
REPRESENTATION_ITEM('')
);
#37=(
BOUNDED_CURVE()
B_SPLINE_CURVE(2,(#2215,#2216,#2217),.UNSPECIFIED.,.F.,.F.)
B_SPLINE_CURVE_WITH_KNOTS((3,3),(0.,0.523964311641833),.UNSPECIFIED.)
CURVE()
GEOMETRIC_REPRESENTATION_ITEM()
RATIONAL_B_SPLINE_CURVE((1.,1.07049803888949,1.))
REPRESENTATION_ITEM('')
);
#38=(
BOUNDED_CURVE()
B_SPLINE_CURVE(2,(#2241,#2242,#2243),.UNSPECIFIED.,.F.,.F.)
B_SPLINE_CURVE_WITH_KNOTS((3,3),(0.113776244513092,0.439464039032226),
 .UNSPECIFIED.)
CURVE()
GEOMETRIC_REPRESENTATION_ITEM()
RATIONAL_B_SPLINE_CURVE((1.01452372063618,1.02804914575914,1.))
REPRESENTATION_ITEM('')
);
#39=(
BOUNDED_CURVE()
B_SPLINE_CURVE(2,(#2348,#2349,#2350),.UNSPECIFIED.,.F.,.F.)
B_SPLINE_CURVE_WITH_KNOTS((3,3),(2.29890373160011,2.58490901304979),
 .UNSPECIFIED.)
CURVE()
GEOMETRIC_REPRESENTATION_ITEM()
RATIONAL_B_SPLINE_CURVE((1.62236238225046,1.53931725487895,1.42597619442943))
REPRESENTATION_ITEM('')
);
#40=(
BOUNDED_CURVE()
B_SPLINE_CURVE(2,(#2352,#2353,#2354),.UNSPECIFIED.,.F.,.F.)
B_SPLINE_CURVE_WITH_KNOTS((3,3),(2.12876300531698,2.64629911218345),
 .UNSPECIFIED.)
CURVE()
GEOMETRIC_REPRESENTATION_ITEM()
RATIONAL_B_SPLINE_CURVE((2.05882352941363,1.93250607963429,1.68218695304453))
REPRESENTATION_ITEM('')
);
#41=(
BOUNDED_CURVE()
B_SPLINE_CURVE(2,(#2356,#2357,#2358),.UNSPECIFIED.,.F.,.F.)
B_SPLINE_CURVE_WITH_KNOTS((3,3),(0.,0.325687794519128),.UNSPECIFIED.)
CURVE()
GEOMETRIC_REPRESENTATION_ITEM()
RATIONAL_B_SPLINE_CURVE((1.,1.02804914575905,1.01452372063613))
REPRESENTATION_ITEM('')
);
#42=(
BOUNDED_CURVE()
B_SPLINE_CURVE(2,(#2359,#2360,#2361),.UNSPECIFIED.,.F.,.F.)
B_SPLINE_CURVE_WITH_KNOTS((3,3),(0.778217825822269,1.27218407974894),
 .UNSPECIFIED.)
CURVE()
GEOMETRIC_REPRESENTATION_ITEM()
RATIONAL_B_SPLINE_CURVE((1.52748044076352,1.64483159930008,1.69863839268668))
REPRESENTATION_ITEM('')
);
#43=(
BOUNDED_CURVE()
B_SPLINE_CURVE(2,(#2365,#2366,#2367),.UNSPECIFIED.,.F.,.F.)
B_SPLINE_CURVE_WITH_KNOTS((3,3),(0.444942449868352,0.730947731318047),
 .UNSPECIFIED.)
CURVE()
GEOMETRIC_REPRESENTATION_ITEM()
RATIONAL_B_SPLINE_CURVE((1.42597619442943,1.53931725487896,1.62236238225047))
REPRESENTATION_ITEM('')
);
#44=(
BOUNDED_CURVE()
B_SPLINE_CURVE(2,(#2369,#2370,#2371),.UNSPECIFIED.,.F.,.F.)
B_SPLINE_CURVE_WITH_KNOTS((3,3),(2.18386501892402,2.68999162184706),
 .UNSPECIFIED.)
CURVE()
GEOMETRIC_REPRESENTATION_ITEM()
RATIONAL_B_SPLINE_CURVE((1.73347030127789,1.67856015751554,1.55880262170366))
REPRESENTATION_ITEM('')
);
#45=(
BOUNDED_CURVE()
B_SPLINE_CURVE(2,(#2373,#2374,#2375),.UNSPECIFIED.,.F.,.F.)
B_SPLINE_CURVE_WITH_KNOTS((3,3),(0.113776244512989,0.439464039033385),
 .UNSPECIFIED.)
CURVE()
GEOMETRIC_REPRESENTATION_ITEM()
RATIONAL_B_SPLINE_CURVE((1.01452372063628,1.02804914575943,1.))
REPRESENTATION_ITEM('')
);
#46=(
BOUNDED_CURVE()
B_SPLINE_CURVE(2,(#2376,#2377,#2378),.UNSPECIFIED.,.F.,.F.)
B_SPLINE_CURVE_WITH_KNOTS((3,3),(0.556824363413362,1.07436047029241),
 .UNSPECIFIED.)
CURVE()
GEOMETRIC_REPRESENTATION_ITEM()
RATIONAL_B_SPLINE_CURVE((1.68218695303236,1.93250607963122,2.05882352941363))
REPRESENTATION_ITEM('')
);
#47=(
BOUNDED_CURVE()
B_SPLINE_CURVE(2,(#2415,#2416,#2417),.UNSPECIFIED.,.F.,.F.)
B_SPLINE_CURVE_WITH_KNOTS((3,3),(0.671481704906346,0.879396650802818),
 .UNSPECIFIED.)
CURVE()
GEOMETRIC_REPRESENTATION_ITEM()
RATIONAL_B_SPLINE_CURVE((1.07492554996011,1.04906260082221,1.))
REPRESENTATION_ITEM('')
);
#48=(
BOUNDED_CURVE()
B_SPLINE_CURVE(2,(#2421,#2422,#2423),.UNSPECIFIED.,.F.,.F.)
B_SPLINE_CURVE_WITH_KNOTS((3,3),(0.,0.207914945902104),.UNSPECIFIED.)
CURVE()
GEOMETRIC_REPRESENTATION_ITEM()
RATIONAL_B_SPLINE_CURVE((1.,1.04906260082354,1.07492554996151))
REPRESENTATION_ITEM('')
);
#49=(
BOUNDED_CURVE()
B_SPLINE_CURVE(2,(#2429,#2430,#2431),.UNSPECIFIED.,.F.,.F.)
B_SPLINE_CURVE_WITH_KNOTS((3,3),(0.,0.52396431164183),.UNSPECIFIED.)
CURVE()
GEOMETRIC_REPRESENTATION_ITEM()
RATIONAL_B_SPLINE_CURVE((1.,1.07049803888947,1.))
REPRESENTATION_ITEM('')
);
#50=(
BOUNDED_CURVE()
B_SPLINE_CURVE(2,(#2432,#2433,#2434),.UNSPECIFIED.,.F.,.F.)
B_SPLINE_CURVE_WITH_KNOTS((3,3),(0.,0.325687794520389),.UNSPECIFIED.)
CURVE()
GEOMETRIC_REPRESENTATION_ITEM()
RATIONAL_B_SPLINE_CURVE((1.,1.0280491457593,1.01452372063621))
REPRESENTATION_ITEM('')
);
#51=(
BOUNDED_CURVE()
B_SPLINE_CURVE(2,(#2451,#2452,#2453),.UNSPECIFIED.,.F.,.F.)
B_SPLINE_CURVE_WITH_KNOTS((3,3),(0.,0.523964311641833),.UNSPECIFIED.)
CURVE()
GEOMETRIC_REPRESENTATION_ITEM()
RATIONAL_B_SPLINE_CURVE((1.,1.07049803888949,1.))
REPRESENTATION_ITEM('')
);
#52=(
BOUNDED_CURVE()
B_SPLINE_CURVE(2,(#2486,#2487,#2488),.UNSPECIFIED.,.F.,.F.)
B_SPLINE_CURVE_WITH_KNOTS((3,3),(0.113776244513092,0.439464039032226),
 .UNSPECIFIED.)
CURVE()
GEOMETRIC_REPRESENTATION_ITEM()
RATIONAL_B_SPLINE_CURVE((1.01452372063618,1.02804914575914,1.))
REPRESENTATION_ITEM('')
);
#53=CONICAL_SURFACE('',#1546,6.00000000000001,0.785398163397447);
#54=CONICAL_SURFACE('',#1547,6.,0.78539816339745);
#55=CONICAL_SURFACE('',#1550,6.,0.78539816339745);
#56=CONICAL_SURFACE('',#1562,6.00000000000001,0.785398163397447);
#57=CONICAL_SURFACE('',#1602,6.00000000000001,0.785398163397447);
#58=CONICAL_SURFACE('',#1603,6.,0.78539816339745);
#59=CONICAL_SURFACE('',#1612,6.,0.78539816339745);
#60=CONICAL_SURFACE('',#1624,6.00000000000001,0.785398163397447);
#61=ELLIPSE('',#1543,9.74742773815152,4.);
#62=ELLIPSE('',#1589,4.03762566661701,4.);
#63=ELLIPSE('',#1650,4.03762566661701,4.);
#64=ELLIPSE('',#1656,2.43685693453788,1.);
#65=ELLIPSE('',#1659,9.74742773815152,4.);
#66=PLANE('',#1538);
#67=PLANE('',#1539);
#68=PLANE('',#1541);
#69=PLANE('',#1542);
#70=PLANE('',#1548);
#71=PLANE('',#1549);
#72=PLANE('',#1554);
#73=PLANE('',#1555);
#74=PLANE('',#1557);
#75=PLANE('',#1565);
#76=PLANE('',#1566);
#77=PLANE('',#1572);
#78=PLANE('',#1575);
#79=PLANE('',#1579);
#80=PLANE('',#1580);
#81=PLANE('',#1586);
#82=PLANE('',#1592);
#83=PLANE('',#1596);
#84=PLANE('',#1597);
#85=PLANE('',#1600);
#86=PLANE('',#1601);
#87=PLANE('',#1604);
#88=PLANE('',#1605);
#89=PLANE('',#1609);
#90=PLANE('',#1611);
#91=PLANE('',#1616);
#92=PLANE('',#1617);
#93=PLANE('',#1619);
#94=PLANE('',#1627);
#95=PLANE('',#1628);
#96=PLANE('',#1633);
#97=PLANE('',#1635);
#98=PLANE('',#1638);
#99=PLANE('',#1639);
#100=PLANE('',#1640);
#101=PLANE('',#1647);
#102=PLANE('',#1653);
#103=PLANE('',#1657);
#104=PLANE('',#1658);
#105=PLANE('',#1660);
#106=PLANE('',#1663);
#107=PLANE('',#1664);
#108=PLANE('',#1665);
#109=FACE_OUTER_BOUND('',#187,.T.);
#110=FACE_OUTER_BOUND('',#188,.T.);
#111=FACE_OUTER_BOUND('',#189,.T.);
#112=FACE_OUTER_BOUND('',#190,.T.);
#113=FACE_OUTER_BOUND('',#191,.T.);
#114=FACE_OUTER_BOUND('',#192,.T.);
#115=FACE_OUTER_BOUND('',#193,.T.);
#116=FACE_OUTER_BOUND('',#194,.T.);
#117=FACE_OUTER_BOUND('',#195,.T.);
#118=FACE_OUTER_BOUND('',#196,.T.);
#119=FACE_OUTER_BOUND('',#197,.T.);
#120=FACE_OUTER_BOUND('',#198,.T.);
#121=FACE_OUTER_BOUND('',#199,.T.);
#122=FACE_OUTER_BOUND('',#200,.T.);
#123=FACE_OUTER_BOUND('',#201,.T.);
#124=FACE_OUTER_BOUND('',#203,.T.);
#125=FACE_OUTER_BOUND('',#204,.T.);
#126=FACE_OUTER_BOUND('',#205,.T.);
#127=FACE_OUTER_BOUND('',#206,.T.);
#128=FACE_OUTER_BOUND('',#208,.T.);
#129=FACE_OUTER_BOUND('',#209,.T.);
#130=FACE_OUTER_BOUND('',#210,.T.);
#131=FACE_OUTER_BOUND('',#211,.T.);
#132=FACE_OUTER_BOUND('',#212,.T.);
#133=FACE_OUTER_BOUND('',#213,.T.);
#134=FACE_OUTER_BOUND('',#214,.T.);
#135=FACE_OUTER_BOUND('',#217,.T.);
#136=FACE_OUTER_BOUND('',#218,.T.);
#137=FACE_OUTER_BOUND('',#219,.T.);
#138=FACE_OUTER_BOUND('',#220,.T.);
#139=FACE_OUTER_BOUND('',#221,.T.);
#140=FACE_OUTER_BOUND('',#222,.T.);
#141=FACE_OUTER_BOUND('',#223,.T.);
#142=FACE_OUTER_BOUND('',#224,.T.);
#143=FACE_OUTER_BOUND('',#225,.T.);
#144=FACE_OUTER_BOUND('',#226,.T.);
#145=FACE_OUTER_BOUND('',#227,.T.);
#146=FACE_OUTER_BOUND('',#228,.T.);
#147=FACE_OUTER_BOUND('',#229,.T.);
#148=FACE_OUTER_BOUND('',#230,.T.);
#149=FACE_OUTER_BOUND('',#231,.T.);
#150=FACE_OUTER_BOUND('',#232,.T.);
#151=FACE_OUTER_BOUND('',#233,.T.);
#152=FACE_OUTER_BOUND('',#236,.T.);
#153=FACE_OUTER_BOUND('',#237,.T.);
#154=FACE_OUTER_BOUND('',#238,.T.);
#155=FACE_OUTER_BOUND('',#239,.T.);
#156=FACE_OUTER_BOUND('',#240,.T.);
#157=FACE_OUTER_BOUND('',#241,.T.);
#158=FACE_OUTER_BOUND('',#242,.T.);
#159=FACE_OUTER_BOUND('',#244,.T.);
#160=FACE_OUTER_BOUND('',#245,.T.);
#161=FACE_OUTER_BOUND('',#246,.T.);
#162=FACE_OUTER_BOUND('',#247,.T.);
#163=FACE_OUTER_BOUND('',#249,.T.);
#164=FACE_OUTER_BOUND('',#250,.T.);
#165=FACE_OUTER_BOUND('',#251,.T.);
#166=FACE_OUTER_BOUND('',#252,.T.);
#167=FACE_OUTER_BOUND('',#253,.T.);
#168=FACE_OUTER_BOUND('',#254,.T.);
#169=FACE_OUTER_BOUND('',#255,.T.);
#170=FACE_OUTER_BOUND('',#256,.T.);
#171=FACE_OUTER_BOUND('',#259,.T.);
#172=FACE_OUTER_BOUND('',#260,.T.);
#173=FACE_OUTER_BOUND('',#261,.T.);
#174=FACE_OUTER_BOUND('',#262,.T.);
#175=FACE_OUTER_BOUND('',#263,.T.);
#176=FACE_OUTER_BOUND('',#264,.T.);
#177=FACE_OUTER_BOUND('',#265,.T.);
#178=FACE_OUTER_BOUND('',#266,.T.);
#179=FACE_OUTER_BOUND('',#267,.T.);
#180=FACE_OUTER_BOUND('',#268,.T.);
#181=FACE_OUTER_BOUND('',#269,.T.);
#182=FACE_OUTER_BOUND('',#270,.T.);
#183=FACE_OUTER_BOUND('',#271,.T.);
#184=FACE_OUTER_BOUND('',#272,.T.);
#185=FACE_OUTER_BOUND('',#273,.T.);
#186=FACE_OUTER_BOUND('',#274,.T.);
#187=EDGE_LOOP('',(#973,#974,#975,#976,#977));
#188=EDGE_LOOP('',(#978,#979,#980,#981));
#189=EDGE_LOOP('',(#982,#983,#984,#985,#986));
#190=EDGE_LOOP('',(#987,#988,#989,#990));
#191=EDGE_LOOP('',(#991,#992,#993,#994,#995));
#192=EDGE_LOOP('',(#996,#997,#998,#999,#1000,#1001));
#193=EDGE_LOOP('',(#1002,#1003,#1004,#1005));
#194=EDGE_LOOP('',(#1006,#1007,#1008,#1009));
#195=EDGE_LOOP('',(#1010,#1011,#1012,#1013));
#196=EDGE_LOOP('',(#1014,#1015,#1016,#1017));
#197=EDGE_LOOP('',(#1018,#1019,#1020,#1021));
#198=EDGE_LOOP('',(#1022,#1023,#1024,#1025));
#199=EDGE_LOOP('',(#1026,#1027,#1028,#1029,#1030,#1031,#1032,#1033));
#200=EDGE_LOOP('',(#1034,#1035,#1036,#1037,#1038,#1039,#1040,#1041,#1042,
#1043,#1044,#1045,#1046,#1047,#1048,#1049,#1050,#1051));
#201=EDGE_LOOP('',(#1052,#1053,#1054,#1055,#1056,#1057,#1058,#1059));
#202=EDGE_LOOP('',(#1060));
#203=EDGE_LOOP('',(#1061,#1062,#1063,#1064));
#204=EDGE_LOOP('',(#1065,#1066,#1067,#1068));
#205=EDGE_LOOP('',(#1069,#1070,#1071,#1072,#1073,#1074,#1075,#1076));
#206=EDGE_LOOP('',(#1077,#1078,#1079,#1080,#1081,#1082,#1083,#1084));
#207=EDGE_LOOP('',(#1085));
#208=EDGE_LOOP('',(#1086,#1087,#1088,#1089));
#209=EDGE_LOOP('',(#1090,#1091,#1092,#1093));
#210=EDGE_LOOP('',(#1094,#1095,#1096,#1097));
#211=EDGE_LOOP('',(#1098,#1099,#1100,#1101,#1102,#1103));
#212=EDGE_LOOP('',(#1104,#1105,#1106,#1107));
#213=EDGE_LOOP('',(#1108,#1109,#1110,#1111));
#214=EDGE_LOOP('',(#1112,#1113,#1114,#1115,#1116,#1117,#1118,#1119,#1120,
#1121,#1122,#1123,#1124));
#215=EDGE_LOOP('',(#1125));
#216=EDGE_LOOP('',(#1126));
#217=EDGE_LOOP('',(#1127));
#218=EDGE_LOOP('',(#1128,#1129,#1130,#1131));
#219=EDGE_LOOP('',(#1132,#1133,#1134,#1135));
#220=EDGE_LOOP('',(#1136,#1137,#1138,#1139));
#221=EDGE_LOOP('',(#1140,#1141,#1142,#1143));
#222=EDGE_LOOP('',(#1144,#1145,#1146,#1147));
#223=EDGE_LOOP('',(#1148,#1149,#1150,#1151,#1152));
#224=EDGE_LOOP('',(#1153,#1154,#1155,#1156,#1157));
#225=EDGE_LOOP('',(#1158,#1159,#1160,#1161,#1162,#1163));
#226=EDGE_LOOP('',(#1164,#1165,#1166,#1167));
#227=EDGE_LOOP('',(#1168,#1169,#1170,#1171));
#228=EDGE_LOOP('',(#1172,#1173,#1174,#1175,#1176,#1177));
#229=EDGE_LOOP('',(#1178,#1179,#1180,#1181));
#230=EDGE_LOOP('',(#1182,#1183,#1184,#1185));
#231=EDGE_LOOP('',(#1186,#1187,#1188,#1189));
#232=EDGE_LOOP('',(#1190,#1191,#1192,#1193));
#233=EDGE_LOOP('',(#1194,#1195,#1196,#1197,#1198,#1199,#1200,#1201,#1202,
#1203,#1204,#1205,#1206,#1207,#1208,#1209));
#234=EDGE_LOOP('',(#1210));
#235=EDGE_LOOP('',(#1211));
#236=EDGE_LOOP('',(#1212,#1213,#1214,#1215,#1216,#1217,#1218,#1219,#1220,
#1221));
#237=EDGE_LOOP('',(#1222,#1223,#1224,#1225));
#238=EDGE_LOOP('',(#1226,#1227,#1228,#1229));
#239=EDGE_LOOP('',(#1230,#1231,#1232,#1233));
#240=EDGE_LOOP('',(#1234,#1235,#1236,#1237,#1238,#1239,#1240,#1241));
#241=EDGE_LOOP('',(#1242,#1243,#1244,#1245,#1246,#1247,#1248,#1249,#1250,
#1251,#1252,#1253,#1254,#1255));
#242=EDGE_LOOP('',(#1256,#1257,#1258,#1259,#1260,#1261,#1262,#1263));
#243=EDGE_LOOP('',(#1264));
#244=EDGE_LOOP('',(#1265,#1266,#1267,#1268));
#245=EDGE_LOOP('',(#1269,#1270,#1271,#1272));
#246=EDGE_LOOP('',(#1273,#1274,#1275,#1276,#1277,#1278,#1279,#1280));
#247=EDGE_LOOP('',(#1281,#1282,#1283,#1284,#1285,#1286,#1287,#1288));
#248=EDGE_LOOP('',(#1289));
#249=EDGE_LOOP('',(#1290,#1291,#1292,#1293));
#250=EDGE_LOOP('',(#1294,#1295,#1296,#1297));
#251=EDGE_LOOP('',(#1298,#1299,#1300,#1301));
#252=EDGE_LOOP('',(#1302,#1303,#1304,#1305,#1306,#1307));
#253=EDGE_LOOP('',(#1308,#1309,#1310,#1311));
#254=EDGE_LOOP('',(#1312,#1313,#1314,#1315));
#255=EDGE_LOOP('',(#1316,#1317,#1318,#1319));
#256=EDGE_LOOP('',(#1320,#1321,#1322,#1323,#1324,#1325,#1326,#1327,#1328,
#1329,#1330,#1331,#1332));
#257=EDGE_LOOP('',(#1333));
#258=EDGE_LOOP('',(#1334));
#259=EDGE_LOOP('',(#1335));
#260=EDGE_LOOP('',(#1336,#1337,#1338,#1339));
#261=EDGE_LOOP('',(#1340,#1341,#1342,#1343));
#262=EDGE_LOOP('',(#1344,#1345,#1346,#1347));
#263=EDGE_LOOP('',(#1348,#1349,#1350,#1351));
#264=EDGE_LOOP('',(#1352,#1353,#1354,#1355));
#265=EDGE_LOOP('',(#1356,#1357,#1358,#1359));
#266=EDGE_LOOP('',(#1360,#1361,#1362,#1363));
#267=EDGE_LOOP('',(#1364,#1365,#1366,#1367,#1368,#1369,#1370));
#268=EDGE_LOOP('',(#1371,#1372,#1373,#1374,#1375,#1376));
#269=EDGE_LOOP('',(#1377,#1378,#1379,#1380));
#270=EDGE_LOOP('',(#1381,#1382,#1383,#1384));
#271=EDGE_LOOP('',(#1385,#1386,#1387,#1388,#1389,#1390,#1391,#1392,#1393,
#1394,#1395,#1396,#1397,#1398,#1399,#1400,#1401,#1402));
#272=EDGE_LOOP('',(#1403,#1404,#1405,#1406,#1407,#1408));
#273=EDGE_LOOP('',(#1409,#1410,#1411,#1412));
#274=EDGE_LOOP('',(#1413,#1414,#1415,#1416));
#275=CIRCLE('',#1537,1.);
#276=CIRCLE('',#1540,1.);
#277=CIRCLE('',#1545,4.);
#278=CIRCLE('',#1551,7.5);
#279=CIRCLE('',#1553,7.5);
#280=CIRCLE('',#1556,4.);
#281=CIRCLE('',#1558,5.5);
#282=CIRCLE('',#1559,2.);
#283=CIRCLE('',#1560,2.);
#284=CIRCLE('',#1561,1.5);
#285=CIRCLE('',#1564,5.5);
#286=CIRCLE('',#1567,2.);
#287=CIRCLE('',#1568,2.);
#288=CIRCLE('',#1569,1.5);
#289=CIRCLE('',#1571,2.);
#290=CIRCLE('',#1574,2.);
#291=CIRCLE('',#1577,1.);
#292=CIRCLE('',#1578,1.);
#293=CIRCLE('',#1581,1.);
#294=CIRCLE('',#1582,2.);
#295=CIRCLE('',#1583,2.);
#296=CIRCLE('',#1584,1.5);
#297=CIRCLE('',#1585,1.35);
#298=CIRCLE('',#1587,1.35);
#299=CIRCLE('',#1594,1.5);
#300=CIRCLE('',#1606,2.);
#301=CIRCLE('',#1607,2.);
#302=CIRCLE('',#1608,1.5);
#303=CIRCLE('',#1610,1.);
#304=CIRCLE('',#1613,7.5);
#305=CIRCLE('',#1615,7.5);
#306=CIRCLE('',#1618,4.);
#307=CIRCLE('',#1620,2.);
#308=CIRCLE('',#1621,2.);
#309=CIRCLE('',#1622,5.5);
#310=CIRCLE('',#1623,1.5);
#311=CIRCLE('',#1626,5.5);
#312=CIRCLE('',#1629,2.);
#313=CIRCLE('',#1630,2.);
#314=CIRCLE('',#1631,1.5);
#315=CIRCLE('',#1637,1.);
#316=CIRCLE('',#1641,2.);
#317=CIRCLE('',#1642,2.);
#318=CIRCLE('',#1643,1.);
#319=CIRCLE('',#1644,4.);
#320=CIRCLE('',#1645,1.5);
#321=CIRCLE('',#1646,1.35);
#322=CIRCLE('',#1648,1.35);
#323=LINE('',#2085,#462);
#324=LINE('',#2089,#463);
#325=LINE('',#2098,#464);
#326=LINE('',#2100,#465);
#327=LINE('',#2101,#466);
#328=LINE('',#2104,#467);
#329=LINE('',#2106,#468);
#330=LINE('',#2108,#469);
#331=LINE('',#2112,#470);
#332=LINE('',#2114,#471);
#333=LINE('',#2115,#472);
#334=LINE('',#2120,#473);
#335=LINE('',#2122,#474);
#336=LINE('',#2123,#475);
#337=LINE('',#2126,#476);
#338=LINE('',#2129,#477);
#339=LINE('',#2165,#478);
#340=LINE('',#2166,#479);
#341=LINE('',#2174,#480);
#342=LINE('',#2179,#481);
#343=LINE('',#2192,#482);
#344=LINE('',#2196,#483);
#345=LINE('',#2198,#484);
#346=LINE('',#2200,#485);
#347=LINE('',#2202,#486);
#348=LINE('',#2203,#487);
#349=LINE('',#2208,#488);
#350=LINE('',#2210,#489);
#351=LINE('',#2212,#490);
#352=LINE('',#2214,#491);
#353=LINE('',#2219,#492);
#354=LINE('',#2221,#493);
#355=LINE('',#2223,#494);
#356=LINE('',#2225,#495);
#357=LINE('',#2226,#496);
#358=LINE('',#2229,#497);
#359=LINE('',#2232,#498);
#360=LINE('',#2236,#499);
#361=LINE('',#2247,#500);
#362=LINE('',#2249,#501);
#363=LINE('',#2254,#502);
#364=LINE('',#2257,#503);
#365=LINE('',#2262,#504);
#366=LINE('',#2266,#505);
#367=LINE('',#2267,#506);
#368=LINE('',#2270,#507);
#369=LINE('',#2274,#508);
#370=LINE('',#2275,#509);
#371=LINE('',#2281,#510);
#372=LINE('',#2284,#511);
#373=LINE('',#2287,#512);
#374=LINE('',#2289,#513);
#375=LINE('',#2290,#514);
#376=LINE('',#2293,#515);
#377=LINE('',#2294,#516);
#378=LINE('',#2298,#517);
#379=LINE('',#2299,#518);
#380=LINE('',#2303,#519);
#381=LINE('',#2307,#520);
#382=LINE('',#2308,#521);
#383=LINE('',#2319,#522);
#384=LINE('',#2321,#523);
#385=LINE('',#2323,#524);
#386=LINE('',#2324,#525);
#387=LINE('',#2329,#526);
#388=LINE('',#2331,#527);
#389=LINE('',#2333,#528);
#390=LINE('',#2336,#529);
#391=LINE('',#2337,#530);
#392=LINE('',#2339,#531);
#393=LINE('',#2341,#532);
#394=LINE('',#2343,#533);
#395=LINE('',#2380,#534);
#396=LINE('',#2381,#535);
#397=LINE('',#2384,#536);
#398=LINE('',#2386,#537);
#399=LINE('',#2388,#538);
#400=LINE('',#2390,#539);
#401=LINE('',#2394,#540);
#402=LINE('',#2398,#541);
#403=LINE('',#2399,#542);
#404=LINE('',#2404,#543);
#405=LINE('',#2408,#544);
#406=LINE('',#2410,#545);
#407=LINE('',#2411,#546);
#408=LINE('',#2419,#547);
#409=LINE('',#2424,#548);
#410=LINE('',#2438,#549);
#411=LINE('',#2441,#550);
#412=LINE('',#2443,#551);
#413=LINE('',#2445,#552);
#414=LINE('',#2447,#553);
#415=LINE('',#2448,#554);
#416=LINE('',#2455,#555);
#417=LINE('',#2457,#556);
#418=LINE('',#2458,#557);
#419=LINE('',#2462,#558);
#420=LINE('',#2464,#559);
#421=LINE('',#2466,#560);
#422=LINE('',#2468,#561);
#423=LINE('',#2470,#562);
#424=LINE('',#2471,#563);
#425=LINE('',#2474,#564);
#426=LINE('',#2478,#565);
#427=LINE('',#2481,#566);
#428=LINE('',#2492,#567);
#429=LINE('',#2494,#568);
#430=LINE('',#2497,#569);
#431=LINE('',#2501,#570);
#432=LINE('',#2506,#571);
#433=LINE('',#2508,#572);
#434=LINE('',#2510,#573);
#435=LINE('',#2512,#574);
#436=LINE('',#2515,#575);
#437=LINE('',#2518,#576);
#438=LINE('',#2520,#577);
#439=LINE('',#2523,#578);
#440=LINE('',#2524,#579);
#441=LINE('',#2527,#580);
#442=LINE('',#2529,#581);
#443=LINE('',#2533,#582);
#444=LINE('',#2536,#583);
#445=LINE('',#2538,#584);
#446=LINE('',#2543,#585);
#447=LINE('',#2554,#586);
#448=LINE('',#2556,#587);
#449=LINE('',#2558,#588);
#450=LINE('',#2559,#589);
#451=LINE('',#2562,#590);
#452=LINE('',#2565,#591);
#453=LINE('',#2568,#592);
#454=LINE('',#2571,#593);
#455=LINE('',#2572,#594);
#456=LINE('',#2575,#595);
#457=LINE('',#2577,#596);
#458=LINE('',#2579,#597);
#459=LINE('',#2581,#598);
#460=LINE('',#2583,#599);
#461=LINE('',#2585,#600);
#462=VECTOR('',#1671,10.);
#463=VECTOR('',#1674,10.);
#464=VECTOR('',#1677,10.);
#465=VECTOR('',#1678,10.);
#466=VECTOR('',#1679,10.);
#467=VECTOR('',#1682,10.);
#468=VECTOR('',#1683,10.);
#469=VECTOR('',#1684,10.);
#470=VECTOR('',#1689,10.);
#471=VECTOR('',#1690,10.);
#472=VECTOR('',#1691,10.);
#473=VECTOR('',#1696,10.);
#474=VECTOR('',#1697,10.);
#475=VECTOR('',#1698,10.);
#476=VECTOR('',#1701,10.);
#477=VECTOR('',#1704,10.);
#478=VECTOR('',#1711,10.);
#479=VECTOR('',#1712,10.);
#480=VECTOR('',#1715,10.);
#481=VECTOR('',#1716,10.);
#482=VECTOR('',#1723,10.);
#483=VECTOR('',#1728,10.);
#484=VECTOR('',#1729,10.);
#485=VECTOR('',#1730,10.);
#486=VECTOR('',#1731,10.);
#487=VECTOR('',#1732,10.);
#488=VECTOR('',#1737,10.);
#489=VECTOR('',#1738,10.);
#490=VECTOR('',#1739,10.);
#491=VECTOR('',#1740,10.);
#492=VECTOR('',#1741,10.);
#493=VECTOR('',#1742,10.);
#494=VECTOR('',#1743,10.);
#495=VECTOR('',#1744,10.);
#496=VECTOR('',#1745,10.);
#497=VECTOR('',#1748,10.);
#498=VECTOR('',#1751,10.);
#499=VECTOR('',#1754,10.);
#500=VECTOR('',#1765,10.);
#501=VECTOR('',#1768,10.);
#502=VECTOR('',#1773,10.);
#503=VECTOR('',#1776,10.);
#504=VECTOR('',#1781,10.);
#505=VECTOR('',#1786,10.);
#506=VECTOR('',#1787,10.);
#507=VECTOR('',#1790,10.);
#508=VECTOR('',#1795,10.);
#509=VECTOR('',#1796,10.);
#510=VECTOR('',#1801,10.);
#511=VECTOR('',#1804,10.);
#512=VECTOR('',#1807,10.);
#513=VECTOR('',#1808,10.);
#514=VECTOR('',#1809,10.);
#515=VECTOR('',#1812,10.);
#516=VECTOR('',#1813,10.);
#517=VECTOR('',#1816,10.);
#518=VECTOR('',#1817,10.);
#519=VECTOR('',#1820,10.);
#520=VECTOR('',#1823,10.);
#521=VECTOR('',#1824,10.);
#522=VECTOR('',#1837,10.);
#523=VECTOR('',#1840,10.);
#524=VECTOR('',#1843,10.);
#525=VECTOR('',#1844,10.);
#526=VECTOR('',#1851,1.5);
#527=VECTOR('',#1854,10.);
#528=VECTOR('',#1857,10.);
#529=VECTOR('',#1860,10.);
#530=VECTOR('',#1861,10.);
#531=VECTOR('',#1864,1.35);
#532=VECTOR('',#1867,1.5);
#533=VECTOR('',#1870,10.);
#534=VECTOR('',#1879,10.);
#535=VECTOR('',#1880,10.);
#536=VECTOR('',#1883,10.);
#537=VECTOR('',#1884,10.);
#538=VECTOR('',#1885,10.);
#539=VECTOR('',#1886,10.);
#540=VECTOR('',#1889,10.);
#541=VECTOR('',#1892,10.);
#542=VECTOR('',#1893,10.);
#543=VECTOR('',#1898,10.);
#544=VECTOR('',#1901,10.);
#545=VECTOR('',#1902,10.);
#546=VECTOR('',#1903,10.);
#547=VECTOR('',#1906,10.);
#548=VECTOR('',#1907,10.);
#549=VECTOR('',#1916,10.);
#550=VECTOR('',#1919,10.);
#551=VECTOR('',#1920,10.);
#552=VECTOR('',#1921,10.);
#553=VECTOR('',#1922,10.);
#554=VECTOR('',#1923,10.);
#555=VECTOR('',#1926,10.);
#556=VECTOR('',#1927,10.);
#557=VECTOR('',#1928,10.);
#558=VECTOR('',#1931,10.);
#559=VECTOR('',#1932,10.);
#560=VECTOR('',#1933,10.);
#561=VECTOR('',#1934,10.);
#562=VECTOR('',#1935,10.);
#563=VECTOR('',#1936,10.);
#564=VECTOR('',#1939,10.);
#565=VECTOR('',#1942,10.);
#566=VECTOR('',#1945,10.);
#567=VECTOR('',#1956,10.);
#568=VECTOR('',#1959,10.);
#569=VECTOR('',#1962,10.);
#570=VECTOR('',#1965,10.);
#571=VECTOR('',#1972,10.);
#572=VECTOR('',#1975,10.);
#573=VECTOR('',#1978,10.);
#574=VECTOR('',#1981,10.);
#575=VECTOR('',#1984,10.);
#576=VECTOR('',#1987,10.);
#577=VECTOR('',#1990,10.);
#578=VECTOR('',#1993,10.);
#579=VECTOR('',#1994,10.);
#580=VECTOR('',#1997,10.);
#581=VECTOR('',#1998,10.);
#582=VECTOR('',#2001,10.);
#583=VECTOR('',#2004,10.);
#584=VECTOR('',#2005,10.);
#585=VECTOR('',#2010,10.);
#586=VECTOR('',#2023,10.);
#587=VECTOR('',#2026,10.);
#588=VECTOR('',#2029,10.);
#589=VECTOR('',#2030,10.);
#590=VECTOR('',#2035,1.5);
#591=VECTOR('',#2038,10.);
#592=VECTOR('',#2041,10.);
#593=VECTOR('',#2044,10.);
#594=VECTOR('',#2045,10.);
#595=VECTOR('',#2048,10.);
#596=VECTOR('',#2051,10.);
#597=VECTOR('',#2054,10.);
#598=VECTOR('',#2057,1.35);
#599=VECTOR('',#2060,1.5);
#600=VECTOR('',#2063,10.);
#601=B_SPLINE_CURVE_WITH_KNOTS('',3,(#2074,#2075,#2076,#2077,#2078,#2079,
#2080,#2081,#2082,#2083),.UNSPECIFIED.,.F.,.F.,(4,2,2,2,4),(0.161567429835179,
0.200649169822247,0.267532226429663,0.300164571291915,0.332796916154167),
 .UNSPECIFIED.);
#602=B_SPLINE_CURVE_WITH_KNOTS('',3,(#2090,#2091,#2092,#2093,#2094,#2095),
 .UNSPECIFIED.,.F.,.F.,(4,2,4),(0.900063552931515,0.921575046006478,0.951431402810681),
 .UNSPECIFIED.);
#603=VERTEX_POINT('',#2072);
#604=VERTEX_POINT('',#2073);
#605=VERTEX_POINT('',#2084);
#606=VERTEX_POINT('',#2086);
#607=VERTEX_POINT('',#2088);
#608=VERTEX_POINT('',#2097);
#609=VERTEX_POINT('',#2099);
#610=VERTEX_POINT('',#2103);
#611=VERTEX_POINT('',#2105);
#612=VERTEX_POINT('',#2107);
#613=VERTEX_POINT('',#2111);
#614=VERTEX_POINT('',#2113);
#615=VERTEX_POINT('',#2117);
#616=VERTEX_POINT('',#2119);
#617=VERTEX_POINT('',#2121);
#618=VERTEX_POINT('',#2125);
#619=VERTEX_POINT('',#2127);
#620=VERTEX_POINT('',#2131);
#621=VERTEX_POINT('',#2132);
#622=VERTEX_POINT('',#2136);
#623=VERTEX_POINT('',#2140);
#624=VERTEX_POINT('',#2148);
#625=VERTEX_POINT('',#2149);
#626=VERTEX_POINT('',#2153);
#627=VERTEX_POINT('',#2157);
#628=VERTEX_POINT('',#2168);
#629=VERTEX_POINT('',#2169);
#630=VERTEX_POINT('',#2173);
#631=VERTEX_POINT('',#2175);
#632=VERTEX_POINT('',#2181);
#633=VERTEX_POINT('',#2185);
#634=VERTEX_POINT('',#2191);
#635=VERTEX_POINT('',#2195);
#636=VERTEX_POINT('',#2197);
#637=VERTEX_POINT('',#2199);
#638=VERTEX_POINT('',#2201);
#639=VERTEX_POINT('',#2205);
#640=VERTEX_POINT('',#2207);
#641=VERTEX_POINT('',#2209);
#642=VERTEX_POINT('',#2211);
#643=VERTEX_POINT('',#2213);
#644=VERTEX_POINT('',#2218);
#645=VERTEX_POINT('',#2220);
#646=VERTEX_POINT('',#2222);
#647=VERTEX_POINT('',#2224);
#648=VERTEX_POINT('',#2228);
#649=VERTEX_POINT('',#2231);
#650=VERTEX_POINT('',#2233);
#651=VERTEX_POINT('',#2235);
#652=VERTEX_POINT('',#2238);
#653=VERTEX_POINT('',#2245);
#654=VERTEX_POINT('',#2251);
#655=VERTEX_POINT('',#2253);
#656=VERTEX_POINT('',#2255);
#657=VERTEX_POINT('',#2258);
#658=VERTEX_POINT('',#2261);
#659=VERTEX_POINT('',#2265);
#660=VERTEX_POINT('',#2269);
#661=VERTEX_POINT('',#2273);
#662=VERTEX_POINT('',#2277);
#663=VERTEX_POINT('',#2278);
#664=VERTEX_POINT('',#2280);
#665=VERTEX_POINT('',#2282);
#666=VERTEX_POINT('',#2286);
#667=VERTEX_POINT('',#2288);
#668=VERTEX_POINT('',#2292);
#669=VERTEX_POINT('',#2295);
#670=VERTEX_POINT('',#2297);
#671=VERTEX_POINT('',#2300);
#672=VERTEX_POINT('',#2302);
#673=VERTEX_POINT('',#2304);
#674=VERTEX_POINT('',#2306);
#675=VERTEX_POINT('',#2309);
#676=VERTEX_POINT('',#2311);
#677=VERTEX_POINT('',#2314);
#678=VERTEX_POINT('',#2317);
#679=VERTEX_POINT('',#2327);
#680=VERTEX_POINT('',#2335);
#681=VERTEX_POINT('',#2346);
#682=VERTEX_POINT('',#2347);
#683=VERTEX_POINT('',#2351);
#684=VERTEX_POINT('',#2355);
#685=VERTEX_POINT('',#2363);
#686=VERTEX_POINT('',#2364);
#687=VERTEX_POINT('',#2368);
#688=VERTEX_POINT('',#2372);
#689=VERTEX_POINT('',#2383);
#690=VERTEX_POINT('',#2385);
#691=VERTEX_POINT('',#2387);
#692=VERTEX_POINT('',#2389);
#693=VERTEX_POINT('',#2391);
#694=VERTEX_POINT('',#2393);
#695=VERTEX_POINT('',#2395);
#696=VERTEX_POINT('',#2397);
#697=VERTEX_POINT('',#2400);
#698=VERTEX_POINT('',#2403);
#699=VERTEX_POINT('',#2405);
#700=VERTEX_POINT('',#2407);
#701=VERTEX_POINT('',#2409);
#702=VERTEX_POINT('',#2413);
#703=VERTEX_POINT('',#2414);
#704=VERTEX_POINT('',#2418);
#705=VERTEX_POINT('',#2420);
#706=VERTEX_POINT('',#2426);
#707=VERTEX_POINT('',#2428);
#708=VERTEX_POINT('',#2436);
#709=VERTEX_POINT('',#2440);
#710=VERTEX_POINT('',#2442);
#711=VERTEX_POINT('',#2444);
#712=VERTEX_POINT('',#2446);
#713=VERTEX_POINT('',#2450);
#714=VERTEX_POINT('',#2454);
#715=VERTEX_POINT('',#2456);
#716=VERTEX_POINT('',#2459);
#717=VERTEX_POINT('',#2461);
#718=VERTEX_POINT('',#2463);
#719=VERTEX_POINT('',#2465);
#720=VERTEX_POINT('',#2467);
#721=VERTEX_POINT('',#2469);
#722=VERTEX_POINT('',#2473);
#723=VERTEX_POINT('',#2475);
#724=VERTEX_POINT('',#2477);
#725=VERTEX_POINT('',#2479);
#726=VERTEX_POINT('',#2483);
#727=VERTEX_POINT('',#2490);
#728=VERTEX_POINT('',#2496);
#729=VERTEX_POINT('',#2498);
#730=VERTEX_POINT('',#2500);
#731=VERTEX_POINT('',#2503);
#732=VERTEX_POINT('',#2514);
#733=VERTEX_POINT('',#2516);
#734=VERTEX_POINT('',#2522);
#735=VERTEX_POINT('',#2526);
#736=VERTEX_POINT('',#2528);
#737=VERTEX_POINT('',#2530);
#738=VERTEX_POINT('',#2532);
#739=VERTEX_POINT('',#2535);
#740=VERTEX_POINT('',#2537);
#741=VERTEX_POINT('',#2539);
#742=VERTEX_POINT('',#2541);
#743=VERTEX_POINT('',#2544);
#744=VERTEX_POINT('',#2546);
#745=VERTEX_POINT('',#2549);
#746=VERTEX_POINT('',#2552);
#747=VERTEX_POINT('',#2564);
#748=VERTEX_POINT('',#2566);
#749=VERTEX_POINT('',#2570);
#750=VERTEX_POINT('',#2574);
#751=EDGE_CURVE('',#603,#604,#601,.F.);
#752=EDGE_CURVE('',#603,#605,#323,.T.);
#753=EDGE_CURVE('',#605,#606,#275,.T.);
#754=EDGE_CURVE('',#606,#607,#324,.T.);
#755=EDGE_CURVE('',#607,#604,#602,.T.);
#756=EDGE_CURVE('',#608,#603,#325,.T.);
#757=EDGE_CURVE('',#609,#608,#326,.T.);
#758=EDGE_CURVE('',#605,#609,#327,.T.);
#759=EDGE_CURVE('',#610,#606,#328,.T.);
#760=EDGE_CURVE('',#611,#610,#329,.T.);
#761=EDGE_CURVE('',#612,#611,#330,.T.);
#762=EDGE_CURVE('',#607,#612,#276,.T.);
#763=EDGE_CURVE('',#610,#613,#331,.T.);
#764=EDGE_CURVE('',#613,#614,#332,.T.);
#765=EDGE_CURVE('',#614,#611,#333,.T.);
#766=EDGE_CURVE('',#608,#615,#61,.T.);
#767=EDGE_CURVE('',#615,#616,#334,.T.);
#768=EDGE_CURVE('',#616,#617,#335,.T.);
#769=EDGE_CURVE('',#617,#609,#336,.T.);
#770=EDGE_CURVE('',#604,#618,#337,.T.);
#771=EDGE_CURVE('',#619,#618,#277,.T.);
#772=EDGE_CURVE('',#619,#615,#338,.T.);
#773=EDGE_CURVE('',#620,#621,#25,.F.);
#774=EDGE_CURVE('',#622,#620,#26,.F.);
#775=EDGE_CURVE('',#623,#622,#27,.T.);
#776=EDGE_CURVE('',#623,#621,#28,.T.);
#777=EDGE_CURVE('',#624,#625,#29,.T.);
#778=EDGE_CURVE('',#626,#625,#30,.F.);
#779=EDGE_CURVE('',#627,#626,#31,.T.);
#780=EDGE_CURVE('',#624,#627,#32,.F.);
#781=EDGE_CURVE('',#620,#624,#339,.T.);
#782=EDGE_CURVE('',#627,#622,#340,.T.);
#783=EDGE_CURVE('',#628,#629,#33,.T.);
#784=EDGE_CURVE('',#629,#630,#341,.T.);
#785=EDGE_CURVE('',#630,#631,#34,.T.);
#786=EDGE_CURVE('',#631,#628,#342,.T.);
#787=EDGE_CURVE('',#632,#628,#35,.T.);
#788=EDGE_CURVE('',#633,#632,#36,.F.);
#789=EDGE_CURVE('',#629,#633,#278,.T.);
#790=EDGE_CURVE('',#633,#634,#343,.T.);
#791=EDGE_CURVE('',#634,#630,#279,.T.);
#792=EDGE_CURVE('',#635,#626,#344,.T.);
#793=EDGE_CURVE('',#635,#636,#345,.T.);
#794=EDGE_CURVE('',#637,#636,#346,.T.);
#795=EDGE_CURVE('',#637,#638,#347,.T.);
#796=EDGE_CURVE('',#623,#638,#348,.T.);
#797=EDGE_CURVE('',#617,#639,#280,.T.);
#798=EDGE_CURVE('',#639,#640,#349,.T.);
#799=EDGE_CURVE('',#640,#641,#350,.T.);
#800=EDGE_CURVE('',#641,#642,#351,.T.);
#801=EDGE_CURVE('',#643,#642,#352,.T.);
#802=EDGE_CURVE('',#643,#634,#37,.F.);
#803=EDGE_CURVE('',#644,#632,#353,.T.);
#804=EDGE_CURVE('',#644,#645,#354,.T.);
#805=EDGE_CURVE('',#645,#646,#355,.T.);
#806=EDGE_CURVE('',#646,#647,#356,.T.);
#807=EDGE_CURVE('',#647,#613,#357,.T.);
#808=EDGE_CURVE('',#648,#644,#358,.T.);
#809=EDGE_CURVE('',#648,#636,#281,.T.);
#810=EDGE_CURVE('',#649,#635,#359,.T.);
#811=EDGE_CURVE('',#650,#649,#282,.T.);
#812=EDGE_CURVE('',#651,#650,#360,.T.);
#813=EDGE_CURVE('',#645,#651,#283,.T.);
#814=EDGE_CURVE('',#652,#652,#284,.T.);
#815=EDGE_CURVE('',#631,#643,#38,.T.);
#816=EDGE_CURVE('',#637,#653,#285,.T.);
#817=EDGE_CURVE('',#648,#653,#361,.T.);
#818=EDGE_CURVE('',#642,#653,#362,.T.);
#819=EDGE_CURVE('',#654,#641,#286,.T.);
#820=EDGE_CURVE('',#655,#654,#363,.T.);
#821=EDGE_CURVE('',#656,#655,#287,.T.);
#822=EDGE_CURVE('',#638,#656,#364,.T.);
#823=EDGE_CURVE('',#657,#657,#288,.T.);
#824=EDGE_CURVE('',#654,#658,#365,.T.);
#825=EDGE_CURVE('',#658,#640,#289,.T.);
#826=EDGE_CURVE('',#659,#655,#366,.T.);
#827=EDGE_CURVE('',#658,#659,#367,.T.);
#828=EDGE_CURVE('',#656,#660,#368,.T.);
#829=EDGE_CURVE('',#660,#659,#290,.T.);
#830=EDGE_CURVE('',#660,#661,#369,.T.);
#831=EDGE_CURVE('',#621,#661,#370,.T.);
#832=EDGE_CURVE('',#662,#663,#291,.T.);
#833=EDGE_CURVE('',#664,#662,#371,.T.);
#834=EDGE_CURVE('',#665,#664,#292,.T.);
#835=EDGE_CURVE('',#663,#665,#372,.T.);
#836=EDGE_CURVE('',#662,#666,#373,.T.);
#837=EDGE_CURVE('',#666,#667,#374,.T.);
#838=EDGE_CURVE('',#667,#664,#375,.T.);
#839=EDGE_CURVE('',#666,#668,#376,.T.);
#840=EDGE_CURVE('',#668,#619,#377,.T.);
#841=EDGE_CURVE('',#618,#669,#293,.T.);
#842=EDGE_CURVE('',#670,#669,#378,.T.);
#843=EDGE_CURVE('',#647,#670,#379,.T.);
#844=EDGE_CURVE('',#646,#671,#294,.T.);
#845=EDGE_CURVE('',#671,#672,#380,.T.);
#846=EDGE_CURVE('',#672,#673,#295,.T.);
#847=EDGE_CURVE('',#673,#674,#381,.T.);
#848=EDGE_CURVE('',#674,#667,#382,.T.);
#849=EDGE_CURVE('',#675,#675,#296,.T.);
#850=EDGE_CURVE('',#676,#676,#297,.T.);
#851=EDGE_CURVE('',#677,#677,#298,.T.);
#852=EDGE_CURVE('',#678,#616,#62,.T.);
#853=EDGE_CURVE('',#639,#678,#383,.T.);
#854=EDGE_CURVE('',#671,#651,#384,.T.);
#855=EDGE_CURVE('',#650,#672,#385,.T.);
#856=EDGE_CURVE('',#673,#649,#386,.T.);
#857=EDGE_CURVE('',#679,#679,#299,.T.);
#858=EDGE_CURVE('',#679,#657,#387,.T.);
#859=EDGE_CURVE('',#669,#612,#388,.T.);
#860=EDGE_CURVE('',#670,#614,#389,.T.);
#861=EDGE_CURVE('',#668,#680,#390,.T.);
#862=EDGE_CURVE('',#680,#678,#391,.T.);
#863=EDGE_CURVE('',#677,#676,#392,.T.);
#864=EDGE_CURVE('',#652,#675,#393,.T.);
#865=EDGE_CURVE('',#674,#625,#394,.T.);
#866=EDGE_CURVE('',#681,#682,#39,.F.);
#867=EDGE_CURVE('',#683,#682,#40,.T.);
#868=EDGE_CURVE('',#683,#684,#41,.T.);
#869=EDGE_CURVE('',#684,#681,#42,.F.);
#870=EDGE_CURVE('',#685,#686,#43,.T.);
#871=EDGE_CURVE('',#685,#687,#44,.F.);
#872=EDGE_CURVE('',#687,#688,#45,.T.);
#873=EDGE_CURVE('',#688,#686,#46,.F.);
#874=EDGE_CURVE('',#687,#684,#395,.T.);
#875=EDGE_CURVE('',#681,#685,#396,.T.);
#876=EDGE_CURVE('',#680,#689,#397,.T.);
#877=EDGE_CURVE('',#689,#690,#398,.T.);
#878=EDGE_CURVE('',#691,#690,#399,.T.);
#879=EDGE_CURVE('',#691,#692,#400,.T.);
#880=EDGE_CURVE('',#693,#692,#300,.T.);
#881=EDGE_CURVE('',#693,#694,#401,.T.);
#882=EDGE_CURVE('',#695,#694,#301,.T.);
#883=EDGE_CURVE('',#695,#696,#402,.T.);
#884=EDGE_CURVE('',#661,#696,#403,.T.);
#885=EDGE_CURVE('',#697,#697,#302,.T.);
#886=EDGE_CURVE('',#663,#698,#404,.T.);
#887=EDGE_CURVE('',#699,#698,#303,.T.);
#888=EDGE_CURVE('',#699,#700,#405,.T.);
#889=EDGE_CURVE('',#700,#701,#406,.T.);
#890=EDGE_CURVE('',#701,#689,#407,.T.);
#891=EDGE_CURVE('',#702,#703,#47,.T.);
#892=EDGE_CURVE('',#704,#702,#408,.T.);
#893=EDGE_CURVE('',#705,#704,#48,.T.);
#894=EDGE_CURVE('',#703,#705,#409,.T.);
#895=EDGE_CURVE('',#703,#706,#304,.T.);
#896=EDGE_CURVE('',#706,#707,#49,.F.);
#897=EDGE_CURVE('',#707,#702,#50,.T.);
#898=EDGE_CURVE('',#708,#705,#305,.T.);
#899=EDGE_CURVE('',#706,#708,#410,.T.);
#900=EDGE_CURVE('',#683,#709,#411,.T.);
#901=EDGE_CURVE('',#710,#709,#412,.T.);
#902=EDGE_CURVE('',#710,#711,#413,.T.);
#903=EDGE_CURVE('',#712,#711,#414,.T.);
#904=EDGE_CURVE('',#712,#688,#415,.T.);
#905=EDGE_CURVE('',#713,#708,#51,.F.);
#906=EDGE_CURVE('',#713,#714,#416,.T.);
#907=EDGE_CURVE('',#715,#714,#417,.T.);
#908=EDGE_CURVE('',#692,#715,#418,.T.);
#909=EDGE_CURVE('',#716,#691,#306,.T.);
#910=EDGE_CURVE('',#716,#717,#419,.T.);
#911=EDGE_CURVE('',#718,#717,#420,.T.);
#912=EDGE_CURVE('',#719,#718,#421,.T.);
#913=EDGE_CURVE('',#720,#719,#422,.T.);
#914=EDGE_CURVE('',#721,#720,#423,.T.);
#915=EDGE_CURVE('',#721,#707,#424,.T.);
#916=EDGE_CURVE('',#722,#721,#425,.T.);
#917=EDGE_CURVE('',#720,#723,#307,.T.);
#918=EDGE_CURVE('',#723,#724,#426,.T.);
#919=EDGE_CURVE('',#724,#725,#308,.T.);
#920=EDGE_CURVE('',#725,#712,#427,.T.);
#921=EDGE_CURVE('',#722,#711,#309,.T.);
#922=EDGE_CURVE('',#726,#726,#310,.T.);
#923=EDGE_CURVE('',#704,#713,#52,.T.);
#924=EDGE_CURVE('',#710,#727,#311,.T.);
#925=EDGE_CURVE('',#722,#727,#428,.T.);
#926=EDGE_CURVE('',#714,#727,#429,.T.);
#927=EDGE_CURVE('',#709,#728,#430,.T.);
#928=EDGE_CURVE('',#728,#729,#312,.T.);
#929=EDGE_CURVE('',#729,#730,#431,.T.);
#930=EDGE_CURVE('',#730,#715,#313,.T.);
#931=EDGE_CURVE('',#731,#731,#314,.T.);
#932=EDGE_CURVE('',#730,#693,#432,.T.);
#933=EDGE_CURVE('',#694,#729,#433,.T.);
#934=EDGE_CURVE('',#728,#695,#434,.T.);
#935=EDGE_CURVE('',#682,#696,#435,.T.);
#936=EDGE_CURVE('',#698,#732,#436,.T.);
#937=EDGE_CURVE('',#732,#733,#315,.T.);
#938=EDGE_CURVE('',#733,#699,#437,.T.);
#939=EDGE_CURVE('',#732,#665,#438,.T.);
#940=EDGE_CURVE('',#734,#733,#439,.T.);
#941=EDGE_CURVE('',#700,#734,#440,.T.);
#942=EDGE_CURVE('',#735,#734,#441,.T.);
#943=EDGE_CURVE('',#736,#735,#442,.T.);
#944=EDGE_CURVE('',#737,#736,#316,.T.);
#945=EDGE_CURVE('',#738,#737,#443,.T.);
#946=EDGE_CURVE('',#719,#738,#317,.T.);
#947=EDGE_CURVE('',#718,#739,#444,.T.);
#948=EDGE_CURVE('',#739,#740,#445,.T.);
#949=EDGE_CURVE('',#741,#740,#318,.T.);
#950=EDGE_CURVE('',#742,#741,#319,.T.);
#951=EDGE_CURVE('',#701,#742,#446,.T.);
#952=EDGE_CURVE('',#743,#743,#320,.T.);
#953=EDGE_CURVE('',#744,#744,#321,.T.);
#954=EDGE_CURVE('',#745,#745,#322,.T.);
#955=EDGE_CURVE('',#690,#746,#63,.T.);
#956=EDGE_CURVE('',#746,#716,#447,.T.);
#957=EDGE_CURVE('',#738,#723,#448,.T.);
#958=EDGE_CURVE('',#724,#737,#449,.T.);
#959=EDGE_CURVE('',#736,#725,#450,.T.);
#960=EDGE_CURVE('',#697,#731,#451,.T.);
#961=EDGE_CURVE('',#740,#747,#452,.T.);
#962=EDGE_CURVE('',#747,#748,#64,.T.);
#963=EDGE_CURVE('',#748,#741,#453,.T.);
#964=EDGE_CURVE('',#739,#749,#454,.T.);
#965=EDGE_CURVE('',#749,#747,#455,.T.);
#966=EDGE_CURVE('',#750,#746,#456,.T.);
#967=EDGE_CURVE('',#748,#750,#65,.T.);
#968=EDGE_CURVE('',#717,#749,#457,.T.);
#969=EDGE_CURVE('',#742,#750,#458,.T.);
#970=EDGE_CURVE('',#745,#744,#459,.T.);
#971=EDGE_CURVE('',#726,#743,#460,.T.);
#972=EDGE_CURVE('',#735,#686,#461,.T.);
#973=ORIENTED_EDGE('',*,*,#751,.F.);
#974=ORIENTED_EDGE('',*,*,#752,.T.);
#975=ORIENTED_EDGE('',*,*,#753,.T.);
#976=ORIENTED_EDGE('',*,*,#754,.T.);
#977=ORIENTED_EDGE('',*,*,#755,.T.);
#978=ORIENTED_EDGE('',*,*,#752,.F.);
#979=ORIENTED_EDGE('',*,*,#756,.F.);
#980=ORIENTED_EDGE('',*,*,#757,.F.);
#981=ORIENTED_EDGE('',*,*,#758,.F.);
#982=ORIENTED_EDGE('',*,*,#754,.F.);
#983=ORIENTED_EDGE('',*,*,#759,.F.);
#984=ORIENTED_EDGE('',*,*,#760,.F.);
#985=ORIENTED_EDGE('',*,*,#761,.F.);
#986=ORIENTED_EDGE('',*,*,#762,.F.);
#987=ORIENTED_EDGE('',*,*,#760,.T.);
#988=ORIENTED_EDGE('',*,*,#763,.T.);
#989=ORIENTED_EDGE('',*,*,#764,.T.);
#990=ORIENTED_EDGE('',*,*,#765,.T.);
#991=ORIENTED_EDGE('',*,*,#757,.T.);
#992=ORIENTED_EDGE('',*,*,#766,.T.);
#993=ORIENTED_EDGE('',*,*,#767,.T.);
#994=ORIENTED_EDGE('',*,*,#768,.T.);
#995=ORIENTED_EDGE('',*,*,#769,.T.);
#996=ORIENTED_EDGE('',*,*,#756,.T.);
#997=ORIENTED_EDGE('',*,*,#751,.T.);
#998=ORIENTED_EDGE('',*,*,#770,.T.);
#999=ORIENTED_EDGE('',*,*,#771,.F.);
#1000=ORIENTED_EDGE('',*,*,#772,.T.);
#1001=ORIENTED_EDGE('',*,*,#766,.F.);
#1002=ORIENTED_EDGE('',*,*,#773,.F.);
#1003=ORIENTED_EDGE('',*,*,#774,.F.);
#1004=ORIENTED_EDGE('',*,*,#775,.F.);
#1005=ORIENTED_EDGE('',*,*,#776,.T.);
#1006=ORIENTED_EDGE('',*,*,#777,.T.);
#1007=ORIENTED_EDGE('',*,*,#778,.F.);
#1008=ORIENTED_EDGE('',*,*,#779,.F.);
#1009=ORIENTED_EDGE('',*,*,#780,.F.);
#1010=ORIENTED_EDGE('',*,*,#774,.T.);
#1011=ORIENTED_EDGE('',*,*,#781,.T.);
#1012=ORIENTED_EDGE('',*,*,#780,.T.);
#1013=ORIENTED_EDGE('',*,*,#782,.T.);
#1014=ORIENTED_EDGE('',*,*,#783,.T.);
#1015=ORIENTED_EDGE('',*,*,#784,.T.);
#1016=ORIENTED_EDGE('',*,*,#785,.T.);
#1017=ORIENTED_EDGE('',*,*,#786,.T.);
#1018=ORIENTED_EDGE('',*,*,#783,.F.);
#1019=ORIENTED_EDGE('',*,*,#787,.F.);
#1020=ORIENTED_EDGE('',*,*,#788,.F.);
#1021=ORIENTED_EDGE('',*,*,#789,.F.);
#1022=ORIENTED_EDGE('',*,*,#784,.F.);
#1023=ORIENTED_EDGE('',*,*,#789,.T.);
#1024=ORIENTED_EDGE('',*,*,#790,.T.);
#1025=ORIENTED_EDGE('',*,*,#791,.T.);
#1026=ORIENTED_EDGE('',*,*,#782,.F.);
#1027=ORIENTED_EDGE('',*,*,#779,.T.);
#1028=ORIENTED_EDGE('',*,*,#792,.F.);
#1029=ORIENTED_EDGE('',*,*,#793,.T.);
#1030=ORIENTED_EDGE('',*,*,#794,.F.);
#1031=ORIENTED_EDGE('',*,*,#795,.T.);
#1032=ORIENTED_EDGE('',*,*,#796,.F.);
#1033=ORIENTED_EDGE('',*,*,#775,.T.);
#1034=ORIENTED_EDGE('',*,*,#758,.T.);
#1035=ORIENTED_EDGE('',*,*,#769,.F.);
#1036=ORIENTED_EDGE('',*,*,#797,.T.);
#1037=ORIENTED_EDGE('',*,*,#798,.T.);
#1038=ORIENTED_EDGE('',*,*,#799,.T.);
#1039=ORIENTED_EDGE('',*,*,#800,.T.);
#1040=ORIENTED_EDGE('',*,*,#801,.F.);
#1041=ORIENTED_EDGE('',*,*,#802,.T.);
#1042=ORIENTED_EDGE('',*,*,#790,.F.);
#1043=ORIENTED_EDGE('',*,*,#788,.T.);
#1044=ORIENTED_EDGE('',*,*,#803,.F.);
#1045=ORIENTED_EDGE('',*,*,#804,.T.);
#1046=ORIENTED_EDGE('',*,*,#805,.T.);
#1047=ORIENTED_EDGE('',*,*,#806,.T.);
#1048=ORIENTED_EDGE('',*,*,#807,.T.);
#1049=ORIENTED_EDGE('',*,*,#763,.F.);
#1050=ORIENTED_EDGE('',*,*,#759,.T.);
#1051=ORIENTED_EDGE('',*,*,#753,.F.);
#1052=ORIENTED_EDGE('',*,*,#808,.F.);
#1053=ORIENTED_EDGE('',*,*,#809,.T.);
#1054=ORIENTED_EDGE('',*,*,#793,.F.);
#1055=ORIENTED_EDGE('',*,*,#810,.F.);
#1056=ORIENTED_EDGE('',*,*,#811,.F.);
#1057=ORIENTED_EDGE('',*,*,#812,.F.);
#1058=ORIENTED_EDGE('',*,*,#813,.F.);
#1059=ORIENTED_EDGE('',*,*,#804,.F.);
#1060=ORIENTED_EDGE('',*,*,#814,.T.);
#1061=ORIENTED_EDGE('',*,*,#785,.F.);
#1062=ORIENTED_EDGE('',*,*,#791,.F.);
#1063=ORIENTED_EDGE('',*,*,#802,.F.);
#1064=ORIENTED_EDGE('',*,*,#815,.F.);
#1065=ORIENTED_EDGE('',*,*,#816,.F.);
#1066=ORIENTED_EDGE('',*,*,#794,.T.);
#1067=ORIENTED_EDGE('',*,*,#809,.F.);
#1068=ORIENTED_EDGE('',*,*,#817,.T.);
#1069=ORIENTED_EDGE('',*,*,#786,.F.);
#1070=ORIENTED_EDGE('',*,*,#815,.T.);
#1071=ORIENTED_EDGE('',*,*,#801,.T.);
#1072=ORIENTED_EDGE('',*,*,#818,.T.);
#1073=ORIENTED_EDGE('',*,*,#817,.F.);
#1074=ORIENTED_EDGE('',*,*,#808,.T.);
#1075=ORIENTED_EDGE('',*,*,#803,.T.);
#1076=ORIENTED_EDGE('',*,*,#787,.T.);
#1077=ORIENTED_EDGE('',*,*,#818,.F.);
#1078=ORIENTED_EDGE('',*,*,#800,.F.);
#1079=ORIENTED_EDGE('',*,*,#819,.F.);
#1080=ORIENTED_EDGE('',*,*,#820,.F.);
#1081=ORIENTED_EDGE('',*,*,#821,.F.);
#1082=ORIENTED_EDGE('',*,*,#822,.F.);
#1083=ORIENTED_EDGE('',*,*,#795,.F.);
#1084=ORIENTED_EDGE('',*,*,#816,.T.);
#1085=ORIENTED_EDGE('',*,*,#823,.T.);
#1086=ORIENTED_EDGE('',*,*,#824,.F.);
#1087=ORIENTED_EDGE('',*,*,#819,.T.);
#1088=ORIENTED_EDGE('',*,*,#799,.F.);
#1089=ORIENTED_EDGE('',*,*,#825,.F.);
#1090=ORIENTED_EDGE('',*,*,#826,.T.);
#1091=ORIENTED_EDGE('',*,*,#820,.T.);
#1092=ORIENTED_EDGE('',*,*,#824,.T.);
#1093=ORIENTED_EDGE('',*,*,#827,.T.);
#1094=ORIENTED_EDGE('',*,*,#828,.F.);
#1095=ORIENTED_EDGE('',*,*,#821,.T.);
#1096=ORIENTED_EDGE('',*,*,#826,.F.);
#1097=ORIENTED_EDGE('',*,*,#829,.F.);
#1098=ORIENTED_EDGE('',*,*,#776,.F.);
#1099=ORIENTED_EDGE('',*,*,#796,.T.);
#1100=ORIENTED_EDGE('',*,*,#822,.T.);
#1101=ORIENTED_EDGE('',*,*,#828,.T.);
#1102=ORIENTED_EDGE('',*,*,#830,.T.);
#1103=ORIENTED_EDGE('',*,*,#831,.F.);
#1104=ORIENTED_EDGE('',*,*,#832,.F.);
#1105=ORIENTED_EDGE('',*,*,#833,.F.);
#1106=ORIENTED_EDGE('',*,*,#834,.F.);
#1107=ORIENTED_EDGE('',*,*,#835,.F.);
#1108=ORIENTED_EDGE('',*,*,#833,.T.);
#1109=ORIENTED_EDGE('',*,*,#836,.T.);
#1110=ORIENTED_EDGE('',*,*,#837,.T.);
#1111=ORIENTED_EDGE('',*,*,#838,.T.);
#1112=ORIENTED_EDGE('',*,*,#837,.F.);
#1113=ORIENTED_EDGE('',*,*,#839,.T.);
#1114=ORIENTED_EDGE('',*,*,#840,.T.);
#1115=ORIENTED_EDGE('',*,*,#771,.T.);
#1116=ORIENTED_EDGE('',*,*,#841,.T.);
#1117=ORIENTED_EDGE('',*,*,#842,.F.);
#1118=ORIENTED_EDGE('',*,*,#843,.F.);
#1119=ORIENTED_EDGE('',*,*,#806,.F.);
#1120=ORIENTED_EDGE('',*,*,#844,.T.);
#1121=ORIENTED_EDGE('',*,*,#845,.T.);
#1122=ORIENTED_EDGE('',*,*,#846,.T.);
#1123=ORIENTED_EDGE('',*,*,#847,.T.);
#1124=ORIENTED_EDGE('',*,*,#848,.T.);
#1125=ORIENTED_EDGE('',*,*,#849,.T.);
#1126=ORIENTED_EDGE('',*,*,#850,.T.);
#1127=ORIENTED_EDGE('',*,*,#851,.T.);
#1128=ORIENTED_EDGE('',*,*,#797,.F.);
#1129=ORIENTED_EDGE('',*,*,#768,.F.);
#1130=ORIENTED_EDGE('',*,*,#852,.F.);
#1131=ORIENTED_EDGE('',*,*,#853,.F.);
#1132=ORIENTED_EDGE('',*,*,#805,.F.);
#1133=ORIENTED_EDGE('',*,*,#813,.T.);
#1134=ORIENTED_EDGE('',*,*,#854,.F.);
#1135=ORIENTED_EDGE('',*,*,#844,.F.);
#1136=ORIENTED_EDGE('',*,*,#855,.F.);
#1137=ORIENTED_EDGE('',*,*,#811,.T.);
#1138=ORIENTED_EDGE('',*,*,#856,.F.);
#1139=ORIENTED_EDGE('',*,*,#846,.F.);
#1140=ORIENTED_EDGE('',*,*,#854,.T.);
#1141=ORIENTED_EDGE('',*,*,#812,.T.);
#1142=ORIENTED_EDGE('',*,*,#855,.T.);
#1143=ORIENTED_EDGE('',*,*,#845,.F.);
#1144=ORIENTED_EDGE('',*,*,#857,.T.);
#1145=ORIENTED_EDGE('',*,*,#858,.T.);
#1146=ORIENTED_EDGE('',*,*,#823,.F.);
#1147=ORIENTED_EDGE('',*,*,#858,.F.);
#1148=ORIENTED_EDGE('',*,*,#762,.T.);
#1149=ORIENTED_EDGE('',*,*,#859,.F.);
#1150=ORIENTED_EDGE('',*,*,#841,.F.);
#1151=ORIENTED_EDGE('',*,*,#770,.F.);
#1152=ORIENTED_EDGE('',*,*,#755,.F.);
#1153=ORIENTED_EDGE('',*,*,#761,.T.);
#1154=ORIENTED_EDGE('',*,*,#765,.F.);
#1155=ORIENTED_EDGE('',*,*,#860,.F.);
#1156=ORIENTED_EDGE('',*,*,#842,.T.);
#1157=ORIENTED_EDGE('',*,*,#859,.T.);
#1158=ORIENTED_EDGE('',*,*,#852,.T.);
#1159=ORIENTED_EDGE('',*,*,#767,.F.);
#1160=ORIENTED_EDGE('',*,*,#772,.F.);
#1161=ORIENTED_EDGE('',*,*,#840,.F.);
#1162=ORIENTED_EDGE('',*,*,#861,.T.);
#1163=ORIENTED_EDGE('',*,*,#862,.T.);
#1164=ORIENTED_EDGE('',*,*,#851,.F.);
#1165=ORIENTED_EDGE('',*,*,#863,.T.);
#1166=ORIENTED_EDGE('',*,*,#850,.F.);
#1167=ORIENTED_EDGE('',*,*,#863,.F.);
#1168=ORIENTED_EDGE('',*,*,#814,.F.);
#1169=ORIENTED_EDGE('',*,*,#864,.T.);
#1170=ORIENTED_EDGE('',*,*,#849,.F.);
#1171=ORIENTED_EDGE('',*,*,#864,.F.);
#1172=ORIENTED_EDGE('',*,*,#847,.F.);
#1173=ORIENTED_EDGE('',*,*,#856,.T.);
#1174=ORIENTED_EDGE('',*,*,#810,.T.);
#1175=ORIENTED_EDGE('',*,*,#792,.T.);
#1176=ORIENTED_EDGE('',*,*,#778,.T.);
#1177=ORIENTED_EDGE('',*,*,#865,.F.);
#1178=ORIENTED_EDGE('',*,*,#764,.F.);
#1179=ORIENTED_EDGE('',*,*,#807,.F.);
#1180=ORIENTED_EDGE('',*,*,#843,.T.);
#1181=ORIENTED_EDGE('',*,*,#860,.T.);
#1182=ORIENTED_EDGE('',*,*,#866,.T.);
#1183=ORIENTED_EDGE('',*,*,#867,.F.);
#1184=ORIENTED_EDGE('',*,*,#868,.T.);
#1185=ORIENTED_EDGE('',*,*,#869,.T.);
#1186=ORIENTED_EDGE('',*,*,#870,.F.);
#1187=ORIENTED_EDGE('',*,*,#871,.T.);
#1188=ORIENTED_EDGE('',*,*,#872,.T.);
#1189=ORIENTED_EDGE('',*,*,#873,.T.);
#1190=ORIENTED_EDGE('',*,*,#869,.F.);
#1191=ORIENTED_EDGE('',*,*,#874,.F.);
#1192=ORIENTED_EDGE('',*,*,#871,.F.);
#1193=ORIENTED_EDGE('',*,*,#875,.F.);
#1194=ORIENTED_EDGE('',*,*,#876,.T.);
#1195=ORIENTED_EDGE('',*,*,#877,.T.);
#1196=ORIENTED_EDGE('',*,*,#878,.F.);
#1197=ORIENTED_EDGE('',*,*,#879,.T.);
#1198=ORIENTED_EDGE('',*,*,#880,.F.);
#1199=ORIENTED_EDGE('',*,*,#881,.T.);
#1200=ORIENTED_EDGE('',*,*,#882,.F.);
#1201=ORIENTED_EDGE('',*,*,#883,.T.);
#1202=ORIENTED_EDGE('',*,*,#884,.F.);
#1203=ORIENTED_EDGE('',*,*,#830,.F.);
#1204=ORIENTED_EDGE('',*,*,#829,.T.);
#1205=ORIENTED_EDGE('',*,*,#827,.F.);
#1206=ORIENTED_EDGE('',*,*,#825,.T.);
#1207=ORIENTED_EDGE('',*,*,#798,.F.);
#1208=ORIENTED_EDGE('',*,*,#853,.T.);
#1209=ORIENTED_EDGE('',*,*,#862,.F.);
#1210=ORIENTED_EDGE('',*,*,#857,.F.);
#1211=ORIENTED_EDGE('',*,*,#885,.T.);
#1212=ORIENTED_EDGE('',*,*,#886,.T.);
#1213=ORIENTED_EDGE('',*,*,#887,.F.);
#1214=ORIENTED_EDGE('',*,*,#888,.T.);
#1215=ORIENTED_EDGE('',*,*,#889,.T.);
#1216=ORIENTED_EDGE('',*,*,#890,.T.);
#1217=ORIENTED_EDGE('',*,*,#876,.F.);
#1218=ORIENTED_EDGE('',*,*,#861,.F.);
#1219=ORIENTED_EDGE('',*,*,#839,.F.);
#1220=ORIENTED_EDGE('',*,*,#836,.F.);
#1221=ORIENTED_EDGE('',*,*,#832,.T.);
#1222=ORIENTED_EDGE('',*,*,#891,.F.);
#1223=ORIENTED_EDGE('',*,*,#892,.F.);
#1224=ORIENTED_EDGE('',*,*,#893,.F.);
#1225=ORIENTED_EDGE('',*,*,#894,.F.);
#1226=ORIENTED_EDGE('',*,*,#891,.T.);
#1227=ORIENTED_EDGE('',*,*,#895,.T.);
#1228=ORIENTED_EDGE('',*,*,#896,.T.);
#1229=ORIENTED_EDGE('',*,*,#897,.T.);
#1230=ORIENTED_EDGE('',*,*,#894,.T.);
#1231=ORIENTED_EDGE('',*,*,#898,.F.);
#1232=ORIENTED_EDGE('',*,*,#899,.F.);
#1233=ORIENTED_EDGE('',*,*,#895,.F.);
#1234=ORIENTED_EDGE('',*,*,#874,.T.);
#1235=ORIENTED_EDGE('',*,*,#868,.F.);
#1236=ORIENTED_EDGE('',*,*,#900,.T.);
#1237=ORIENTED_EDGE('',*,*,#901,.F.);
#1238=ORIENTED_EDGE('',*,*,#902,.T.);
#1239=ORIENTED_EDGE('',*,*,#903,.F.);
#1240=ORIENTED_EDGE('',*,*,#904,.T.);
#1241=ORIENTED_EDGE('',*,*,#872,.F.);
#1242=ORIENTED_EDGE('',*,*,#896,.F.);
#1243=ORIENTED_EDGE('',*,*,#899,.T.);
#1244=ORIENTED_EDGE('',*,*,#905,.F.);
#1245=ORIENTED_EDGE('',*,*,#906,.T.);
#1246=ORIENTED_EDGE('',*,*,#907,.F.);
#1247=ORIENTED_EDGE('',*,*,#908,.F.);
#1248=ORIENTED_EDGE('',*,*,#879,.F.);
#1249=ORIENTED_EDGE('',*,*,#909,.F.);
#1250=ORIENTED_EDGE('',*,*,#910,.T.);
#1251=ORIENTED_EDGE('',*,*,#911,.F.);
#1252=ORIENTED_EDGE('',*,*,#912,.F.);
#1253=ORIENTED_EDGE('',*,*,#913,.F.);
#1254=ORIENTED_EDGE('',*,*,#914,.F.);
#1255=ORIENTED_EDGE('',*,*,#915,.T.);
#1256=ORIENTED_EDGE('',*,*,#916,.T.);
#1257=ORIENTED_EDGE('',*,*,#914,.T.);
#1258=ORIENTED_EDGE('',*,*,#917,.T.);
#1259=ORIENTED_EDGE('',*,*,#918,.T.);
#1260=ORIENTED_EDGE('',*,*,#919,.T.);
#1261=ORIENTED_EDGE('',*,*,#920,.T.);
#1262=ORIENTED_EDGE('',*,*,#903,.T.);
#1263=ORIENTED_EDGE('',*,*,#921,.F.);
#1264=ORIENTED_EDGE('',*,*,#922,.F.);
#1265=ORIENTED_EDGE('',*,*,#893,.T.);
#1266=ORIENTED_EDGE('',*,*,#923,.T.);
#1267=ORIENTED_EDGE('',*,*,#905,.T.);
#1268=ORIENTED_EDGE('',*,*,#898,.T.);
#1269=ORIENTED_EDGE('',*,*,#924,.T.);
#1270=ORIENTED_EDGE('',*,*,#925,.F.);
#1271=ORIENTED_EDGE('',*,*,#921,.T.);
#1272=ORIENTED_EDGE('',*,*,#902,.F.);
#1273=ORIENTED_EDGE('',*,*,#892,.T.);
#1274=ORIENTED_EDGE('',*,*,#897,.F.);
#1275=ORIENTED_EDGE('',*,*,#915,.F.);
#1276=ORIENTED_EDGE('',*,*,#916,.F.);
#1277=ORIENTED_EDGE('',*,*,#925,.T.);
#1278=ORIENTED_EDGE('',*,*,#926,.F.);
#1279=ORIENTED_EDGE('',*,*,#906,.F.);
#1280=ORIENTED_EDGE('',*,*,#923,.F.);
#1281=ORIENTED_EDGE('',*,*,#926,.T.);
#1282=ORIENTED_EDGE('',*,*,#924,.F.);
#1283=ORIENTED_EDGE('',*,*,#901,.T.);
#1284=ORIENTED_EDGE('',*,*,#927,.T.);
#1285=ORIENTED_EDGE('',*,*,#928,.T.);
#1286=ORIENTED_EDGE('',*,*,#929,.T.);
#1287=ORIENTED_EDGE('',*,*,#930,.T.);
#1288=ORIENTED_EDGE('',*,*,#907,.T.);
#1289=ORIENTED_EDGE('',*,*,#931,.F.);
#1290=ORIENTED_EDGE('',*,*,#932,.T.);
#1291=ORIENTED_EDGE('',*,*,#880,.T.);
#1292=ORIENTED_EDGE('',*,*,#908,.T.);
#1293=ORIENTED_EDGE('',*,*,#930,.F.);
#1294=ORIENTED_EDGE('',*,*,#933,.F.);
#1295=ORIENTED_EDGE('',*,*,#881,.F.);
#1296=ORIENTED_EDGE('',*,*,#932,.F.);
#1297=ORIENTED_EDGE('',*,*,#929,.F.);
#1298=ORIENTED_EDGE('',*,*,#934,.T.);
#1299=ORIENTED_EDGE('',*,*,#882,.T.);
#1300=ORIENTED_EDGE('',*,*,#933,.T.);
#1301=ORIENTED_EDGE('',*,*,#928,.F.);
#1302=ORIENTED_EDGE('',*,*,#867,.T.);
#1303=ORIENTED_EDGE('',*,*,#935,.T.);
#1304=ORIENTED_EDGE('',*,*,#883,.F.);
#1305=ORIENTED_EDGE('',*,*,#934,.F.);
#1306=ORIENTED_EDGE('',*,*,#927,.F.);
#1307=ORIENTED_EDGE('',*,*,#900,.F.);
#1308=ORIENTED_EDGE('',*,*,#887,.T.);
#1309=ORIENTED_EDGE('',*,*,#936,.T.);
#1310=ORIENTED_EDGE('',*,*,#937,.T.);
#1311=ORIENTED_EDGE('',*,*,#938,.T.);
#1312=ORIENTED_EDGE('',*,*,#939,.F.);
#1313=ORIENTED_EDGE('',*,*,#936,.F.);
#1314=ORIENTED_EDGE('',*,*,#886,.F.);
#1315=ORIENTED_EDGE('',*,*,#835,.T.);
#1316=ORIENTED_EDGE('',*,*,#938,.F.);
#1317=ORIENTED_EDGE('',*,*,#940,.F.);
#1318=ORIENTED_EDGE('',*,*,#941,.F.);
#1319=ORIENTED_EDGE('',*,*,#888,.F.);
#1320=ORIENTED_EDGE('',*,*,#941,.T.);
#1321=ORIENTED_EDGE('',*,*,#942,.F.);
#1322=ORIENTED_EDGE('',*,*,#943,.F.);
#1323=ORIENTED_EDGE('',*,*,#944,.F.);
#1324=ORIENTED_EDGE('',*,*,#945,.F.);
#1325=ORIENTED_EDGE('',*,*,#946,.F.);
#1326=ORIENTED_EDGE('',*,*,#912,.T.);
#1327=ORIENTED_EDGE('',*,*,#947,.T.);
#1328=ORIENTED_EDGE('',*,*,#948,.T.);
#1329=ORIENTED_EDGE('',*,*,#949,.F.);
#1330=ORIENTED_EDGE('',*,*,#950,.F.);
#1331=ORIENTED_EDGE('',*,*,#951,.F.);
#1332=ORIENTED_EDGE('',*,*,#889,.F.);
#1333=ORIENTED_EDGE('',*,*,#952,.F.);
#1334=ORIENTED_EDGE('',*,*,#953,.F.);
#1335=ORIENTED_EDGE('',*,*,#954,.F.);
#1336=ORIENTED_EDGE('',*,*,#909,.T.);
#1337=ORIENTED_EDGE('',*,*,#878,.T.);
#1338=ORIENTED_EDGE('',*,*,#955,.T.);
#1339=ORIENTED_EDGE('',*,*,#956,.T.);
#1340=ORIENTED_EDGE('',*,*,#913,.T.);
#1341=ORIENTED_EDGE('',*,*,#946,.T.);
#1342=ORIENTED_EDGE('',*,*,#957,.T.);
#1343=ORIENTED_EDGE('',*,*,#917,.F.);
#1344=ORIENTED_EDGE('',*,*,#958,.T.);
#1345=ORIENTED_EDGE('',*,*,#944,.T.);
#1346=ORIENTED_EDGE('',*,*,#959,.T.);
#1347=ORIENTED_EDGE('',*,*,#919,.F.);
#1348=ORIENTED_EDGE('',*,*,#957,.F.);
#1349=ORIENTED_EDGE('',*,*,#945,.T.);
#1350=ORIENTED_EDGE('',*,*,#958,.F.);
#1351=ORIENTED_EDGE('',*,*,#918,.F.);
#1352=ORIENTED_EDGE('',*,*,#885,.F.);
#1353=ORIENTED_EDGE('',*,*,#960,.T.);
#1354=ORIENTED_EDGE('',*,*,#931,.T.);
#1355=ORIENTED_EDGE('',*,*,#960,.F.);
#1356=ORIENTED_EDGE('',*,*,#949,.T.);
#1357=ORIENTED_EDGE('',*,*,#961,.T.);
#1358=ORIENTED_EDGE('',*,*,#962,.T.);
#1359=ORIENTED_EDGE('',*,*,#963,.T.);
#1360=ORIENTED_EDGE('',*,*,#961,.F.);
#1361=ORIENTED_EDGE('',*,*,#948,.F.);
#1362=ORIENTED_EDGE('',*,*,#964,.T.);
#1363=ORIENTED_EDGE('',*,*,#965,.T.);
#1364=ORIENTED_EDGE('',*,*,#956,.F.);
#1365=ORIENTED_EDGE('',*,*,#966,.F.);
#1366=ORIENTED_EDGE('',*,*,#967,.F.);
#1367=ORIENTED_EDGE('',*,*,#962,.F.);
#1368=ORIENTED_EDGE('',*,*,#965,.F.);
#1369=ORIENTED_EDGE('',*,*,#968,.F.);
#1370=ORIENTED_EDGE('',*,*,#910,.F.);
#1371=ORIENTED_EDGE('',*,*,#955,.F.);
#1372=ORIENTED_EDGE('',*,*,#877,.F.);
#1373=ORIENTED_EDGE('',*,*,#890,.F.);
#1374=ORIENTED_EDGE('',*,*,#951,.T.);
#1375=ORIENTED_EDGE('',*,*,#969,.T.);
#1376=ORIENTED_EDGE('',*,*,#966,.T.);
#1377=ORIENTED_EDGE('',*,*,#954,.T.);
#1378=ORIENTED_EDGE('',*,*,#970,.T.);
#1379=ORIENTED_EDGE('',*,*,#953,.T.);
#1380=ORIENTED_EDGE('',*,*,#970,.F.);
#1381=ORIENTED_EDGE('',*,*,#922,.T.);
#1382=ORIENTED_EDGE('',*,*,#971,.T.);
#1383=ORIENTED_EDGE('',*,*,#952,.T.);
#1384=ORIENTED_EDGE('',*,*,#971,.F.);
#1385=ORIENTED_EDGE('',*,*,#870,.T.);
#1386=ORIENTED_EDGE('',*,*,#972,.F.);
#1387=ORIENTED_EDGE('',*,*,#942,.T.);
#1388=ORIENTED_EDGE('',*,*,#940,.T.);
#1389=ORIENTED_EDGE('',*,*,#937,.F.);
#1390=ORIENTED_EDGE('',*,*,#939,.T.);
#1391=ORIENTED_EDGE('',*,*,#834,.T.);
#1392=ORIENTED_EDGE('',*,*,#838,.F.);
#1393=ORIENTED_EDGE('',*,*,#848,.F.);
#1394=ORIENTED_EDGE('',*,*,#865,.T.);
#1395=ORIENTED_EDGE('',*,*,#777,.F.);
#1396=ORIENTED_EDGE('',*,*,#781,.F.);
#1397=ORIENTED_EDGE('',*,*,#773,.T.);
#1398=ORIENTED_EDGE('',*,*,#831,.T.);
#1399=ORIENTED_EDGE('',*,*,#884,.T.);
#1400=ORIENTED_EDGE('',*,*,#935,.F.);
#1401=ORIENTED_EDGE('',*,*,#866,.F.);
#1402=ORIENTED_EDGE('',*,*,#875,.T.);
#1403=ORIENTED_EDGE('',*,*,#943,.T.);
#1404=ORIENTED_EDGE('',*,*,#972,.T.);
#1405=ORIENTED_EDGE('',*,*,#873,.F.);
#1406=ORIENTED_EDGE('',*,*,#904,.F.);
#1407=ORIENTED_EDGE('',*,*,#920,.F.);
#1408=ORIENTED_EDGE('',*,*,#959,.F.);
#1409=ORIENTED_EDGE('',*,*,#968,.T.);
#1410=ORIENTED_EDGE('',*,*,#964,.F.);
#1411=ORIENTED_EDGE('',*,*,#947,.F.);
#1412=ORIENTED_EDGE('',*,*,#911,.T.);
#1413=ORIENTED_EDGE('',*,*,#963,.F.);
#1414=ORIENTED_EDGE('',*,*,#967,.T.);
#1415=ORIENTED_EDGE('',*,*,#969,.F.);
#1416=ORIENTED_EDGE('',*,*,#950,.T.);
#1417=CYLINDRICAL_SURFACE('',#1536,1.);
#1418=CYLINDRICAL_SURFACE('',#1544,4.);
#1419=CYLINDRICAL_SURFACE('',#1552,7.5);
#1420=CYLINDRICAL_SURFACE('',#1563,5.5);
#1421=CYLINDRICAL_SURFACE('',#1570,2.);
#1422=CYLINDRICAL_SURFACE('',#1573,2.);
#1423=CYLINDRICAL_SURFACE('',#1576,1.);
#1424=CYLINDRICAL_SURFACE('',#1588,4.);
#1425=CYLINDRICAL_SURFACE('',#1590,2.);
#1426=CYLINDRICAL_SURFACE('',#1591,2.);
#1427=CYLINDRICAL_SURFACE('',#1593,1.5);
#1428=CYLINDRICAL_SURFACE('',#1595,1.);
#1429=CYLINDRICAL_SURFACE('',#1598,1.35);
#1430=CYLINDRICAL_SURFACE('',#1599,1.5);
#1431=CYLINDRICAL_SURFACE('',#1614,7.5);
#1432=CYLINDRICAL_SURFACE('',#1625,5.5);
#1433=CYLINDRICAL_SURFACE('',#1632,2.);
#1434=CYLINDRICAL_SURFACE('',#1634,2.);
#1435=CYLINDRICAL_SURFACE('',#1636,1.);
#1436=CYLINDRICAL_SURFACE('',#1649,4.);
#1437=CYLINDRICAL_SURFACE('',#1651,2.);
#1438=CYLINDRICAL_SURFACE('',#1652,2.);
#1439=CYLINDRICAL_SURFACE('',#1654,1.5);
#1440=CYLINDRICAL_SURFACE('',#1655,1.);
#1441=CYLINDRICAL_SURFACE('',#1661,1.35);
#1442=CYLINDRICAL_SURFACE('',#1662,1.5);
#1443=CYLINDRICAL_SURFACE('',#1666,4.);
#1444=ADVANCED_FACE('',(#109),#1417,.F.);
#1445=ADVANCED_FACE('',(#110),#66,.F.);
#1446=ADVANCED_FACE('',(#111),#67,.F.);
#1447=ADVANCED_FACE('',(#112),#68,.T.);
#1448=ADVANCED_FACE('',(#113),#69,.T.);
#1449=ADVANCED_FACE('',(#114),#1418,.T.);
#1450=ADVANCED_FACE('',(#115),#53,.T.);
#1451=ADVANCED_FACE('',(#116),#54,.T.);
#1452=ADVANCED_FACE('',(#117),#70,.T.);
#1453=ADVANCED_FACE('',(#118),#71,.T.);
#1454=ADVANCED_FACE('',(#119),#55,.T.);
#1455=ADVANCED_FACE('',(#120),#1419,.T.);
#1456=ADVANCED_FACE('',(#121),#72,.T.);
#1457=ADVANCED_FACE('',(#122),#73,.F.);
#1458=ADVANCED_FACE('',(#123,#15),#74,.T.);
#1459=ADVANCED_FACE('',(#124),#56,.T.);
#1460=ADVANCED_FACE('',(#125),#1420,.F.);
#1461=ADVANCED_FACE('',(#126),#75,.T.);
#1462=ADVANCED_FACE('',(#127,#16),#76,.T.);
#1463=ADVANCED_FACE('',(#128),#1421,.T.);
#1464=ADVANCED_FACE('',(#129),#77,.F.);
#1465=ADVANCED_FACE('',(#130),#1422,.T.);
#1466=ADVANCED_FACE('',(#131),#78,.F.);
#1467=ADVANCED_FACE('',(#132),#1423,.F.);
#1468=ADVANCED_FACE('',(#133),#79,.T.);
#1469=ADVANCED_FACE('',(#134,#17,#18),#80,.T.);
#1470=ADVANCED_FACE('',(#135),#81,.T.);
#1471=ADVANCED_FACE('',(#136),#1424,.T.);
#1472=ADVANCED_FACE('',(#137),#1425,.T.);
#1473=ADVANCED_FACE('',(#138),#1426,.T.);
#1474=ADVANCED_FACE('',(#139),#82,.F.);
#1475=ADVANCED_FACE('',(#140),#1427,.F.);
#1476=ADVANCED_FACE('',(#141),#1428,.F.);
#1477=ADVANCED_FACE('',(#142),#83,.F.);
#1478=ADVANCED_FACE('',(#143),#84,.F.);
#1479=ADVANCED_FACE('',(#144),#1429,.F.);
#1480=ADVANCED_FACE('',(#145),#1430,.F.);
#1481=ADVANCED_FACE('',(#146),#85,.F.);
#1482=ADVANCED_FACE('',(#147),#86,.F.);
#1483=ADVANCED_FACE('',(#148),#57,.T.);
#1484=ADVANCED_FACE('',(#149),#58,.T.);
#1485=ADVANCED_FACE('',(#150),#87,.F.);
#1486=ADVANCED_FACE('',(#151,#19,#20),#88,.T.);
#1487=ADVANCED_FACE('',(#152),#89,.T.);
#1488=ADVANCED_FACE('',(#153),#90,.F.);
#1489=ADVANCED_FACE('',(#154),#59,.T.);
#1490=ADVANCED_FACE('',(#155),#1431,.T.);
#1491=ADVANCED_FACE('',(#156),#91,.F.);
#1492=ADVANCED_FACE('',(#157),#92,.T.);
#1493=ADVANCED_FACE('',(#158,#21),#93,.F.);
#1494=ADVANCED_FACE('',(#159),#60,.T.);
#1495=ADVANCED_FACE('',(#160),#1432,.F.);
#1496=ADVANCED_FACE('',(#161),#94,.F.);
#1497=ADVANCED_FACE('',(#162,#22),#95,.F.);
#1498=ADVANCED_FACE('',(#163),#1433,.T.);
#1499=ADVANCED_FACE('',(#164),#96,.T.);
#1500=ADVANCED_FACE('',(#165),#1434,.T.);
#1501=ADVANCED_FACE('',(#166),#97,.T.);
#1502=ADVANCED_FACE('',(#167),#1435,.F.);
#1503=ADVANCED_FACE('',(#168),#98,.F.);
#1504=ADVANCED_FACE('',(#169),#99,.F.);
#1505=ADVANCED_FACE('',(#170,#23,#24),#100,.F.);
#1506=ADVANCED_FACE('',(#171),#101,.F.);
#1507=ADVANCED_FACE('',(#172),#1436,.T.);
#1508=ADVANCED_FACE('',(#173),#1437,.T.);
#1509=ADVANCED_FACE('',(#174),#1438,.T.);
#1510=ADVANCED_FACE('',(#175),#102,.T.);
#1511=ADVANCED_FACE('',(#176),#1439,.F.);
#1512=ADVANCED_FACE('',(#177),#1440,.F.);
#1513=ADVANCED_FACE('',(#178),#103,.T.);
#1514=ADVANCED_FACE('',(#179),#104,.F.);
#1515=ADVANCED_FACE('',(#180),#105,.T.);
#1516=ADVANCED_FACE('',(#181),#1441,.F.);
#1517=ADVANCED_FACE('',(#182),#1442,.F.);
#1518=ADVANCED_FACE('',(#183),#106,.T.);
#1519=ADVANCED_FACE('',(#184),#107,.T.);
#1520=ADVANCED_FACE('',(#185),#108,.T.);
#1521=ADVANCED_FACE('',(#186),#1443,.T.);
#1522=CLOSED_SHELL('',(#1444,#1445,#1446,#1447,#1448,#1449,#1450,#1451,
#1452,#1453,#1454,#1455,#1456,#1457,#1458,#1459,#1460,#1461,#1462,#1463,
#1464,#1465,#1466,#1467,#1468,#1469,#1470,#1471,#1472,#1473,#1474,#1475,
#1476,#1477,#1478,#1479,#1480,#1481,#1482,#1483,#1484,#1485,#1486,#1487,
#1488,#1489,#1490,#1491,#1492,#1493,#1494,#1495,#1496,#1497,#1498,#1499,
#1500,#1501,#1502,#1503,#1504,#1505,#1506,#1507,#1508,#1509,#1510,#1511,
#1512,#1513,#1514,#1515,#1516,#1517,#1518,#1519,#1520,#1521));
#1523=DERIVED_UNIT_ELEMENT(#1525,1.);
#1524=DERIVED_UNIT_ELEMENT(#2594,-3.);
#1525=(
MASS_UNIT()
NAMED_UNIT(*)
SI_UNIT(.KILO.,.GRAM.)
);
#1526=DERIVED_UNIT((#1523,#1524));
#1527=MEASURE_REPRESENTATION_ITEM('density measure',
POSITIVE_RATIO_MEASURE(7850.),#1526);
#1528=PROPERTY_DEFINITION_REPRESENTATION(#1533,#1530);
#1529=PROPERTY_DEFINITION_REPRESENTATION(#1534,#1531);
#1530=REPRESENTATION('material name',(#1532),#2591);
#1531=REPRESENTATION('density',(#1527),#2591);
#1532=DESCRIPTIVE_REPRESENTATION_ITEM('Steel','Steel');
#1533=PROPERTY_DEFINITION('material property','material name',#2601);
#1534=PROPERTY_DEFINITION('material property','density of part',#2601);
#1535=AXIS2_PLACEMENT_3D('',#2070,#1667,#1668);
#1536=AXIS2_PLACEMENT_3D('',#2071,#1669,#1670);
#1537=AXIS2_PLACEMENT_3D('',#2087,#1672,#1673);
#1538=AXIS2_PLACEMENT_3D('',#2096,#1675,#1676);
#1539=AXIS2_PLACEMENT_3D('',#2102,#1680,#1681);
#1540=AXIS2_PLACEMENT_3D('',#2109,#1685,#1686);
#1541=AXIS2_PLACEMENT_3D('',#2110,#1687,#1688);
#1542=AXIS2_PLACEMENT_3D('',#2116,#1692,#1693);
#1543=AXIS2_PLACEMENT_3D('',#2118,#1694,#1695);
#1544=AXIS2_PLACEMENT_3D('',#2124,#1699,#1700);
#1545=AXIS2_PLACEMENT_3D('',#2128,#1702,#1703);
#1546=AXIS2_PLACEMENT_3D('',#2130,#1705,#1706);
#1547=AXIS2_PLACEMENT_3D('',#2147,#1707,#1708);
#1548=AXIS2_PLACEMENT_3D('',#2164,#1709,#1710);
#1549=AXIS2_PLACEMENT_3D('',#2167,#1713,#1714);
#1550=AXIS2_PLACEMENT_3D('',#2180,#1717,#1718);
#1551=AXIS2_PLACEMENT_3D('',#2189,#1719,#1720);
#1552=AXIS2_PLACEMENT_3D('',#2190,#1721,#1722);
#1553=AXIS2_PLACEMENT_3D('',#2193,#1724,#1725);
#1554=AXIS2_PLACEMENT_3D('',#2194,#1726,#1727);
#1555=AXIS2_PLACEMENT_3D('',#2204,#1733,#1734);
#1556=AXIS2_PLACEMENT_3D('',#2206,#1735,#1736);
#1557=AXIS2_PLACEMENT_3D('',#2227,#1746,#1747);
#1558=AXIS2_PLACEMENT_3D('',#2230,#1749,#1750);
#1559=AXIS2_PLACEMENT_3D('',#2234,#1752,#1753);
#1560=AXIS2_PLACEMENT_3D('',#2237,#1755,#1756);
#1561=AXIS2_PLACEMENT_3D('',#2239,#1757,#1758);
#1562=AXIS2_PLACEMENT_3D('',#2240,#1759,#1760);
#1563=AXIS2_PLACEMENT_3D('',#2244,#1761,#1762);
#1564=AXIS2_PLACEMENT_3D('',#2246,#1763,#1764);
#1565=AXIS2_PLACEMENT_3D('',#2248,#1766,#1767);
#1566=AXIS2_PLACEMENT_3D('',#2250,#1769,#1770);
#1567=AXIS2_PLACEMENT_3D('',#2252,#1771,#1772);
#1568=AXIS2_PLACEMENT_3D('',#2256,#1774,#1775);
#1569=AXIS2_PLACEMENT_3D('',#2259,#1777,#1778);
#1570=AXIS2_PLACEMENT_3D('',#2260,#1779,#1780);
#1571=AXIS2_PLACEMENT_3D('',#2263,#1782,#1783);
#1572=AXIS2_PLACEMENT_3D('',#2264,#1784,#1785);
#1573=AXIS2_PLACEMENT_3D('',#2268,#1788,#1789);
#1574=AXIS2_PLACEMENT_3D('',#2271,#1791,#1792);
#1575=AXIS2_PLACEMENT_3D('',#2272,#1793,#1794);
#1576=AXIS2_PLACEMENT_3D('',#2276,#1797,#1798);
#1577=AXIS2_PLACEMENT_3D('',#2279,#1799,#1800);
#1578=AXIS2_PLACEMENT_3D('',#2283,#1802,#1803);
#1579=AXIS2_PLACEMENT_3D('',#2285,#1805,#1806);
#1580=AXIS2_PLACEMENT_3D('',#2291,#1810,#1811);
#1581=AXIS2_PLACEMENT_3D('',#2296,#1814,#1815);
#1582=AXIS2_PLACEMENT_3D('',#2301,#1818,#1819);
#1583=AXIS2_PLACEMENT_3D('',#2305,#1821,#1822);
#1584=AXIS2_PLACEMENT_3D('',#2310,#1825,#1826);
#1585=AXIS2_PLACEMENT_3D('',#2312,#1827,#1828);
#1586=AXIS2_PLACEMENT_3D('',#2313,#1829,#1830);
#1587=AXIS2_PLACEMENT_3D('',#2315,#1831,#1832);
#1588=AXIS2_PLACEMENT_3D('',#2316,#1833,#1834);
#1589=AXIS2_PLACEMENT_3D('',#2318,#1835,#1836);
#1590=AXIS2_PLACEMENT_3D('',#2320,#1838,#1839);
#1591=AXIS2_PLACEMENT_3D('',#2322,#1841,#1842);
#1592=AXIS2_PLACEMENT_3D('',#2325,#1845,#1846);
#1593=AXIS2_PLACEMENT_3D('',#2326,#1847,#1848);
#1594=AXIS2_PLACEMENT_3D('',#2328,#1849,#1850);
#1595=AXIS2_PLACEMENT_3D('',#2330,#1852,#1853);
#1596=AXIS2_PLACEMENT_3D('',#2332,#1855,#1856);
#1597=AXIS2_PLACEMENT_3D('',#2334,#1858,#1859);
#1598=AXIS2_PLACEMENT_3D('',#2338,#1862,#1863);
#1599=AXIS2_PLACEMENT_3D('',#2340,#1865,#1866);
#1600=AXIS2_PLACEMENT_3D('',#2342,#1868,#1869);
#1601=AXIS2_PLACEMENT_3D('',#2344,#1871,#1872);
#1602=AXIS2_PLACEMENT_3D('',#2345,#1873,#1874);
#1603=AXIS2_PLACEMENT_3D('',#2362,#1875,#1876);
#1604=AXIS2_PLACEMENT_3D('',#2379,#1877,#1878);
#1605=AXIS2_PLACEMENT_3D('',#2382,#1881,#1882);
#1606=AXIS2_PLACEMENT_3D('',#2392,#1887,#1888);
#1607=AXIS2_PLACEMENT_3D('',#2396,#1890,#1891);
#1608=AXIS2_PLACEMENT_3D('',#2401,#1894,#1895);
#1609=AXIS2_PLACEMENT_3D('',#2402,#1896,#1897);
#1610=AXIS2_PLACEMENT_3D('',#2406,#1899,#1900);
#1611=AXIS2_PLACEMENT_3D('',#2412,#1904,#1905);
#1612=AXIS2_PLACEMENT_3D('',#2425,#1908,#1909);
#1613=AXIS2_PLACEMENT_3D('',#2427,#1910,#1911);
#1614=AXIS2_PLACEMENT_3D('',#2435,#1912,#1913);
#1615=AXIS2_PLACEMENT_3D('',#2437,#1914,#1915);
#1616=AXIS2_PLACEMENT_3D('',#2439,#1917,#1918);
#1617=AXIS2_PLACEMENT_3D('',#2449,#1924,#1925);
#1618=AXIS2_PLACEMENT_3D('',#2460,#1929,#1930);
#1619=AXIS2_PLACEMENT_3D('',#2472,#1937,#1938);
#1620=AXIS2_PLACEMENT_3D('',#2476,#1940,#1941);
#1621=AXIS2_PLACEMENT_3D('',#2480,#1943,#1944);
#1622=AXIS2_PLACEMENT_3D('',#2482,#1946,#1947);
#1623=AXIS2_PLACEMENT_3D('',#2484,#1948,#1949);
#1624=AXIS2_PLACEMENT_3D('',#2485,#1950,#1951);
#1625=AXIS2_PLACEMENT_3D('',#2489,#1952,#1953);
#1626=AXIS2_PLACEMENT_3D('',#2491,#1954,#1955);
#1627=AXIS2_PLACEMENT_3D('',#2493,#1957,#1958);
#1628=AXIS2_PLACEMENT_3D('',#2495,#1960,#1961);
#1629=AXIS2_PLACEMENT_3D('',#2499,#1963,#1964);
#1630=AXIS2_PLACEMENT_3D('',#2502,#1966,#1967);
#1631=AXIS2_PLACEMENT_3D('',#2504,#1968,#1969);
#1632=AXIS2_PLACEMENT_3D('',#2505,#1970,#1971);
#1633=AXIS2_PLACEMENT_3D('',#2507,#1973,#1974);
#1634=AXIS2_PLACEMENT_3D('',#2509,#1976,#1977);
#1635=AXIS2_PLACEMENT_3D('',#2511,#1979,#1980);
#1636=AXIS2_PLACEMENT_3D('',#2513,#1982,#1983);
#1637=AXIS2_PLACEMENT_3D('',#2517,#1985,#1986);
#1638=AXIS2_PLACEMENT_3D('',#2519,#1988,#1989);
#1639=AXIS2_PLACEMENT_3D('',#2521,#1991,#1992);
#1640=AXIS2_PLACEMENT_3D('',#2525,#1995,#1996);
#1641=AXIS2_PLACEMENT_3D('',#2531,#1999,#2000);
#1642=AXIS2_PLACEMENT_3D('',#2534,#2002,#2003);
#1643=AXIS2_PLACEMENT_3D('',#2540,#2006,#2007);
#1644=AXIS2_PLACEMENT_3D('',#2542,#2008,#2009);
#1645=AXIS2_PLACEMENT_3D('',#2545,#2011,#2012);
#1646=AXIS2_PLACEMENT_3D('',#2547,#2013,#2014);
#1647=AXIS2_PLACEMENT_3D('',#2548,#2015,#2016);
#1648=AXIS2_PLACEMENT_3D('',#2550,#2017,#2018);
#1649=AXIS2_PLACEMENT_3D('',#2551,#2019,#2020);
#1650=AXIS2_PLACEMENT_3D('',#2553,#2021,#2022);
#1651=AXIS2_PLACEMENT_3D('',#2555,#2024,#2025);
#1652=AXIS2_PLACEMENT_3D('',#2557,#2027,#2028);
#1653=AXIS2_PLACEMENT_3D('',#2560,#2031,#2032);
#1654=AXIS2_PLACEMENT_3D('',#2561,#2033,#2034);
#1655=AXIS2_PLACEMENT_3D('',#2563,#2036,#2037);
#1656=AXIS2_PLACEMENT_3D('',#2567,#2039,#2040);
#1657=AXIS2_PLACEMENT_3D('',#2569,#2042,#2043);
#1658=AXIS2_PLACEMENT_3D('',#2573,#2046,#2047);
#1659=AXIS2_PLACEMENT_3D('',#2576,#2049,#2050);
#1660=AXIS2_PLACEMENT_3D('',#2578,#2052,#2053);
#1661=AXIS2_PLACEMENT_3D('',#2580,#2055,#2056);
#1662=AXIS2_PLACEMENT_3D('',#2582,#2058,#2059);
#1663=AXIS2_PLACEMENT_3D('',#2584,#2061,#2062);
#1664=AXIS2_PLACEMENT_3D('',#2586,#2064,#2065);
#1665=AXIS2_PLACEMENT_3D('',#2587,#2066,#2067);
#1666=AXIS2_PLACEMENT_3D('',#2588,#2068,#2069);
#1667=DIRECTION('axis',(0.,0.,1.));
#1668=DIRECTION('refdir',(1.,0.,0.));
#1669=DIRECTION('center_axis',(-1.,0.,0.));
#1670=DIRECTION('ref_axis',(0.,0.707106781186548,-0.707106781186548));
#1671=DIRECTION('',(-1.,0.,0.));
#1672=DIRECTION('center_axis',(-1.,1.1686558153949E-16,0.));
#1673=DIRECTION('ref_axis',(0.,0.707106781186548,-0.707106781186548));
#1674=DIRECTION('',(1.,0.,0.));
#1675=DIRECTION('center_axis',(0.,1.,0.));
#1676=DIRECTION('ref_axis',(0.,0.,-1.));
#1677=DIRECTION('',(0.,0.,-1.));
#1678=DIRECTION('',(1.,0.,0.));
#1679=DIRECTION('',(0.,0.,1.));
#1680=DIRECTION('center_axis',(0.,0.,-1.));
#1681=DIRECTION('ref_axis',(0.,-1.,0.));
#1682=DIRECTION('',(1.1686558153949E-16,1.,0.));
#1683=DIRECTION('',(-1.,0.,0.));
#1684=DIRECTION('',(0.,-1.,0.));
#1685=DIRECTION('center_axis',(0.,0.,1.));
#1686=DIRECTION('ref_axis',(-0.8366600158479,0.547722573828569,0.));
#1687=DIRECTION('center_axis',(0.,-0.911921506954914,0.41036467337367));
#1688=DIRECTION('ref_axis',(0.,0.41036467337367,0.911921506954914));
#1689=DIRECTION('',(-4.79575061970769E-17,-0.41036467337367,-0.911921506954914));
#1690=DIRECTION('',(1.,0.,0.));
#1691=DIRECTION('',(0.,0.41036467337367,0.911921506954914));
#1692=DIRECTION('center_axis',(0.,-0.911921506954914,0.41036467337367));
#1693=DIRECTION('ref_axis',(0.,0.41036467337367,0.911921506954914));
#1694=DIRECTION('center_axis',(0.,-0.911921506954914,0.41036467337367));
#1695=DIRECTION('ref_axis',(0.,0.41036467337367,0.911921506954914));
#1696=DIRECTION('',(0.0563282022686481,0.409713140020052,0.910473655041205));
#1697=DIRECTION('',(-1.,0.,0.));
#1698=DIRECTION('',(-4.79575061970769E-17,-0.41036467337367,-0.911921506954914));
#1699=DIRECTION('center_axis',(0.,0.,-1.));
#1700=DIRECTION('ref_axis',(-1.,0.,0.));
#1701=DIRECTION('',(0.,0.,-1.));
#1702=DIRECTION('center_axis',(0.,0.,-1.));
#1703=DIRECTION('ref_axis',(-1.,0.,0.));
#1704=DIRECTION('',(0.,0.,1.));
#1705=DIRECTION('center_axis',(0.,0.,-1.));
#1706=DIRECTION('ref_axis',(0.,1.,0.));
#1707=DIRECTION('center_axis',(0.,0.,1.));
#1708=DIRECTION('ref_axis',(0.,1.,0.));
#1709=DIRECTION('center_axis',(1.,3.10946285121E-15,0.));
#1710=DIRECTION('ref_axis',(3.10946285121E-15,-1.,0.));
#1711=DIRECTION('',(0.,0.,-1.));
#1712=DIRECTION('',(6.24051041640795E-30,-2.00694162143778E-15,1.));
#1713=DIRECTION('center_axis',(-1.,0.,0.));
#1714=DIRECTION('ref_axis',(0.,1.,0.));
#1715=DIRECTION('',(0.,0.,1.));
#1716=DIRECTION('',(0.,2.00694162143778E-15,-1.));
#1717=DIRECTION('center_axis',(0.,0.,1.));
#1718=DIRECTION('ref_axis',(0.,1.,0.));
#1719=DIRECTION('center_axis',(0.,0.,1.));
#1720=DIRECTION('ref_axis',(0.,1.,0.));
#1721=DIRECTION('center_axis',(0.,0.,1.));
#1722=DIRECTION('ref_axis',(0.,-1.,0.));
#1723=DIRECTION('',(0.,0.,1.));
#1724=DIRECTION('center_axis',(0.,0.,-1.));
#1725=DIRECTION('ref_axis',(0.,1.,0.));
#1726=DIRECTION('center_axis',(0.,1.,2.00694162143778E-15));
#1727=DIRECTION('ref_axis',(0.,2.00694162143778E-15,-1.));
#1728=DIRECTION('',(0.,0.,-1.));
#1729=DIRECTION('',(1.,0.,0.));
#1730=DIRECTION('',(0.,0.,-1.));
#1731=DIRECTION('',(-1.,0.,0.));
#1732=DIRECTION('',(0.,0.,-1.));
#1733=DIRECTION('center_axis',(1.,-1.1686558153949E-16,0.));
#1734=DIRECTION('ref_axis',(1.1686558153949E-16,1.,0.));
#1735=DIRECTION('center_axis',(-1.,1.1686558153949E-16,0.));
#1736=DIRECTION('ref_axis',(0.,-0.54297114408886,0.83975135408455));
#1737=DIRECTION('',(1.1686558153949E-16,1.,0.));
#1738=DIRECTION('',(0.,0.,-1.));
#1739=DIRECTION('',(-7.25267922852896E-16,-1.,0.));
#1740=DIRECTION('',(0.,0.,-1.));
#1741=DIRECTION('',(0.,0.,-1.));
#1742=DIRECTION('',(7.25267922852896E-16,1.,0.));
#1743=DIRECTION('',(0.,0.,-1.));
#1744=DIRECTION('',(-1.1686558153949E-16,-1.,0.));
#1745=DIRECTION('',(0.,0.,1.));
#1746=DIRECTION('center_axis',(0.,0.,1.));
#1747=DIRECTION('ref_axis',(0.,1.,0.));
#1748=DIRECTION('',(1.,0.,0.));
#1749=DIRECTION('center_axis',(0.,0.,1.));
#1750=DIRECTION('ref_axis',(1.,0.,0.));
#1751=DIRECTION('',(3.62633961426447E-16,-1.,0.));
#1752=DIRECTION('center_axis',(0.,0.,-1.));
#1753=DIRECTION('ref_axis',(0.,1.,0.));
#1754=DIRECTION('',(1.,-2.77555756156289E-16,0.));
#1755=DIRECTION('center_axis',(0.,0.,-1.));
#1756=DIRECTION('ref_axis',(-1.,-6.93889390390723E-17,0.));
#1757=DIRECTION('center_axis',(0.,0.,-1.));
#1758=DIRECTION('ref_axis',(-1.,0.,0.));
#1759=DIRECTION('center_axis',(0.,0.,-1.));
#1760=DIRECTION('ref_axis',(0.,1.,0.));
#1761=DIRECTION('center_axis',(0.,0.,-1.));
#1762=DIRECTION('ref_axis',(1.,0.,0.));
#1763=DIRECTION('center_axis',(0.,0.,-1.));
#1764=DIRECTION('ref_axis',(1.,0.,0.));
#1765=DIRECTION('',(0.,0.,1.));
#1766=DIRECTION('center_axis',(0.,1.,2.00694162143778E-15));
#1767=DIRECTION('ref_axis',(0.,2.00694162143778E-15,-1.));
#1768=DIRECTION('',(-1.,0.,0.));
#1769=DIRECTION('center_axis',(0.,0.,-1.));
#1770=DIRECTION('ref_axis',(0.,-1.,0.));
#1771=DIRECTION('center_axis',(0.,0.,1.));
#1772=DIRECTION('ref_axis',(-1.,-6.93889390390723E-17,0.));
#1773=DIRECTION('',(-1.,2.77555756156289E-16,0.));
#1774=DIRECTION('center_axis',(0.,0.,1.));
#1775=DIRECTION('ref_axis',(0.,1.,0.));
#1776=DIRECTION('',(-3.62633961426447E-16,1.,0.));
#1777=DIRECTION('center_axis',(0.,0.,1.));
#1778=DIRECTION('ref_axis',(-1.,0.,0.));
#1779=DIRECTION('center_axis',(0.,0.,-1.));
#1780=DIRECTION('ref_axis',(-0.707106781186547,0.707106781186548,0.));
#1781=DIRECTION('',(0.,0.,1.));
#1782=DIRECTION('center_axis',(0.,0.,1.));
#1783=DIRECTION('ref_axis',(-0.707106781186547,0.707106781186548,0.));
#1784=DIRECTION('center_axis',(-1.38777878078145E-16,-1.,0.));
#1785=DIRECTION('ref_axis',(1.,-1.38777878078145E-16,0.));
#1786=DIRECTION('',(0.,0.,-1.));
#1787=DIRECTION('',(1.,-1.38777878078145E-16,0.));
#1788=DIRECTION('center_axis',(0.,0.,-1.));
#1789=DIRECTION('ref_axis',(0.707106781186547,0.707106781186548,0.));
#1790=DIRECTION('',(0.,0.,1.));
#1791=DIRECTION('center_axis',(0.,0.,1.));
#1792=DIRECTION('ref_axis',(0.707106781186547,0.707106781186548,0.));
#1793=DIRECTION('center_axis',(-1.,0.,0.));
#1794=DIRECTION('ref_axis',(0.,-1.,0.));
#1795=DIRECTION('',(0.,-1.,0.));
#1796=DIRECTION('',(0.,0.,1.));
#1797=DIRECTION('center_axis',(0.,-1.,0.));
#1798=DIRECTION('ref_axis',(-0.707106781186548,0.,0.707106781186548));
#1799=DIRECTION('center_axis',(0.,1.,0.));
#1800=DIRECTION('ref_axis',(-0.707106781186548,0.,0.707106781186548));
#1801=DIRECTION('',(0.,-1.,0.));
#1802=DIRECTION('center_axis',(-2.77555756156289E-16,-1.,0.));
#1803=DIRECTION('ref_axis',(-0.707106781186548,0.,0.707106781186548));
#1804=DIRECTION('',(0.,1.,0.));
#1805=DIRECTION('center_axis',(1.,0.,0.));
#1806=DIRECTION('ref_axis',(0.,0.,-1.));
#1807=DIRECTION('',(0.,0.,-1.));
#1808=DIRECTION('',(0.,1.,0.));
#1809=DIRECTION('',(0.,0.,1.));
#1810=DIRECTION('center_axis',(0.,0.,-1.));
#1811=DIRECTION('ref_axis',(-1.,0.,0.));
#1812=DIRECTION('',(-1.,0.,0.));
#1813=DIRECTION('',(-0.136200887379413,-0.990681239489807,0.));
#1814=DIRECTION('center_axis',(0.,0.,1.));
#1815=DIRECTION('ref_axis',(-0.8366600158479,0.547722573828569,0.));
#1816=DIRECTION('',(0.,1.,0.));
#1817=DIRECTION('',(1.,0.,0.));
#1818=DIRECTION('center_axis',(0.,0.,-1.));
#1819=DIRECTION('ref_axis',(-0.707106781186547,0.707106781186548,0.));
#1820=DIRECTION('',(1.,-1.38777878078145E-16,0.));
#1821=DIRECTION('center_axis',(0.,0.,-1.));
#1822=DIRECTION('ref_axis',(0.707106781186547,0.707106781186548,0.));
#1823=DIRECTION('',(0.,-1.,0.));
#1824=DIRECTION('',(1.,-2.77555756156289E-16,0.));
#1825=DIRECTION('center_axis',(0.,0.,1.));
#1826=DIRECTION('ref_axis',(-1.,0.,0.));
#1827=DIRECTION('center_axis',(0.,0.,1.));
#1828=DIRECTION('ref_axis',(-1.,0.,0.));
#1829=DIRECTION('center_axis',(0.,0.,-1.));
#1830=DIRECTION('ref_axis',(-1.,0.,0.));
#1831=DIRECTION('center_axis',(0.,0.,-1.));
#1832=DIRECTION('ref_axis',(-1.,0.,0.));
#1833=DIRECTION('center_axis',(1.,0.,0.));
#1834=DIRECTION('ref_axis',(0.,-0.54297114408886,0.83975135408455));
#1835=DIRECTION('center_axis',(0.990681239489807,-0.136200887379413,0.));
#1836=DIRECTION('ref_axis',(-0.136200887379413,-0.990681239489807,-2.13101192415743E-15));
#1837=DIRECTION('',(1.,0.,0.));
#1838=DIRECTION('center_axis',(0.,0.,-1.));
#1839=DIRECTION('ref_axis',(-0.707106781186547,0.707106781186548,0.));
#1840=DIRECTION('',(0.,0.,1.));
#1841=DIRECTION('center_axis',(0.,0.,-1.));
#1842=DIRECTION('ref_axis',(0.707106781186547,0.707106781186548,0.));
#1843=DIRECTION('',(0.,0.,-1.));
#1844=DIRECTION('',(0.,0.,1.));
#1845=DIRECTION('center_axis',(-1.38777878078145E-16,-1.,0.));
#1846=DIRECTION('ref_axis',(1.,-1.38777878078145E-16,0.));
#1847=DIRECTION('center_axis',(0.,0.,-1.));
#1848=DIRECTION('ref_axis',(-1.,0.,0.));
#1849=DIRECTION('center_axis',(0.,0.,1.));
#1850=DIRECTION('ref_axis',(-1.,0.,0.));
#1851=DIRECTION('',(0.,0.,-1.));
#1852=DIRECTION('center_axis',(0.,0.,-1.));
#1853=DIRECTION('ref_axis',(-0.8366600158479,0.547722573828569,0.));
#1854=DIRECTION('',(0.,0.,1.));
#1855=DIRECTION('center_axis',(-1.,0.,0.));
#1856=DIRECTION('ref_axis',(0.,-1.,0.));
#1857=DIRECTION('',(0.,0.,1.));
#1858=DIRECTION('center_axis',(-0.990681239489807,0.136200887379413,0.));
#1859=DIRECTION('ref_axis',(-0.136200887379413,-0.990681239489807,0.));
#1860=DIRECTION('',(0.,0.,1.));
#1861=DIRECTION('',(-0.136200887379413,-0.990681239489807,0.));
#1862=DIRECTION('center_axis',(0.,0.,-1.));
#1863=DIRECTION('ref_axis',(-1.,0.,0.));
#1864=DIRECTION('',(0.,0.,-1.));
#1865=DIRECTION('center_axis',(0.,0.,-1.));
#1866=DIRECTION('ref_axis',(-1.,0.,0.));
#1867=DIRECTION('',(0.,0.,-1.));
#1868=DIRECTION('center_axis',(-1.,0.,0.));
#1869=DIRECTION('ref_axis',(0.,-1.,0.));
#1870=DIRECTION('',(0.,0.,1.));
#1871=DIRECTION('center_axis',(0.,1.,0.));
#1872=DIRECTION('ref_axis',(-1.,0.,0.));
#1873=DIRECTION('center_axis',(0.,0.,-1.));
#1874=DIRECTION('ref_axis',(0.,1.,0.));
#1875=DIRECTION('center_axis',(0.,0.,1.));
#1876=DIRECTION('ref_axis',(0.,1.,0.));
#1877=DIRECTION('center_axis',(1.,-3.10946285121E-15,0.));
#1878=DIRECTION('ref_axis',(-3.10946285121E-15,-1.,0.));
#1879=DIRECTION('',(-6.24051041640795E-30,-2.00694162143778E-15,1.));
#1880=DIRECTION('',(0.,0.,-1.));
#1881=DIRECTION('center_axis',(0.,0.,1.));
#1882=DIRECTION('ref_axis',(1.,0.,0.));
#1883=DIRECTION('',(1.,0.,0.));
#1884=DIRECTION('',(0.136200887379413,-0.990681239489807,0.));
#1885=DIRECTION('',(-1.,0.,0.));
#1886=DIRECTION('',(-1.1686558153949E-16,1.,0.));
#1887=DIRECTION('center_axis',(0.,0.,-1.));
#1888=DIRECTION('ref_axis',(0.707106781186547,0.707106781186548,0.));
#1889=DIRECTION('',(-1.,-1.38777878078145E-16,0.));
#1890=DIRECTION('center_axis',(0.,0.,-1.));
#1891=DIRECTION('ref_axis',(-0.707106781186547,0.707106781186548,0.));
#1892=DIRECTION('',(0.,-1.,0.));
#1893=DIRECTION('',(1.,-2.77555756156289E-16,0.));
#1894=DIRECTION('center_axis',(0.,0.,-1.));
#1895=DIRECTION('ref_axis',(1.,0.,0.));
#1896=DIRECTION('center_axis',(0.,-1.,0.));
#1897=DIRECTION('ref_axis',(1.,0.,0.));
#1898=DIRECTION('',(1.,0.,0.));
#1899=DIRECTION('center_axis',(0.,-1.,0.));
#1900=DIRECTION('ref_axis',(0.707106781186548,0.,0.707106781186548));
#1901=DIRECTION('',(0.,0.,-1.));
#1902=DIRECTION('',(1.,0.,0.));
#1903=DIRECTION('',(0.,0.,1.));
#1904=DIRECTION('center_axis',(-1.,0.,0.));
#1905=DIRECTION('ref_axis',(0.,1.,0.));
#1906=DIRECTION('',(0.,2.00694162143778E-15,-1.));
#1907=DIRECTION('',(0.,0.,1.));
#1908=DIRECTION('center_axis',(0.,0.,1.));
#1909=DIRECTION('ref_axis',(0.,1.,0.));
#1910=DIRECTION('center_axis',(0.,0.,-1.));
#1911=DIRECTION('ref_axis',(0.,1.,0.));
#1912=DIRECTION('center_axis',(0.,0.,-1.));
#1913=DIRECTION('ref_axis',(0.,-1.,0.));
#1914=DIRECTION('center_axis',(0.,0.,1.));
#1915=DIRECTION('ref_axis',(0.,1.,0.));
#1916=DIRECTION('',(0.,0.,1.));
#1917=DIRECTION('center_axis',(0.,-1.,-2.00694162143778E-15));
#1918=DIRECTION('ref_axis',(0.,2.00694162143778E-15,-1.));
#1919=DIRECTION('',(0.,0.,-1.));
#1920=DIRECTION('',(1.,0.,0.));
#1921=DIRECTION('',(0.,0.,-1.));
#1922=DIRECTION('',(-1.,0.,0.));
#1923=DIRECTION('',(0.,0.,-1.));
#1924=DIRECTION('center_axis',(1.,1.1686558153949E-16,0.));
#1925=DIRECTION('ref_axis',(-1.1686558153949E-16,1.,0.));
#1926=DIRECTION('',(0.,0.,-1.));
#1927=DIRECTION('',(7.25267922852896E-16,-1.,0.));
#1928=DIRECTION('',(0.,0.,-1.));
#1929=DIRECTION('center_axis',(-1.,-1.1686558153949E-16,0.));
#1930=DIRECTION('ref_axis',(0.,-0.54297114408886,0.83975135408455));
#1931=DIRECTION('',(4.79575061970769E-17,-0.41036467337367,-0.911921506954914));
#1932=DIRECTION('',(0.,0.,1.));
#1933=DIRECTION('',(1.1686558153949E-16,-1.,0.));
#1934=DIRECTION('',(0.,0.,-1.));
#1935=DIRECTION('',(-7.25267922852896E-16,1.,0.));
#1936=DIRECTION('',(0.,0.,-1.));
#1937=DIRECTION('center_axis',(0.,0.,-1.));
#1938=DIRECTION('ref_axis',(0.,1.,0.));
#1939=DIRECTION('',(-1.,0.,0.));
#1940=DIRECTION('center_axis',(0.,0.,1.));
#1941=DIRECTION('ref_axis',(1.,-6.93889390390723E-17,0.));
#1942=DIRECTION('',(-1.,-2.77555756156289E-16,0.));
#1943=DIRECTION('center_axis',(0.,0.,1.));
#1944=DIRECTION('ref_axis',(0.,1.,0.));
#1945=DIRECTION('',(-3.62633961426447E-16,-1.,0.));
#1946=DIRECTION('center_axis',(0.,0.,-1.));
#1947=DIRECTION('ref_axis',(-1.,0.,0.));
#1948=DIRECTION('center_axis',(0.,0.,1.));
#1949=DIRECTION('ref_axis',(1.,0.,0.));
#1950=DIRECTION('center_axis',(0.,0.,-1.));
#1951=DIRECTION('ref_axis',(0.,1.,0.));
#1952=DIRECTION('center_axis',(0.,0.,1.));
#1953=DIRECTION('ref_axis',(-1.,0.,0.));
#1954=DIRECTION('center_axis',(0.,0.,1.));
#1955=DIRECTION('ref_axis',(-1.,0.,0.));
#1956=DIRECTION('',(0.,0.,1.));
#1957=DIRECTION('center_axis',(0.,-1.,-2.00694162143778E-15));
#1958=DIRECTION('ref_axis',(0.,2.00694162143778E-15,-1.));
#1959=DIRECTION('',(1.,0.,0.));
#1960=DIRECTION('center_axis',(0.,0.,1.));
#1961=DIRECTION('ref_axis',(0.,-1.,0.));
#1962=DIRECTION('',(3.62633961426447E-16,1.,0.));
#1963=DIRECTION('center_axis',(0.,0.,-1.));
#1964=DIRECTION('ref_axis',(0.,1.,0.));
#1965=DIRECTION('',(1.,2.77555756156289E-16,0.));
#1966=DIRECTION('center_axis',(0.,0.,-1.));
#1967=DIRECTION('ref_axis',(1.,-6.93889390390723E-17,0.));
#1968=DIRECTION('center_axis',(0.,0.,-1.));
#1969=DIRECTION('ref_axis',(1.,0.,0.));
#1970=DIRECTION('center_axis',(0.,0.,1.));
#1971=DIRECTION('ref_axis',(0.707106781186547,0.707106781186548,0.));
#1972=DIRECTION('',(0.,0.,1.));
#1973=DIRECTION('center_axis',(-1.38777878078145E-16,1.,0.));
#1974=DIRECTION('ref_axis',(-1.,-1.38777878078145E-16,0.));
#1975=DIRECTION('',(0.,0.,-1.));
#1976=DIRECTION('center_axis',(0.,0.,1.));
#1977=DIRECTION('ref_axis',(-0.707106781186547,0.707106781186548,0.));
#1978=DIRECTION('',(0.,0.,1.));
#1979=DIRECTION('center_axis',(-1.,0.,0.));
#1980=DIRECTION('ref_axis',(0.,-1.,0.));
#1981=DIRECTION('',(0.,0.,1.));
#1982=DIRECTION('center_axis',(0.,1.,0.));
#1983=DIRECTION('ref_axis',(0.707106781186548,0.,0.707106781186548));
#1984=DIRECTION('',(0.,1.,0.));
#1985=DIRECTION('center_axis',(-2.77555756156289E-16,1.,0.));
#1986=DIRECTION('ref_axis',(0.707106781186548,0.,0.707106781186548));
#1987=DIRECTION('',(0.,-1.,0.));
#1988=DIRECTION('center_axis',(0.,0.,1.));
#1989=DIRECTION('ref_axis',(1.,0.,0.));
#1990=DIRECTION('',(-1.,-2.77555756156289E-16,0.));
#1991=DIRECTION('center_axis',(1.,0.,0.));
#1992=DIRECTION('ref_axis',(0.,0.,-1.));
#1993=DIRECTION('',(0.,0.,1.));
#1994=DIRECTION('',(0.,1.,0.));
#1995=DIRECTION('center_axis',(0.,0.,1.));
#1996=DIRECTION('ref_axis',(1.,0.,0.));
#1997=DIRECTION('',(-1.,-2.77555756156289E-16,0.));
#1998=DIRECTION('',(0.,-1.,0.));
#1999=DIRECTION('center_axis',(0.,0.,1.));
#2000=DIRECTION('ref_axis',(-0.707106781186547,0.707106781186548,0.));
#2001=DIRECTION('',(-1.,-1.38777878078145E-16,0.));
#2002=DIRECTION('center_axis',(0.,0.,1.));
#2003=DIRECTION('ref_axis',(0.707106781186547,0.707106781186548,0.));
#2004=DIRECTION('',(-1.,0.,0.));
#2005=DIRECTION('',(0.,1.,0.));
#2006=DIRECTION('center_axis',(0.,0.,-1.));
#2007=DIRECTION('ref_axis',(0.8366600158479,0.547722573828569,0.));
#2008=DIRECTION('center_axis',(0.,0.,1.));
#2009=DIRECTION('ref_axis',(1.,0.,0.));
#2010=DIRECTION('',(0.136200887379413,-0.990681239489807,0.));
#2011=DIRECTION('center_axis',(0.,0.,-1.));
#2012=DIRECTION('ref_axis',(1.,0.,0.));
#2013=DIRECTION('center_axis',(0.,0.,-1.));
#2014=DIRECTION('ref_axis',(1.,0.,0.));
#2015=DIRECTION('center_axis',(0.,0.,1.));
#2016=DIRECTION('ref_axis',(1.,0.,0.));
#2017=DIRECTION('center_axis',(0.,0.,1.));
#2018=DIRECTION('ref_axis',(1.,0.,0.));
#2019=DIRECTION('center_axis',(1.,0.,0.));
#2020=DIRECTION('ref_axis',(0.,-0.54297114408886,0.83975135408455));
#2021=DIRECTION('center_axis',(0.990681239489807,0.136200887379413,0.));
#2022=DIRECTION('ref_axis',(0.136200887379413,-0.990681239489807,-2.13101192415743E-15));
#2023=DIRECTION('',(1.,0.,0.));
#2024=DIRECTION('center_axis',(0.,0.,1.));
#2025=DIRECTION('ref_axis',(0.707106781186547,0.707106781186548,0.));
#2026=DIRECTION('',(0.,0.,1.));
#2027=DIRECTION('center_axis',(0.,0.,1.));
#2028=DIRECTION('ref_axis',(-0.707106781186547,0.707106781186548,0.));
#2029=DIRECTION('',(0.,0.,-1.));
#2030=DIRECTION('',(0.,0.,1.));
#2031=DIRECTION('center_axis',(-1.38777878078145E-16,1.,0.));
#2032=DIRECTION('ref_axis',(-1.,-1.38777878078145E-16,0.));
#2033=DIRECTION('center_axis',(0.,0.,1.));
#2034=DIRECTION('ref_axis',(1.,0.,0.));
#2035=DIRECTION('',(0.,0.,-1.));
#2036=DIRECTION('center_axis',(0.,0.,1.));
#2037=DIRECTION('ref_axis',(0.8366600158479,0.547722573828569,0.));
#2038=DIRECTION('',(0.,0.,1.));
#2039=DIRECTION('center_axis',(0.,-0.911921506954914,0.41036467337367));
#2040=DIRECTION('ref_axis',(0.,0.41036467337367,0.911921506954914));
#2041=DIRECTION('',(0.,0.,-1.));
#2042=DIRECTION('center_axis',(-1.,0.,0.));
#2043=DIRECTION('ref_axis',(0.,-1.,0.));
#2044=DIRECTION('',(0.,0.,1.));
#2045=DIRECTION('',(0.,0.41036467337367,0.911921506954914));
#2046=DIRECTION('center_axis',(0.,0.911921506954914,-0.41036467337367));
#2047=DIRECTION('ref_axis',(0.,0.41036467337367,0.911921506954914));
#2048=DIRECTION('',(-0.0563282022686481,0.409713140020052,0.910473655041205));
#2049=DIRECTION('center_axis',(0.,0.911921506954914,-0.41036467337367));
#2050=DIRECTION('ref_axis',(0.,0.41036467337367,0.911921506954914));
#2051=DIRECTION('',(-1.,0.,0.));
#2052=DIRECTION('center_axis',(-0.990681239489807,-0.136200887379413,0.));
#2053=DIRECTION('ref_axis',(0.136200887379413,-0.990681239489807,0.));
#2054=DIRECTION('',(0.,0.,1.));
#2055=DIRECTION('center_axis',(0.,0.,1.));
#2056=DIRECTION('ref_axis',(1.,0.,0.));
#2057=DIRECTION('',(0.,0.,-1.));
#2058=DIRECTION('center_axis',(0.,0.,1.));
#2059=DIRECTION('ref_axis',(1.,0.,0.));
#2060=DIRECTION('',(0.,0.,-1.));
#2061=DIRECTION('center_axis',(-2.77555756156289E-16,1.,0.));
#2062=DIRECTION('ref_axis',(-1.,-2.77555756156289E-16,0.));
#2063=DIRECTION('',(0.,0.,1.));
#2064=DIRECTION('center_axis',(-1.,0.,0.));
#2065=DIRECTION('ref_axis',(0.,-1.,0.));
#2066=DIRECTION('center_axis',(0.,-1.,0.));
#2067=DIRECTION('ref_axis',(1.,0.,0.));
#2068=DIRECTION('center_axis',(0.,0.,1.));
#2069=DIRECTION('ref_axis',(1.,0.,0.));
#2070=CARTESIAN_POINT('',(0.,0.,0.));
#2071=CARTESIAN_POINT('Origin',(0.,-16.,7.));
#2072=CARTESIAN_POINT('',(-10.3542486889354,-15.,7.));
#2073=CARTESIAN_POINT('',(-11.4000001422956,-15.6660606180675,6.05740544814084));
#2074=CARTESIAN_POINT('Ctrl Pts',(-11.4000001422976,-15.6660606180684,6.05740544814052));
#2075=CARTESIAN_POINT('Ctrl Pts',(-11.2826595013644,-15.6148489692838,6.07554854721648));
#2076=CARTESIAN_POINT('Ctrl Pts',(-11.1704397284023,-15.5591219386519,6.09989283374961));
#2077=CARTESIAN_POINT('Ctrl Pts',(-10.8833395914699,-15.4003859813946,6.19139795947108));
#2078=CARTESIAN_POINT('Ctrl Pts',(-10.7200348234841,-15.2910313266416,6.27297508361587));
#2079=CARTESIAN_POINT('Ctrl Pts',(-10.517647370056,-15.1376518886883,6.48640165525614));
#2080=CARTESIAN_POINT('Ctrl Pts',(-10.4571167760884,-15.0881391769144,6.57580741324084));
#2081=CARTESIAN_POINT('Ctrl Pts',(-10.3754882337433,-15.0190720537221,6.77816574940758));
#2082=CARTESIAN_POINT('Ctrl Pts',(-10.3542486889354,-15.,6.89122551712583));
#2083=CARTESIAN_POINT('Ctrl Pts',(-10.3542486889354,-15.,7.));
#2084=CARTESIAN_POINT('',(-16.,-15.,7.));
#2085=CARTESIAN_POINT('',(0.,-15.,7.));
#2086=CARTESIAN_POINT('',(-16.,-16.,6.));
#2087=CARTESIAN_POINT('Origin',(-16.,-16.,7.));
#2088=CARTESIAN_POINT('',(-11.8127765740896,-16.,6.));
#2089=CARTESIAN_POINT('',(0.,-16.,6.));
#2090=CARTESIAN_POINT('Ctrl Pts',(-11.8127765740896,-16.,6.));
#2091=CARTESIAN_POINT('Ctrl Pts',(-11.767774988763,-15.9372163622333,6.));
#2092=CARTESIAN_POINT('Ctrl Pts',(-11.7127054087642,-15.877502971604,6.00638785586498));
#2093=CARTESIAN_POINT('Ctrl Pts',(-11.5847565018552,-15.7653616605925,6.0256700652521));
#2094=CARTESIAN_POINT('Ctrl Pts',(-11.4961705084384,-15.7080328023116,6.04253567699994));
#2095=CARTESIAN_POINT('Ctrl Pts',(-11.4000001422956,-15.6660606180675,6.05740544814084));
#2096=CARTESIAN_POINT('Origin',(0.,-15.,10.8888889919093));
#2097=CARTESIAN_POINT('',(-10.3542486889354,-15.,10.8888889919093));
#2098=CARTESIAN_POINT('',(-10.3542486889354,-15.,0.));
#2099=CARTESIAN_POINT('',(-16.,-15.,10.8888889919093));
#2100=CARTESIAN_POINT('',(0.,-15.,10.8888889919093));
#2101=CARTESIAN_POINT('',(-16.,-15.,5.44444449595463));
#2102=CARTESIAN_POINT('Origin',(0.,-15.,6.));
#2103=CARTESIAN_POINT('',(-16.,-17.2000000208616,6.));
#2104=CARTESIAN_POINT('',(-16.,-17.,6.));
#2105=CARTESIAN_POINT('',(-12.0000001788139,-17.2000000208616,6.));
#2106=CARTESIAN_POINT('',(0.,-17.2000000208616,6.));
#2107=CARTESIAN_POINT('',(-12.0000001788139,-16.5825757729966,6.));
#2108=CARTESIAN_POINT('',(-12.0000001788139,-15.4364916961885,6.));
#2109=CARTESIAN_POINT('Origin',(-11.0000001788139,-16.5825757729966,6.));
#2110=CARTESIAN_POINT('Origin',(0.,-19.,2.));
#2111=CARTESIAN_POINT('',(-16.,-19.,2.));
#2112=CARTESIAN_POINT('',(-16.,-19.374220371344,1.16839916515308));
#2113=CARTESIAN_POINT('',(-12.0000001788139,-19.,2.));
#2114=CARTESIAN_POINT('',(-6.00000008940697,-19.,2.));
#2115=CARTESIAN_POINT('',(-12.0000001788139,-19.1109268782722,1.75349582320482));
#2116=CARTESIAN_POINT('Origin',(0.,-19.,2.));
#2117=CARTESIAN_POINT('',(-9.03727504204077,-12.5448035495176,16.3448811673261));
#2118=CARTESIAN_POINT('Origin',(-13.,-12.,17.5555557358412));
#2119=CARTESIAN_POINT('',(-8.83332593856023,-11.0613436799348,19.6414586934947));
#2120=CARTESIAN_POINT('',(-9.81920137509868,-18.2322830052544,3.70603778587398));
#2121=CARTESIAN_POINT('',(-16.,-11.0613436799348,19.6414586934947));
#2122=CARTESIAN_POINT('',(0.,-11.0613436799348,19.6414586934947));
#2123=CARTESIAN_POINT('',(-16.,-19.374220371344,1.16839916515308));
#2124=CARTESIAN_POINT('Origin',(-13.,-12.,0.));
#2125=CARTESIAN_POINT('',(-11.4000001430511,-15.6660606183973,0.));
#2126=CARTESIAN_POINT('',(-11.4000001430511,-15.6660606183973,0.));
#2127=CARTESIAN_POINT('',(-9.03727504204077,-12.5448035495176,0.));
#2128=CARTESIAN_POINT('Origin',(-13.,-12.,0.));
#2129=CARTESIAN_POINT('',(-9.03727504204077,-12.5448035495176,0.));
#2130=CARTESIAN_POINT('Origin',(-12.,1.11022302462516E-15,18.5));
#2131=CARTESIAN_POINT('',(-5.78889744907201,-5.00000010430813,16.5264314174126));
#2132=CARTESIAN_POINT('',(-8.00000000000001,-5.00000010430813,18.0968756811162));
#2133=CARTESIAN_POINT('Ctrl Pts',(-7.99999999999995,-5.00000010430813,18.0968756811162));
#2134=CARTESIAN_POINT('Ctrl Pts',(-7.01521409600781,-5.00000010430813,17.4816848118164));
#2135=CARTESIAN_POINT('Ctrl Pts',(-5.78889744907202,-5.00000010430813,16.5264314174126));
#2136=CARTESIAN_POINT('',(-5.78889744907202,-2.06155281280884,17.9557051641797));
#2137=CARTESIAN_POINT('Ctrl Pts',(-5.78889744907202,-5.00000010430813,16.5264314174126));
#2138=CARTESIAN_POINT('Ctrl Pts',(-5.78889744907202,-3.38613239321281,17.5384423683734));
#2139=CARTESIAN_POINT('Ctrl Pts',(-5.78889744907203,-2.06155281281211,17.9557051641787));
#2140=CARTESIAN_POINT('',(-8.00000000000001,-2.06155281280885,20.));
#2141=CARTESIAN_POINT('Ctrl Pts',(-7.99999999999999,-2.06155281280884,20.));
#2142=CARTESIAN_POINT('Ctrl Pts',(-7.09908585137513,-2.06155281280884,19.1991874234446));
#2143=CARTESIAN_POINT('Ctrl Pts',(-5.78889744907201,-2.06155281280884,17.9557051641797));
#2144=CARTESIAN_POINT('Ctrl Pts',(-8.00000000000001,-2.06155281279201,20.0000000000077));
#2145=CARTESIAN_POINT('Ctrl Pts',(-8.00000000000001,-3.27432563136521,19.4444010632496));
#2146=CARTESIAN_POINT('Ctrl Pts',(-8.00000000000001,-5.00000010421172,18.0968756811915));
#2147=CARTESIAN_POINT('Origin',(-12.,1.11022302462516E-15,8.5));
#2148=CARTESIAN_POINT('',(-5.78889744907201,-5.00000010430813,10.4735685825874));
#2149=CARTESIAN_POINT('',(-8.00000000000001,-5.00000010430813,8.90312431888381));
#2150=CARTESIAN_POINT('Ctrl Pts',(-5.78889744907201,-5.00000010430813,10.4735685825874));
#2151=CARTESIAN_POINT('Ctrl Pts',(-7.01521409600785,-5.00000010430813,9.51831518818358));
#2152=CARTESIAN_POINT('Ctrl Pts',(-8.00000000000001,-5.00000010430813,8.90312431888381));
#2153=CARTESIAN_POINT('',(-8.00000000000001,-2.06155281280882,7.));
#2154=CARTESIAN_POINT('Ctrl Pts',(-8.00000000000001,-5.00000010430813,8.90312431888381));
#2155=CARTESIAN_POINT('Ctrl Pts',(-8.00000000000001,-3.27432563139663,7.55559893676482));
#2156=CARTESIAN_POINT('Ctrl Pts',(-8.00000000000001,-2.06155281279203,6.9999999999923));
#2157=CARTESIAN_POINT('',(-5.78889744907202,-2.06155281280884,9.04429483582029));
#2158=CARTESIAN_POINT('Ctrl Pts',(-5.78889744907201,-2.06155281280883,9.0442948358203));
#2159=CARTESIAN_POINT('Ctrl Pts',(-7.09908585138101,-2.06155281280884,7.80081257654986));
#2160=CARTESIAN_POINT('Ctrl Pts',(-8.00000000000867,-2.06155281280884,6.9999999999923));
#2161=CARTESIAN_POINT('Ctrl Pts',(-5.78889744907202,-2.06155281281306,9.04429483582162));
#2162=CARTESIAN_POINT('Ctrl Pts',(-5.78889744907202,-3.38613239321336,9.4615576316269));
#2163=CARTESIAN_POINT('Ctrl Pts',(-5.78889744907201,-5.00000010430812,10.4735685825874));
#2164=CARTESIAN_POINT('Origin',(-5.78889744907202,-2.06155281280884,22.));
#2165=CARTESIAN_POINT('',(-5.78889744907201,-5.00000010430813,11.));
#2166=CARTESIAN_POINT('',(-5.78889744907202,-2.06155281280884,19.5));
#2167=CARTESIAN_POINT('Origin',(-18.211102550928,-4.20383219239969,22.));
#2168=CARTESIAN_POINT('',(-18.211102550928,-2.06155281280884,9.04429483582029));
#2169=CARTESIAN_POINT('',(-18.211102550928,-4.20383219239969,10.));
#2170=CARTESIAN_POINT('Ctrl Pts',(-18.211102550928,-2.06155281280884,9.04429483582029));
#2171=CARTESIAN_POINT('Ctrl Pts',(-18.211102550928,-3.05980214068942,9.35875861861932));
#2172=CARTESIAN_POINT('Ctrl Pts',(-18.211102550928,-4.20383219239969,10.));
#2173=CARTESIAN_POINT('',(-18.211102550928,-4.20383219239969,17.));
#2174=CARTESIAN_POINT('',(-18.211102550928,-4.20383219239969,13.5));
#2175=CARTESIAN_POINT('',(-18.211102550928,-2.06155281280884,17.9557051641797));
#2176=CARTESIAN_POINT('Ctrl Pts',(-18.211102550928,-4.20383219239969,17.));
#2177=CARTESIAN_POINT('Ctrl Pts',(-18.211102550928,-3.05980214071266,17.6412413813806));
#2178=CARTESIAN_POINT('Ctrl Pts',(-18.211102550928,-2.06155281280884,17.9557051641797));
#2179=CARTESIAN_POINT('',(-18.211102550928,-2.06155281280884,19.5));
#2180=CARTESIAN_POINT('Origin',(-12.,1.11022302462516E-15,8.5));
#2181=CARTESIAN_POINT('',(-16.,-2.06155281280882,7.));
#2182=CARTESIAN_POINT('Ctrl Pts',(-15.9999999999913,-2.06155281280884,6.9999999999923));
#2183=CARTESIAN_POINT('Ctrl Pts',(-16.9009141486189,-2.06155281280884,7.80081257654977));
#2184=CARTESIAN_POINT('Ctrl Pts',(-18.211102550928,-2.06155281280884,9.04429483582028));
#2185=CARTESIAN_POINT('',(-16.,-6.34428877022476,10.));
#2186=CARTESIAN_POINT('Ctrl Pts',(-16.,-2.06155281279202,6.9999999999923));
#2187=CARTESIAN_POINT('Ctrl Pts',(-16.,-3.66757879682758,7.73575719661702));
#2188=CARTESIAN_POINT('Ctrl Pts',(-16.,-6.34428877022476,10.));
#2189=CARTESIAN_POINT('Origin',(-12.,1.11022302462516E-15,10.));
#2190=CARTESIAN_POINT('Origin',(-12.,1.11022302462516E-15,13.5));
#2191=CARTESIAN_POINT('',(-16.,-6.34428877022476,17.));
#2192=CARTESIAN_POINT('',(-16.,-6.34428877022476,13.5));
#2193=CARTESIAN_POINT('Origin',(-12.,1.11022302462516E-15,17.));
#2194=CARTESIAN_POINT('Origin',(0.,-2.06155281280884,17.));
#2195=CARTESIAN_POINT('',(-8.,-2.06155281280884,10.));
#2196=CARTESIAN_POINT('',(-8.,-2.06155281280884,20.));
#2197=CARTESIAN_POINT('',(-6.90098048640721,-2.06155281280883,10.));
#2198=CARTESIAN_POINT('',(4.,-2.06155281280884,10.));
#2199=CARTESIAN_POINT('',(-6.90098048640722,-2.06155281280884,17.));
#2200=CARTESIAN_POINT('',(-6.90098066522115,-2.06155281280883,10.));
#2201=CARTESIAN_POINT('',(-8.,-2.06155281280884,17.));
#2202=CARTESIAN_POINT('',(4.,-2.06155281280884,17.));
#2203=CARTESIAN_POINT('',(-8.,-2.06155281280884,20.));
#2204=CARTESIAN_POINT('Origin',(-16.,-19.,0.));
#2205=CARTESIAN_POINT('',(-16.,-7.41365765211511,22.));
#2206=CARTESIAN_POINT('Origin',(-16.,-7.41365765211511,18.));
#2207=CARTESIAN_POINT('',(-16.,1.,22.));
#2208=CARTESIAN_POINT('',(-16.,2.22044604925031E-15,22.));
#2209=CARTESIAN_POINT('',(-16.,1.,17.));
#2210=CARTESIAN_POINT('',(-16.,1.,20.));
#2211=CARTESIAN_POINT('',(-16.,-2.06155281280884,17.));
#2212=CARTESIAN_POINT('',(-16.,0.469223593595594,17.));
#2213=CARTESIAN_POINT('',(-16.,-2.06155281280885,20.));
#2214=CARTESIAN_POINT('',(-16.,-2.06155281280884,20.));
#2215=CARTESIAN_POINT('Ctrl Pts',(-16.,-6.34428877022476,17.));
#2216=CARTESIAN_POINT('Ctrl Pts',(-16.,-3.66757879682756,19.264242803383));
#2217=CARTESIAN_POINT('Ctrl Pts',(-16.,-2.061552812792,20.0000000000077));
#2218=CARTESIAN_POINT('',(-16.,-2.06155281280884,10.));
#2219=CARTESIAN_POINT('',(-16.,-2.06155281280884,20.));
#2220=CARTESIAN_POINT('',(-16.,1.,10.));
#2221=CARTESIAN_POINT('',(-16.,-2.53077640640441,10.));
#2222=CARTESIAN_POINT('',(-16.,1.,0.));
#2223=CARTESIAN_POINT('',(-16.,1.,0.));
#2224=CARTESIAN_POINT('',(-16.,-19.,0.));
#2225=CARTESIAN_POINT('',(-16.,2.22044604925031E-15,0.));
#2226=CARTESIAN_POINT('',(-16.,-19.,0.));
#2227=CARTESIAN_POINT('Origin',(16.,-3.,10.));
#2228=CARTESIAN_POINT('',(-17.0990195135928,-2.06155281280883,10.));
#2229=CARTESIAN_POINT('',(-2.88876746717994,-2.06155281280884,10.));
#2230=CARTESIAN_POINT('Origin',(-12.0000001788139,0.,10.));
#2231=CARTESIAN_POINT('',(-8.00000000000001,1.,10.));
#2232=CARTESIAN_POINT('',(-8.,-1.,10.));
#2233=CARTESIAN_POINT('',(-10.,3.,10.));
#2234=CARTESIAN_POINT('Origin',(-10.,1.,10.));
#2235=CARTESIAN_POINT('',(-14.,3.,10.));
#2236=CARTESIAN_POINT('',(1.,3.,10.));
#2237=CARTESIAN_POINT('Origin',(-14.,1.,10.));
#2238=CARTESIAN_POINT('',(-10.5,9.26526004753053E-16,10.));
#2239=CARTESIAN_POINT('Origin',(-12.,1.11022302462516E-15,10.));
#2240=CARTESIAN_POINT('Origin',(-12.,1.11022302462516E-15,18.5));
#2241=CARTESIAN_POINT('Ctrl Pts',(-18.211102550928,-2.06155281280884,17.9557051641797));
#2242=CARTESIAN_POINT('Ctrl Pts',(-16.9009141486249,-2.06155281280884,19.1991874234445));
#2243=CARTESIAN_POINT('Ctrl Pts',(-16.,-2.06155281280884,20.));
#2244=CARTESIAN_POINT('Origin',(-12.0000001788139,0.,10.));
#2245=CARTESIAN_POINT('',(-17.0990195135928,-2.06155281280884,17.));
#2246=CARTESIAN_POINT('Origin',(-12.0000001788139,0.,17.));
#2247=CARTESIAN_POINT('',(-17.0990196924067,-2.06155281280883,10.));
#2248=CARTESIAN_POINT('Origin',(0.,-2.06155281280884,17.));
#2249=CARTESIAN_POINT('',(-2.88876746717994,-2.06155281280884,17.));
#2250=CARTESIAN_POINT('Origin',(16.,3.,17.));
#2251=CARTESIAN_POINT('',(-14.,3.,17.));
#2252=CARTESIAN_POINT('Origin',(-14.,1.,17.));
#2253=CARTESIAN_POINT('',(-10.,3.,17.));
#2254=CARTESIAN_POINT('',(1.,3.,17.));
#2255=CARTESIAN_POINT('',(-8.00000000000001,1.,17.));
#2256=CARTESIAN_POINT('Origin',(-10.,1.,17.));
#2257=CARTESIAN_POINT('',(-8.,2.,17.));
#2258=CARTESIAN_POINT('',(-10.5,1.29392004449726E-15,17.));
#2259=CARTESIAN_POINT('Origin',(-12.,1.11022302462516E-15,17.));
#2260=CARTESIAN_POINT('Origin',(-14.,1.,0.));
#2261=CARTESIAN_POINT('',(-14.,3.,22.));
#2262=CARTESIAN_POINT('',(-14.,3.,0.));
#2263=CARTESIAN_POINT('Origin',(-14.,1.,22.));
#2264=CARTESIAN_POINT('Origin',(-16.,3.,0.));
#2265=CARTESIAN_POINT('',(-10.,3.,22.));
#2266=CARTESIAN_POINT('',(-10.,3.,20.));
#2267=CARTESIAN_POINT('',(-16.,3.,22.));
#2268=CARTESIAN_POINT('Origin',(-10.,1.,0.));
#2269=CARTESIAN_POINT('',(-8.00000000000001,1.,22.));
#2270=CARTESIAN_POINT('',(-8.00000000000001,1.,0.));
#2271=CARTESIAN_POINT('Origin',(-10.,1.,22.));
#2272=CARTESIAN_POINT('Origin',(-8.00000000000001,3.,0.));
#2273=CARTESIAN_POINT('',(-8.00000000000001,-5.00000010430813,22.));
#2274=CARTESIAN_POINT('',(-8.00000000000001,3.,22.));
#2275=CARTESIAN_POINT('',(-8.00000000000001,-5.00000010430813,0.));
#2276=CARTESIAN_POINT('Origin',(-1.99999995529652,-7.00000010430813,4.));
#2277=CARTESIAN_POINT('',(-2.99999995529652,-7.00000010430813,4.));
#2278=CARTESIAN_POINT('',(-1.99999995529652,-7.00000010430813,5.));
#2279=CARTESIAN_POINT('Origin',(-1.99999995529652,-7.00000010430813,4.));
#2280=CARTESIAN_POINT('',(-2.99999995529652,-5.00000010430813,4.));
#2281=CARTESIAN_POINT('',(-2.99999995529652,-7.00000010430813,4.));
#2282=CARTESIAN_POINT('',(-1.99999995529652,-5.00000010430813,5.));
#2283=CARTESIAN_POINT('Origin',(-1.99999995529652,-5.00000010430813,4.));
#2284=CARTESIAN_POINT('',(-1.99999995529652,-7.00000010430813,5.));
#2285=CARTESIAN_POINT('Origin',(-2.99999995529652,-7.00000010430813,5.));
#2286=CARTESIAN_POINT('',(-2.99999995529652,-7.00000010430813,0.));
#2287=CARTESIAN_POINT('',(-2.99999995529652,-7.00000010430813,2.5));
#2288=CARTESIAN_POINT('',(-2.99999995529652,-5.00000010430813,0.));
#2289=CARTESIAN_POINT('',(-2.99999995529652,-7.50000005215406,0.));
#2290=CARTESIAN_POINT('',(-2.99999995529652,-5.00000010430813,2.5));
#2291=CARTESIAN_POINT('Origin',(0.,-8.,0.));
#2292=CARTESIAN_POINT('',(-8.27496409934957,-7.00000010430813,0.));
#2293=CARTESIAN_POINT('',(8.27496409934957,-7.00000010430813,0.));
#2294=CARTESIAN_POINT('',(-8.27496409934957,-7.00000010430813,0.));
#2295=CARTESIAN_POINT('',(-12.0000001788139,-16.5825757729966,0.));
#2296=CARTESIAN_POINT('Origin',(-11.0000001788139,-16.5825757729966,0.));
#2297=CARTESIAN_POINT('',(-12.0000001788139,-19.,0.));
#2298=CARTESIAN_POINT('',(-12.0000001788139,-19.,0.));
#2299=CARTESIAN_POINT('',(-16.,-19.,0.));
#2300=CARTESIAN_POINT('',(-14.,3.,0.));
#2301=CARTESIAN_POINT('Origin',(-14.,1.,0.));
#2302=CARTESIAN_POINT('',(-10.,3.,0.));
#2303=CARTESIAN_POINT('',(-16.,3.,0.));
#2304=CARTESIAN_POINT('',(-8.00000000000001,1.,0.));
#2305=CARTESIAN_POINT('Origin',(-10.,1.,0.));
#2306=CARTESIAN_POINT('',(-8.00000000000001,-5.00000010430813,0.));
#2307=CARTESIAN_POINT('',(-8.00000000000001,3.,0.));
#2308=CARTESIAN_POINT('',(-8.00000000000001,-5.00000010430813,0.));
#2309=CARTESIAN_POINT('',(-10.5,9.26526004753053E-16,0.));
#2310=CARTESIAN_POINT('Origin',(-12.,1.11022302462516E-15,0.));
#2311=CARTESIAN_POINT('',(-11.65,-12.,0.));
#2312=CARTESIAN_POINT('Origin',(-13.,-12.,0.));
#2313=CARTESIAN_POINT('Origin',(0.,-8.,12.));
#2314=CARTESIAN_POINT('',(-11.65,-12.,12.));
#2315=CARTESIAN_POINT('Origin',(-13.,-12.,12.));
#2316=CARTESIAN_POINT('Origin',(0.,-7.41365765211511,18.));
#2317=CARTESIAN_POINT('',(-8.33183458688552,-7.41365765211511,22.));
#2318=CARTESIAN_POINT('Origin',(-8.33183458688552,-7.41365765211511,18.));
#2319=CARTESIAN_POINT('',(0.,-7.41365765211511,22.));
#2320=CARTESIAN_POINT('Origin',(-14.,1.,0.));
#2321=CARTESIAN_POINT('',(-14.,3.,0.));
#2322=CARTESIAN_POINT('Origin',(-10.,1.,0.));
#2323=CARTESIAN_POINT('',(-10.,3.,0.));
#2324=CARTESIAN_POINT('',(-8.00000000000001,1.,0.));
#2325=CARTESIAN_POINT('Origin',(-16.,3.,0.));
#2326=CARTESIAN_POINT('Origin',(-12.,1.11022302462516E-15,0.));
#2327=CARTESIAN_POINT('',(-10.5,9.26526004753053E-16,22.));
#2328=CARTESIAN_POINT('Origin',(-12.,1.11022302462516E-15,22.));
#2329=CARTESIAN_POINT('',(-10.5,9.26526004753053E-16,0.));
#2330=CARTESIAN_POINT('Origin',(-11.0000001788139,-16.5825757729966,0.));
#2331=CARTESIAN_POINT('',(-12.0000001788139,-16.5825757729966,0.));
#2332=CARTESIAN_POINT('Origin',(-12.0000001788139,-15.872983392377,0.));
#2333=CARTESIAN_POINT('',(-12.0000001788139,-19.,0.));
#2334=CARTESIAN_POINT('Origin',(-8.27496409934957,-7.00000010430813,0.));
#2335=CARTESIAN_POINT('',(-8.27496409934957,-7.00000010430813,22.));
#2336=CARTESIAN_POINT('',(-8.27496409934957,-7.00000010430813,0.));
#2337=CARTESIAN_POINT('',(-8.27496409934957,-7.00000010430813,22.));
#2338=CARTESIAN_POINT('Origin',(-13.,-12.,0.));
#2339=CARTESIAN_POINT('',(-11.65,-12.,0.));
#2340=CARTESIAN_POINT('Origin',(-12.,1.11022302462516E-15,0.));
#2341=CARTESIAN_POINT('',(-10.5,9.26526004753053E-16,0.));
#2342=CARTESIAN_POINT('Origin',(-8.00000000000001,3.,0.));
#2343=CARTESIAN_POINT('',(-8.00000000000001,-5.00000010430813,0.));
#2344=CARTESIAN_POINT('Origin',(-12.0000001788139,-19.,0.));
#2345=CARTESIAN_POINT('Origin',(12.,1.11022302462516E-15,18.5));
#2346=CARTESIAN_POINT('',(5.78889744907201,-5.00000010430813,16.5264314174126));
#2347=CARTESIAN_POINT('',(8.00000000000001,-5.00000010430813,18.0968756811162));
#2348=CARTESIAN_POINT('Ctrl Pts',(7.99999999999995,-5.00000010430813,18.0968756811162));
#2349=CARTESIAN_POINT('Ctrl Pts',(7.01521409600781,-5.00000010430813,17.4816848118164));
#2350=CARTESIAN_POINT('Ctrl Pts',(5.78889744907202,-5.00000010430813,16.5264314174126));
#2351=CARTESIAN_POINT('',(8.00000000000001,-2.06155281280885,20.));
#2352=CARTESIAN_POINT('Ctrl Pts',(8.00000000000001,-2.06155281279201,20.0000000000077));
#2353=CARTESIAN_POINT('Ctrl Pts',(8.00000000000001,-3.27432563136521,19.4444010632496));
#2354=CARTESIAN_POINT('Ctrl Pts',(8.00000000000001,-5.00000010421172,18.0968756811915));
#2355=CARTESIAN_POINT('',(5.78889744907202,-2.06155281280884,17.9557051641797));
#2356=CARTESIAN_POINT('Ctrl Pts',(7.99999999999999,-2.06155281280884,20.));
#2357=CARTESIAN_POINT('Ctrl Pts',(7.09908585137513,-2.06155281280884,19.1991874234446));
#2358=CARTESIAN_POINT('Ctrl Pts',(5.78889744907201,-2.06155281280884,17.9557051641797));
#2359=CARTESIAN_POINT('Ctrl Pts',(5.78889744907202,-5.00000010430813,16.5264314174126));
#2360=CARTESIAN_POINT('Ctrl Pts',(5.78889744907202,-3.38613239321281,17.5384423683734));
#2361=CARTESIAN_POINT('Ctrl Pts',(5.78889744907203,-2.06155281281211,17.9557051641787));
#2362=CARTESIAN_POINT('Origin',(12.,1.11022302462516E-15,8.5));
#2363=CARTESIAN_POINT('',(5.78889744907201,-5.00000010430813,10.4735685825874));
#2364=CARTESIAN_POINT('',(8.00000000000001,-5.00000010430813,8.90312431888381));
#2365=CARTESIAN_POINT('Ctrl Pts',(5.78889744907201,-5.00000010430813,10.4735685825874));
#2366=CARTESIAN_POINT('Ctrl Pts',(7.01521409600785,-5.00000010430813,9.51831518818358));
#2367=CARTESIAN_POINT('Ctrl Pts',(8.00000000000001,-5.00000010430813,8.90312431888381));
#2368=CARTESIAN_POINT('',(5.78889744907202,-2.06155281280884,9.04429483582029));
#2369=CARTESIAN_POINT('Ctrl Pts',(5.78889744907202,-2.06155281281306,9.04429483582162));
#2370=CARTESIAN_POINT('Ctrl Pts',(5.78889744907202,-3.38613239321336,9.4615576316269));
#2371=CARTESIAN_POINT('Ctrl Pts',(5.78889744907201,-5.00000010430812,10.4735685825874));
#2372=CARTESIAN_POINT('',(8.00000000000001,-2.06155281280882,7.));
#2373=CARTESIAN_POINT('Ctrl Pts',(5.78889744907201,-2.06155281280883,9.0442948358203));
#2374=CARTESIAN_POINT('Ctrl Pts',(7.09908585138101,-2.06155281280884,7.80081257654986));
#2375=CARTESIAN_POINT('Ctrl Pts',(8.00000000000867,-2.06155281280884,6.9999999999923));
#2376=CARTESIAN_POINT('Ctrl Pts',(8.00000000000001,-5.00000010430813,8.90312431888381));
#2377=CARTESIAN_POINT('Ctrl Pts',(8.00000000000001,-3.27432563139663,7.55559893676482));
#2378=CARTESIAN_POINT('Ctrl Pts',(8.00000000000001,-2.06155281279203,6.9999999999923));
#2379=CARTESIAN_POINT('Origin',(5.78889744907202,-2.06155281280884,22.));
#2380=CARTESIAN_POINT('',(5.78889744907202,-2.06155281280884,19.5));
#2381=CARTESIAN_POINT('',(5.78889744907201,-5.00000010430813,11.));
#2382=CARTESIAN_POINT('Origin',(0.,-8.,22.));
#2383=CARTESIAN_POINT('',(8.27496409934957,-7.00000010430813,22.));
#2384=CARTESIAN_POINT('',(-8.27496409934957,-7.00000010430813,22.));
#2385=CARTESIAN_POINT('',(8.33183458688552,-7.41365765211511,22.));
#2386=CARTESIAN_POINT('',(8.27496409934957,-7.00000010430813,22.));
#2387=CARTESIAN_POINT('',(16.,-7.41365765211511,22.));
#2388=CARTESIAN_POINT('',(0.,-7.41365765211511,22.));
#2389=CARTESIAN_POINT('',(16.,1.,22.));
#2390=CARTESIAN_POINT('',(16.,2.22044604925031E-15,22.));
#2391=CARTESIAN_POINT('',(14.,3.,22.));
#2392=CARTESIAN_POINT('Origin',(14.,1.,22.));
#2393=CARTESIAN_POINT('',(10.,3.,22.));
#2394=CARTESIAN_POINT('',(16.,3.,22.));
#2395=CARTESIAN_POINT('',(8.00000000000001,1.,22.));
#2396=CARTESIAN_POINT('Origin',(10.,1.,22.));
#2397=CARTESIAN_POINT('',(8.00000000000001,-5.00000010430813,22.));
#2398=CARTESIAN_POINT('',(8.00000000000001,3.,22.));
#2399=CARTESIAN_POINT('',(-8.00000000000001,-5.00000010430813,22.));
#2400=CARTESIAN_POINT('',(10.5,9.26526004753053E-16,22.));
#2401=CARTESIAN_POINT('Origin',(12.,1.11022302462516E-15,22.));
#2402=CARTESIAN_POINT('Origin',(-8.27496409934957,-7.00000010430813,0.));
#2403=CARTESIAN_POINT('',(1.99999995529652,-7.00000010430813,5.));
#2404=CARTESIAN_POINT('',(-5.63748207202653,-7.00000010430813,5.));
#2405=CARTESIAN_POINT('',(2.99999995529652,-7.00000010430813,4.));
#2406=CARTESIAN_POINT('Origin',(1.99999995529652,-7.00000010430813,4.));
#2407=CARTESIAN_POINT('',(2.99999995529652,-7.00000010430813,0.));
#2408=CARTESIAN_POINT('',(2.99999995529652,-7.00000010430813,2.5));
#2409=CARTESIAN_POINT('',(8.27496409934957,-7.00000010430813,0.));
#2410=CARTESIAN_POINT('',(-8.27496409934957,-7.00000010430813,0.));
#2411=CARTESIAN_POINT('',(8.27496409934957,-7.00000010430813,0.));
#2412=CARTESIAN_POINT('Origin',(18.211102550928,-4.20383219239969,22.));
#2413=CARTESIAN_POINT('',(18.211102550928,-2.06155281280884,9.04429483582029));
#2414=CARTESIAN_POINT('',(18.211102550928,-4.20383219239969,10.));
#2415=CARTESIAN_POINT('Ctrl Pts',(18.211102550928,-2.06155281280884,9.04429483582029));
#2416=CARTESIAN_POINT('Ctrl Pts',(18.211102550928,-3.05980214068942,9.35875861861932));
#2417=CARTESIAN_POINT('Ctrl Pts',(18.211102550928,-4.20383219239969,10.));
#2418=CARTESIAN_POINT('',(18.211102550928,-2.06155281280884,17.9557051641797));
#2419=CARTESIAN_POINT('',(18.211102550928,-2.06155281280884,19.5));
#2420=CARTESIAN_POINT('',(18.211102550928,-4.20383219239969,17.));
#2421=CARTESIAN_POINT('Ctrl Pts',(18.211102550928,-4.20383219239969,17.));
#2422=CARTESIAN_POINT('Ctrl Pts',(18.211102550928,-3.05980214071266,17.6412413813806));
#2423=CARTESIAN_POINT('Ctrl Pts',(18.211102550928,-2.06155281280884,17.9557051641797));
#2424=CARTESIAN_POINT('',(18.211102550928,-4.20383219239969,13.5));
#2425=CARTESIAN_POINT('Origin',(12.,1.11022302462516E-15,8.5));
#2426=CARTESIAN_POINT('',(16.,-6.34428877022476,10.));
#2427=CARTESIAN_POINT('Origin',(12.,1.11022302462516E-15,10.));
#2428=CARTESIAN_POINT('',(16.,-2.06155281280882,7.));
#2429=CARTESIAN_POINT('Ctrl Pts',(16.,-2.06155281279202,6.9999999999923));
#2430=CARTESIAN_POINT('Ctrl Pts',(16.,-3.66757879682758,7.73575719661702));
#2431=CARTESIAN_POINT('Ctrl Pts',(16.,-6.34428877022476,10.));
#2432=CARTESIAN_POINT('Ctrl Pts',(15.9999999999913,-2.06155281280884,6.9999999999923));
#2433=CARTESIAN_POINT('Ctrl Pts',(16.9009141486189,-2.06155281280884,7.80081257654977));
#2434=CARTESIAN_POINT('Ctrl Pts',(18.211102550928,-2.06155281280884,9.04429483582028));
#2435=CARTESIAN_POINT('Origin',(12.,1.11022302462516E-15,13.5));
#2436=CARTESIAN_POINT('',(16.,-6.34428877022476,17.));
#2437=CARTESIAN_POINT('Origin',(12.,1.11022302462516E-15,17.));
#2438=CARTESIAN_POINT('',(16.,-6.34428877022476,13.5));
#2439=CARTESIAN_POINT('Origin',(0.,-2.06155281280884,17.));
#2440=CARTESIAN_POINT('',(8.,-2.06155281280884,17.));
#2441=CARTESIAN_POINT('',(8.,-2.06155281280884,20.));
#2442=CARTESIAN_POINT('',(6.90098048640722,-2.06155281280884,17.));
#2443=CARTESIAN_POINT('',(-4.,-2.06155281280884,17.));
#2444=CARTESIAN_POINT('',(6.90098048640721,-2.06155281280883,10.));
#2445=CARTESIAN_POINT('',(6.90098066522115,-2.06155281280883,10.));
#2446=CARTESIAN_POINT('',(8.,-2.06155281280884,10.));
#2447=CARTESIAN_POINT('',(-4.,-2.06155281280884,10.));
#2448=CARTESIAN_POINT('',(8.,-2.06155281280884,20.));
#2449=CARTESIAN_POINT('Origin',(16.,-19.,0.));
#2450=CARTESIAN_POINT('',(16.,-2.06155281280885,20.));
#2451=CARTESIAN_POINT('Ctrl Pts',(16.,-6.34428877022476,17.));
#2452=CARTESIAN_POINT('Ctrl Pts',(16.,-3.66757879682756,19.264242803383));
#2453=CARTESIAN_POINT('Ctrl Pts',(16.,-2.061552812792,20.0000000000077));
#2454=CARTESIAN_POINT('',(16.,-2.06155281280884,17.));
#2455=CARTESIAN_POINT('',(16.,-2.06155281280884,20.));
#2456=CARTESIAN_POINT('',(16.,1.,17.));
#2457=CARTESIAN_POINT('',(16.,0.469223593595594,17.));
#2458=CARTESIAN_POINT('',(16.,1.,20.));
#2459=CARTESIAN_POINT('',(16.,-11.0613436799348,19.6414586934947));
#2460=CARTESIAN_POINT('Origin',(16.,-7.41365765211511,18.));
#2461=CARTESIAN_POINT('',(16.,-19.,2.));
#2462=CARTESIAN_POINT('',(16.,-19.374220371344,1.16839916515308));
#2463=CARTESIAN_POINT('',(16.,-19.,0.));
#2464=CARTESIAN_POINT('',(16.,-19.,0.));
#2465=CARTESIAN_POINT('',(16.,1.,0.));
#2466=CARTESIAN_POINT('',(16.,2.22044604925031E-15,0.));
#2467=CARTESIAN_POINT('',(16.,1.,10.));
#2468=CARTESIAN_POINT('',(16.,1.,0.));
#2469=CARTESIAN_POINT('',(16.,-2.06155281280884,10.));
#2470=CARTESIAN_POINT('',(16.,-2.53077640640441,10.));
#2471=CARTESIAN_POINT('',(16.,-2.06155281280884,20.));
#2472=CARTESIAN_POINT('Origin',(-16.,-3.,10.));
#2473=CARTESIAN_POINT('',(17.0990195135928,-2.06155281280883,10.));
#2474=CARTESIAN_POINT('',(2.88876746717994,-2.06155281280884,10.));
#2475=CARTESIAN_POINT('',(14.,3.,10.));
#2476=CARTESIAN_POINT('Origin',(14.,1.,10.));
#2477=CARTESIAN_POINT('',(10.,3.,10.));
#2478=CARTESIAN_POINT('',(-1.,3.,10.));
#2479=CARTESIAN_POINT('',(8.00000000000001,1.,10.));
#2480=CARTESIAN_POINT('Origin',(10.,1.,10.));
#2481=CARTESIAN_POINT('',(8.,-1.,10.));
#2482=CARTESIAN_POINT('Origin',(12.0000001788139,0.,10.));
#2483=CARTESIAN_POINT('',(10.5,9.26526004753053E-16,10.));
#2484=CARTESIAN_POINT('Origin',(12.,1.11022302462516E-15,10.));
#2485=CARTESIAN_POINT('Origin',(12.,1.11022302462516E-15,18.5));
#2486=CARTESIAN_POINT('Ctrl Pts',(18.211102550928,-2.06155281280884,17.9557051641797));
#2487=CARTESIAN_POINT('Ctrl Pts',(16.9009141486249,-2.06155281280884,19.1991874234445));
#2488=CARTESIAN_POINT('Ctrl Pts',(16.,-2.06155281280884,20.));
#2489=CARTESIAN_POINT('Origin',(12.0000001788139,0.,10.));
#2490=CARTESIAN_POINT('',(17.0990195135928,-2.06155281280884,17.));
#2491=CARTESIAN_POINT('Origin',(12.0000001788139,0.,17.));
#2492=CARTESIAN_POINT('',(17.0990196924067,-2.06155281280883,10.));
#2493=CARTESIAN_POINT('Origin',(0.,-2.06155281280884,17.));
#2494=CARTESIAN_POINT('',(2.88876746717994,-2.06155281280884,17.));
#2495=CARTESIAN_POINT('Origin',(-16.,3.,17.));
#2496=CARTESIAN_POINT('',(8.00000000000001,1.,17.));
#2497=CARTESIAN_POINT('',(8.,2.,17.));
#2498=CARTESIAN_POINT('',(10.,3.,17.));
#2499=CARTESIAN_POINT('Origin',(10.,1.,17.));
#2500=CARTESIAN_POINT('',(14.,3.,17.));
#2501=CARTESIAN_POINT('',(-1.,3.,17.));
#2502=CARTESIAN_POINT('Origin',(14.,1.,17.));
#2503=CARTESIAN_POINT('',(10.5,1.29392004449726E-15,17.));
#2504=CARTESIAN_POINT('Origin',(12.,1.11022302462516E-15,17.));
#2505=CARTESIAN_POINT('Origin',(14.,1.,0.));
#2506=CARTESIAN_POINT('',(14.,3.,0.));
#2507=CARTESIAN_POINT('Origin',(16.,3.,0.));
#2508=CARTESIAN_POINT('',(10.,3.,20.));
#2509=CARTESIAN_POINT('Origin',(10.,1.,0.));
#2510=CARTESIAN_POINT('',(8.00000000000001,1.,0.));
#2511=CARTESIAN_POINT('Origin',(8.00000000000001,3.,0.));
#2512=CARTESIAN_POINT('',(8.00000000000001,-5.00000010430813,0.));
#2513=CARTESIAN_POINT('Origin',(1.99999995529652,-7.00000010430813,4.));
#2514=CARTESIAN_POINT('',(1.99999995529652,-5.00000010430813,5.));
#2515=CARTESIAN_POINT('',(1.99999995529652,-7.00000010430813,5.));
#2516=CARTESIAN_POINT('',(2.99999995529652,-5.00000010430813,4.));
#2517=CARTESIAN_POINT('Origin',(1.99999995529652,-5.00000010430813,4.));
#2518=CARTESIAN_POINT('',(2.99999995529652,-7.00000010430813,4.));
#2519=CARTESIAN_POINT('Origin',(-3.00000004470348,-7.00000010430813,5.));
#2520=CARTESIAN_POINT('',(2.49999997764826,-5.00000010430813,5.));
#2521=CARTESIAN_POINT('Origin',(2.99999995529652,-7.00000010430813,5.));
#2522=CARTESIAN_POINT('',(2.99999995529652,-5.00000010430813,0.));
#2523=CARTESIAN_POINT('',(2.99999995529652,-5.00000010430813,2.5));
#2524=CARTESIAN_POINT('',(2.99999995529652,-7.50000005215406,0.));
#2525=CARTESIAN_POINT('Origin',(0.,-8.,0.));
#2526=CARTESIAN_POINT('',(8.00000000000001,-5.00000010430813,0.));
#2527=CARTESIAN_POINT('',(8.00000000000001,-5.00000010430813,0.));
#2528=CARTESIAN_POINT('',(8.00000000000001,1.,0.));
#2529=CARTESIAN_POINT('',(8.00000000000001,3.,0.));
#2530=CARTESIAN_POINT('',(10.,3.,0.));
#2531=CARTESIAN_POINT('Origin',(10.,1.,0.));
#2532=CARTESIAN_POINT('',(14.,3.,0.));
#2533=CARTESIAN_POINT('',(16.,3.,0.));
#2534=CARTESIAN_POINT('Origin',(14.,1.,0.));
#2535=CARTESIAN_POINT('',(12.0000001788139,-19.,0.));
#2536=CARTESIAN_POINT('',(16.,-19.,0.));
#2537=CARTESIAN_POINT('',(12.0000001788139,-16.5825757729966,0.));
#2538=CARTESIAN_POINT('',(12.0000001788139,-19.,0.));
#2539=CARTESIAN_POINT('',(11.4000001430511,-15.6660606183973,0.));
#2540=CARTESIAN_POINT('Origin',(11.0000001788139,-16.5825757729966,0.));
#2541=CARTESIAN_POINT('',(9.03727504204077,-12.5448035495176,0.));
#2542=CARTESIAN_POINT('Origin',(13.,-12.,0.));
#2543=CARTESIAN_POINT('',(8.27496409934957,-7.00000010430813,0.));
#2544=CARTESIAN_POINT('',(10.5,9.26526004753053E-16,0.));
#2545=CARTESIAN_POINT('Origin',(12.,1.11022302462516E-15,0.));
#2546=CARTESIAN_POINT('',(11.65,-12.,0.));
#2547=CARTESIAN_POINT('Origin',(13.,-12.,0.));
#2548=CARTESIAN_POINT('Origin',(0.,-8.,12.));
#2549=CARTESIAN_POINT('',(11.65,-12.,12.));
#2550=CARTESIAN_POINT('Origin',(13.,-12.,12.));
#2551=CARTESIAN_POINT('Origin',(0.,-7.41365765211511,18.));
#2552=CARTESIAN_POINT('',(8.83332593856023,-11.0613436799348,19.6414586934947));
#2553=CARTESIAN_POINT('Origin',(8.33183458688552,-7.41365765211511,18.));
#2554=CARTESIAN_POINT('',(0.,-11.0613436799348,19.6414586934947));
#2555=CARTESIAN_POINT('Origin',(14.,1.,0.));
#2556=CARTESIAN_POINT('',(14.,3.,0.));
#2557=CARTESIAN_POINT('Origin',(10.,1.,0.));
#2558=CARTESIAN_POINT('',(10.,3.,0.));
#2559=CARTESIAN_POINT('',(8.00000000000001,1.,0.));
#2560=CARTESIAN_POINT('Origin',(16.,3.,0.));
#2561=CARTESIAN_POINT('Origin',(12.,1.11022302462516E-15,0.));
#2562=CARTESIAN_POINT('',(10.5,9.26526004753053E-16,0.));
#2563=CARTESIAN_POINT('Origin',(11.0000001788139,-16.5825757729966,0.));
#2564=CARTESIAN_POINT('',(12.0000001788139,-16.5825757729966,7.37205390004626));
#2565=CARTESIAN_POINT('',(12.0000001788139,-16.5825757729966,0.));
#2566=CARTESIAN_POINT('',(11.4000001430511,-15.6660606183973,9.40875426720524));
#2567=CARTESIAN_POINT('Origin',(11.0000001788139,-16.5825757729966,7.37205390004626));
#2568=CARTESIAN_POINT('',(11.4000001430511,-15.6660606183973,0.));
#2569=CARTESIAN_POINT('Origin',(12.0000001788139,-15.872983392377,0.));
#2570=CARTESIAN_POINT('',(12.0000001788139,-19.,2.));
#2571=CARTESIAN_POINT('',(12.0000001788139,-19.,0.));
#2572=CARTESIAN_POINT('',(12.0000001788139,-19.1109268782722,1.75349582320482));
#2573=CARTESIAN_POINT('Origin',(0.,-19.,2.));
#2574=CARTESIAN_POINT('',(9.03727504204077,-12.5448035495176,16.3448811673261));
#2575=CARTESIAN_POINT('',(9.81920137509868,-18.2322830052544,3.70603778587398));
#2576=CARTESIAN_POINT('Origin',(13.,-12.,17.5555557358412));
#2577=CARTESIAN_POINT('',(6.00000008940697,-19.,2.));
#2578=CARTESIAN_POINT('Origin',(8.27496409934957,-7.00000010430813,0.));
#2579=CARTESIAN_POINT('',(9.03727504204077,-12.5448035495176,0.));
#2580=CARTESIAN_POINT('Origin',(13.,-12.,0.));
#2581=CARTESIAN_POINT('',(11.65,-12.,0.));
#2582=CARTESIAN_POINT('Origin',(12.,1.11022302462516E-15,0.));
#2583=CARTESIAN_POINT('',(10.5,9.26526004753053E-16,0.));
#2584=CARTESIAN_POINT('Origin',(8.00000000000001,-5.00000010430813,0.));
#2585=CARTESIAN_POINT('',(8.00000000000001,-5.00000010430813,0.));
#2586=CARTESIAN_POINT('Origin',(8.00000000000001,3.,0.));
#2587=CARTESIAN_POINT('Origin',(12.0000001788139,-19.,0.));
#2588=CARTESIAN_POINT('Origin',(13.,-12.,0.));
#2589=UNCERTAINTY_MEASURE_WITH_UNIT(LENGTH_MEASURE(0.01),#2593,
'DISTANCE_ACCURACY_VALUE',
'Maximum model space distance between geometric entities at asserted c
onnectivities');
#2590=UNCERTAINTY_MEASURE_WITH_UNIT(LENGTH_MEASURE(0.01),#2593,
'DISTANCE_ACCURACY_VALUE',
'Maximum model space distance between geometric entities at asserted c
onnectivities');
#2591=(
GEOMETRIC_REPRESENTATION_CONTEXT(3)
GLOBAL_UNCERTAINTY_ASSIGNED_CONTEXT((#2589))
GLOBAL_UNIT_ASSIGNED_CONTEXT((#2593,#2595,#2596))
REPRESENTATION_CONTEXT('','3D')
);
#2592=(
GEOMETRIC_REPRESENTATION_CONTEXT(3)
GLOBAL_UNCERTAINTY_ASSIGNED_CONTEXT((#2590))
GLOBAL_UNIT_ASSIGNED_CONTEXT((#2593,#2595,#2596))
REPRESENTATION_CONTEXT('','3D')
);
#2593=(
LENGTH_UNIT()
NAMED_UNIT(*)
SI_UNIT(.MILLI.,.METRE.)
);
#2594=(
LENGTH_UNIT()
NAMED_UNIT(*)
SI_UNIT($,.METRE.)
);
#2595=(
NAMED_UNIT(*)
PLANE_ANGLE_UNIT()
SI_UNIT($,.RADIAN.)
);
#2596=(
NAMED_UNIT(*)
SI_UNIT($,.STERADIAN.)
SOLID_ANGLE_UNIT()
);
#2597=SHAPE_DEFINITION_REPRESENTATION(#2598,#2599);
#2598=PRODUCT_DEFINITION_SHAPE('',$,#2601);
#2599=SHAPE_REPRESENTATION('',(#1535),#2591);
#2600=PRODUCT_DEFINITION_CONTEXT('part definition',#2605,'design');
#2601=PRODUCT_DEFINITION('EREVO Rear Shock Mount Upgrade',
'EREVO Rear Shock Mount Upgrade v7',#2602,#2600);
#2602=PRODUCT_DEFINITION_FORMATION('',$,#2607);
#2603=PRODUCT_RELATED_PRODUCT_CATEGORY(
'EREVO Rear Shock Mount Upgrade v7','EREVO Rear Shock Mount Upgrade v7',
(#2607));
#2604=APPLICATION_PROTOCOL_DEFINITION('international standard',
'automotive_design',2009,#2605);
#2605=APPLICATION_CONTEXT(
'Core Data for Automotive Mechanical Design Process');
#2606=PRODUCT_CONTEXT('part definition',#2605,'mechanical');
#2607=PRODUCT('EREVO Rear Shock Mount Upgrade',
'EREVO Rear Shock Mount Upgrade v7',$,(#2606));
#2608=PRESENTATION_STYLE_ASSIGNMENT((#2609));
#2609=SURFACE_STYLE_USAGE(.BOTH.,#2610);
#2610=SURFACE_SIDE_STYLE('',(#2611));
#2611=SURFACE_STYLE_FILL_AREA(#2612);
#2612=FILL_AREA_STYLE('Steel - Satin',(#2613));
#2613=FILL_AREA_STYLE_COLOUR('Steel - Satin',#2614);
#2614=COLOUR_RGB('Steel - Satin',0.627450980392157,0.627450980392157,0.627450980392157);
ENDSEC;
END-ISO-10303-21;
