ISO-10303-21;
HEADER;
/* Generated by software containing ST-Developer
 * from STEP Tools, Inc. (www.steptools.com) 
 */
/* OPTION: using custom renumber hook */

FILE_DESCRIPTION(
/* description */ ('STEP AP242 Edition 2',
'CAx-IF Rec.Pracs.---Representation and Presentation of Product Manufa
cturing Information (PMI)---4.0---2014-10-13',
'CAx-IF Rec.Pracs.---3D Tessellated Geometry---0.4---2014-09-14','2;1',
'CAx-IF Rec.Pracs.---User Defined Attributes---1.5---2016-08-15'),
/* implementation_level */ '2;1');

FILE_NAME(
/* name */ 'EREVO_Front_Shock_Mount_Upgrade - Front Shock Mount',
/* time_stamp */ '2026-09-15T18:59:54Z',
/* author */ (''),
/* organization */ (''),
/* preprocessor_version */ 'ST-DEVELOPER v20',
/* originating_system */ 'ONSHAPE BY PTC INC, 1.220',
/* authorisation */ '  ');

FILE_SCHEMA (('AP242_MANAGED_MODEL_BASED_3D_ENGINEERING_MIM_LF { 1 0 10303 442 3 1 4 }'));
ENDSEC;

DATA;
#10=SHAPE_REPRESENTATION_RELATIONSHIP('','',#2265,#11);
#11=ADVANCED_BREP_SHAPE_REPRESENTATION('',(#2263),#3963);
#12=ELLIPSE('',#2326,0.00135790462955779,0.00134288125189786);
#13=ELLIPSE('',#2341,0.0146704210961465,0.0145081127338651);
#14=ELLIPSE('',#2342,0.0146704210961465,0.0145081127338651);
#15=ELLIPSE('',#2349,0.0146704210961462,0.0145081127338648);
#16=ELLIPSE('',#2420,0.00135790462955779,0.00134288125189786);
#17=ELLIPSE('',#2430,0.0146704210961462,0.0145081127338648);
#18=B_SPLINE_SURFACE_WITH_KNOTS('',3,3,((#3291,#3292,#3293,#3294),(#3295,
#3296,#3297,#3298),(#3299,#3300,#3301,#3302),(#3303,#3304,#3305,#3306),
(#3307,#3308,#3309,#3310),(#3311,#3312,#3313,#3314),(#3315,#3316,#3317,
#3318),(#3319,#3320,#3321,#3322),(#3323,#3324,#3325,#3326)),
 .UNSPECIFIED.,.F.,.F.,.F.,(4,2,1,2,4),(4,4),(0.,0.243893012416916,0.396699567134984,
0.549506121853051,1.0000000000517),(-8.68593391656347E-14,0.075),
 .UNSPECIFIED.);
#19=B_SPLINE_SURFACE_WITH_KNOTS('',3,3,((#3757,#3758,#3759,#3760),(#3761,
#3762,#3763,#3764),(#3765,#3766,#3767,#3768),(#3769,#3770,#3771,#3772),
(#3773,#3774,#3775,#3776),(#3777,#3778,#3779,#3780),(#3781,#3782,#3783,
#3784),(#3785,#3786,#3787,#3788),(#3789,#3790,#3791,#3792)),
 .UNSPECIFIED.,.F.,.F.,.F.,(4,2,1,2,4),(4,4),(0.,0.243893012416916,0.396699567134984,
0.549506121853051,1.0000000000517),(-8.68593391656347E-14,0.075),
 .UNSPECIFIED.);
#20=CONICAL_SURFACE('',#2272,0.006,0.785398163397448);
#21=CONICAL_SURFACE('',#2277,0.006,0.785398163397449);
#22=CONICAL_SURFACE('',#2297,0.006,0.785398163397449);
#23=CONICAL_SURFACE('',#2306,0.006,0.785398163397448);
#24=CONICAL_SURFACE('',#2360,0.006,0.785398163397448);
#25=CONICAL_SURFACE('',#2365,0.006,0.785398163397449);
#26=CONICAL_SURFACE('',#2385,0.006,0.785398163397449);
#27=CONICAL_SURFACE('',#2394,0.006,0.785398163397448);
#28=B_SPLINE_CURVE_WITH_KNOTS('',3,(#3045,#3046,#3047,#3048),
 .UNSPECIFIED.,.F.,.F.,(4,4),(0.0540520076707838,0.275489069518786),
 .UNSPECIFIED.);
#29=B_SPLINE_CURVE_WITH_KNOTS('',3,(#3053,#3054,#3055,#3056),
 .UNSPECIFIED.,.F.,.F.,(4,4),(0.736516580301047,0.95795364214905),
 .UNSPECIFIED.);
#30=B_SPLINE_CURVE_WITH_KNOTS('',3,(#3062,#3063,#3064,#3065),
 .UNSPECIFIED.,.F.,.F.,(4,4),(1.5991873661815,1.79712270642989),
 .UNSPECIFIED.);
#31=B_SPLINE_CURVE_WITH_KNOTS('',3,(#3067,#3068,#3069,#3070),
 .UNSPECIFIED.,.F.,.F.,(4,4),(1.20379727775314,1.49614072757897),
 .UNSPECIFIED.);
#32=B_SPLINE_CURVE_WITH_KNOTS('',3,(#3074,#3075,#3076,#3077),
 .UNSPECIFIED.,.F.,.F.,(4,4),(0.305152620377308,0.662383517088713),
 .UNSPECIFIED.);
#33=B_SPLINE_CURVE_WITH_KNOTS('',3,(#3093,#3094,#3095,#3096),
 .UNSPECIFIED.,.F.,.F.,(4,4),(0.209933565958952,0.517621421450937),
 .UNSPECIFIED.);
#34=B_SPLINE_CURVE_WITH_KNOTS('',3,(#3098,#3099,#3100,#3101),
 .UNSPECIFIED.,.F.,.F.,(4,4),(0.0658449760644628,0.289108320511023),
 .UNSPECIFIED.);
#35=B_SPLINE_CURVE_WITH_KNOTS('',3,(#3106,#3107,#3108,#3109),
 .UNSPECIFIED.,.F.,.F.,(4,4),(0.753938114951897,0.977201459397149),
 .UNSPECIFIED.);
#36=B_SPLINE_CURVE_WITH_KNOTS('',3,(#3115,#3116,#3117,#3118),
 .UNSPECIFIED.,.F.,.F.,(4,4),(0.280327607201305,0.56840907854162),
 .UNSPECIFIED.);
#37=B_SPLINE_CURVE_WITH_KNOTS('',3,(#3120,#3121,#3122,#3123),
 .UNSPECIFIED.,.F.,.F.,(4,4),(1.17708623682199,1.36146971171522),
 .UNSPECIFIED.);
#38=B_SPLINE_CURVE_WITH_KNOTS('',3,(#3127,#3128,#3129,#3130),
 .UNSPECIFIED.,.F.,.F.,(4,4),(0.184298231031087,0.491986086523074),
 .UNSPECIFIED.);
#39=B_SPLINE_CURVE_WITH_KNOTS('',3,(#3146,#3147,#3148,#3149),
 .UNSPECIFIED.,.F.,.F.,(4,4),(0.0324212905826743,0.389652187297901),
 .UNSPECIFIED.);
#40=B_SPLINE_CURVE_WITH_KNOTS('',3,(#3158,#3159,#3160,#3161),
 .UNSPECIFIED.,.F.,.F.,(4,4),(0.213628393690412,0.505971843516243),
 .UNSPECIFIED.);
#41=B_SPLINE_CURVE_WITH_KNOTS('',3,(#3210,#3211,#3212,#3213),
 .UNSPECIFIED.,.F.,.F.,(4,4),(0.30502278636656,0.489406261259785),
 .UNSPECIFIED.);
#42=B_SPLINE_CURVE_WITH_KNOTS('',3,(#3219,#3220,#3221,#3222),
 .UNSPECIFIED.,.F.,.F.,(4,4),(0.0640967578974735,0.241235170882927),
 .UNSPECIFIED.);
#43=B_SPLINE_CURVE_WITH_KNOTS('',3,(#3236,#3237,#3238,#3239),
 .UNSPECIFIED.,.F.,.F.,(4,4),(0.23763086141964,0.566695449805818),
 .UNSPECIFIED.);
#44=B_SPLINE_CURVE_WITH_KNOTS('',3,(#3247,#3248,#3249,#3250,#3251),
 .UNSPECIFIED.,.F.,.F.,(4,1,4),(0.,45.,90.),.UNSPECIFIED.);
#45=B_SPLINE_CURVE_WITH_KNOTS('',3,(#3257,#3258,#3259,#3260),
 .UNSPECIFIED.,.F.,.F.,(4,4),(283.8487813798,294.406386818055),
 .UNSPECIFIED.);
#46=B_SPLINE_CURVE_WITH_KNOTS('',3,(#3264,#3265,#3266,#3267,#3268),
 .UNSPECIFIED.,.F.,.F.,(4,1,4),(270.,315.,360.),.UNSPECIFIED.);
#47=B_SPLINE_CURVE_WITH_KNOTS('',3,(#3327,#3328,#3329,#3330,#3331,#3332,
#3333,#3334,#3335,#3336,#3337,#3338,#3339,#3340),.UNSPECIFIED.,.F.,.F.,
(4,1,1,1,1,1,1,1,1,1,1,4),(0.,0.125000000006462,0.187500000009694,0.250000000012925,
0.312500000016156,0.375000000019387,0.50000000002585,0.562500000029081,
0.625000000032312,0.750000000038775,0.875000000045237,1.0000000000517),
 .UNSPECIFIED.);
#48=B_SPLINE_CURVE_WITH_KNOTS('',3,(#3344,#3345,#3346,#3347,#3348,#3349,
#3350,#3351,#3352,#3353,#3354,#3355,#3356,#3357),.UNSPECIFIED.,.F.,.F.,
(4,1,1,1,1,1,1,1,1,1,1,4),(-2.24678549359403,-1.96593730689478,-1.68508912019552,
-1.40424093349627,-1.26381684014664,-1.12339274679702,-0.842544560097761,
-0.702120466748134,-0.561696373398508,-0.421272280048881,-0.280848186699254,
0.),.UNSPECIFIED.);
#49=B_SPLINE_CURVE_WITH_KNOTS('',3,(#3371,#3372,#3373,#3374),
 .UNSPECIFIED.,.F.,.F.,(4,4),(1.40946282423116E-18,0.0017828795416575),
 .UNSPECIFIED.);
#50=B_SPLINE_CURVE_WITH_KNOTS('',3,(#3375,#3376,#3377,#3378),
 .UNSPECIFIED.,.F.,.F.,(4,4),(270.000000079153,315.31870992179),
 .UNSPECIFIED.);
#51=B_SPLINE_CURVE_WITH_KNOTS('',3,(#3380,#3381,#3382,#3383),
 .UNSPECIFIED.,.F.,.F.,(4,4),(1.04701771484186E-15,0.0020245784880377),
 .UNSPECIFIED.);
#52=B_SPLINE_CURVE_WITH_KNOTS('',3,(#3385,#3386,#3387,#3388),
 .UNSPECIFIED.,.F.,.F.,(4,4),(55.2665528239355,76.1512186201997),
 .UNSPECIFIED.);
#53=B_SPLINE_CURVE_WITH_KNOTS('',3,(#3469,#3470,#3471,#3472),
 .UNSPECIFIED.,.F.,.F.,(4,4),(270.000000000349,315.318709920963),
 .UNSPECIFIED.);
#54=B_SPLINE_CURVE_WITH_KNOTS('',3,(#3491,#3492,#3493,#3494),
 .UNSPECIFIED.,.F.,.F.,(4,4),(0.0640967578974735,0.241235170882927),
 .UNSPECIFIED.);
#55=B_SPLINE_CURVE_WITH_KNOTS('',3,(#3498,#3499,#3500,#3501),
 .UNSPECIFIED.,.F.,.F.,(4,4),(1.5991873661815,1.79712270642989),
 .UNSPECIFIED.);
#56=B_SPLINE_CURVE_WITH_KNOTS('',3,(#3532,#3533,#3534,#3535),
 .UNSPECIFIED.,.F.,.F.,(4,4),(0.0540520076707838,0.275489069518786),
 .UNSPECIFIED.);
#57=B_SPLINE_CURVE_WITH_KNOTS('',3,(#3540,#3541,#3542,#3543),
 .UNSPECIFIED.,.F.,.F.,(4,4),(0.736516580301047,0.95795364214905),
 .UNSPECIFIED.);
#58=B_SPLINE_CURVE_WITH_KNOTS('',3,(#3547,#3548,#3549,#3550),
 .UNSPECIFIED.,.F.,.F.,(4,4),(0.305152620377308,0.662383517088713),
 .UNSPECIFIED.);
#59=B_SPLINE_CURVE_WITH_KNOTS('',3,(#3554,#3555,#3556,#3557),
 .UNSPECIFIED.,.F.,.F.,(4,4),(1.20379727775314,1.49614072757897),
 .UNSPECIFIED.);
#60=B_SPLINE_CURVE_WITH_KNOTS('',3,(#3560,#3561,#3562,#3563),
 .UNSPECIFIED.,.F.,.F.,(4,4),(0.209933565958952,0.517621421450937),
 .UNSPECIFIED.);
#61=B_SPLINE_CURVE_WITH_KNOTS('',3,(#3579,#3580,#3581,#3582),
 .UNSPECIFIED.,.F.,.F.,(4,4),(0.0658449760644628,0.289108320511023),
 .UNSPECIFIED.);
#62=B_SPLINE_CURVE_WITH_KNOTS('',3,(#3587,#3588,#3589,#3590),
 .UNSPECIFIED.,.F.,.F.,(4,4),(0.753938114951897,0.977201459397149),
 .UNSPECIFIED.);
#63=B_SPLINE_CURVE_WITH_KNOTS('',3,(#3594,#3595,#3596,#3597),
 .UNSPECIFIED.,.F.,.F.,(4,4),(0.184298231031087,0.491986086523074),
 .UNSPECIFIED.);
#64=B_SPLINE_CURVE_WITH_KNOTS('',3,(#3601,#3602,#3603,#3604),
 .UNSPECIFIED.,.F.,.F.,(4,4),(1.17708623682199,1.36146971171522),
 .UNSPECIFIED.);
#65=B_SPLINE_CURVE_WITH_KNOTS('',3,(#3606,#3607,#3608,#3609),
 .UNSPECIFIED.,.F.,.F.,(4,4),(0.280327607201305,0.56840907854162),
 .UNSPECIFIED.);
#66=B_SPLINE_CURVE_WITH_KNOTS('',3,(#3613,#3614,#3615,#3616),
 .UNSPECIFIED.,.F.,.F.,(4,4),(0.0324212905826743,0.389652187297901),
 .UNSPECIFIED.);
#67=B_SPLINE_CURVE_WITH_KNOTS('',3,(#3638,#3639,#3640,#3641),
 .UNSPECIFIED.,.F.,.F.,(4,4),(0.213628393690412,0.505971843516243),
 .UNSPECIFIED.);
#68=B_SPLINE_CURVE_WITH_KNOTS('',3,(#3686,#3687,#3688,#3689),
 .UNSPECIFIED.,.F.,.F.,(4,4),(0.30502278636656,0.489406261259785),
 .UNSPECIFIED.);
#69=B_SPLINE_CURVE_WITH_KNOTS('',3,(#3708,#3709,#3710,#3711),
 .UNSPECIFIED.,.F.,.F.,(4,4),(0.23763086141964,0.566695449805818),
 .UNSPECIFIED.);
#70=B_SPLINE_CURVE_WITH_KNOTS('',3,(#3717,#3718,#3719,#3720,#3721),
 .UNSPECIFIED.,.F.,.F.,(4,1,4),(0.,45.,90.),.UNSPECIFIED.);
#71=B_SPLINE_CURVE_WITH_KNOTS('',3,(#3725,#3726,#3727,#3728),
 .UNSPECIFIED.,.F.,.F.,(4,4),(283.8487813798,294.406386818055),
 .UNSPECIFIED.);
#72=B_SPLINE_CURVE_WITH_KNOTS('',3,(#3734,#3735,#3736,#3737,#3738),
 .UNSPECIFIED.,.F.,.F.,(4,1,4),(270.,315.,360.),.UNSPECIFIED.);
#73=B_SPLINE_CURVE_WITH_KNOTS('',3,(#3793,#3794,#3795,#3796,#3797,#3798,
#3799,#3800,#3801,#3802,#3803,#3804,#3805,#3806),.UNSPECIFIED.,.F.,.F.,
(4,1,1,1,1,1,1,1,1,1,1,4),(-2.24678549359403,-1.96593730689478,-1.82551321354515,
-1.68508912019552,-1.5446650268459,-1.40424093349627,-1.12339274679702,
-0.982968653447388,-0.842544560097761,-0.561696373398508,-0.280848186699254,
0.),.UNSPECIFIED.);
#74=B_SPLINE_CURVE_WITH_KNOTS('',3,(#3810,#3811,#3812,#3813,#3814,#3815,
#3816,#3817,#3818,#3819,#3820,#3821,#3822,#3823),.UNSPECIFIED.,.F.,.F.,
(4,1,1,1,1,1,1,1,1,1,1,4),(0.,0.125000000006462,0.250000000012925,0.375000000019387,
0.437500000022619,0.50000000002585,0.625000000032312,0.687500000035544,
0.750000000038775,0.812500000042006,0.875000000045237,1.0000000000517),
 .UNSPECIFIED.);
#75=B_SPLINE_CURVE_WITH_KNOTS('',3,(#3837,#3838,#3839,#3840),
 .UNSPECIFIED.,.F.,.F.,(4,4),(5.71344713131529E-18,0.00178287954165751),
 .UNSPECIFIED.);
#76=B_SPLINE_CURVE_WITH_KNOTS('',3,(#3841,#3842,#3843,#3844),
 .UNSPECIFIED.,.F.,.F.,(4,4),(270.000000079153,315.31870992179),
 .UNSPECIFIED.);
#77=B_SPLINE_CURVE_WITH_KNOTS('',3,(#3861,#3862,#3863,#3864),
 .UNSPECIFIED.,.F.,.F.,(4,4),(55.2665528239355,76.1512186201997),
 .UNSPECIFIED.);
#78=B_SPLINE_CURVE_WITH_KNOTS('',3,(#3866,#3867,#3868,#3869),
 .UNSPECIFIED.,.F.,.F.,(4,4),(9.68522018295032E-16,0.00202457848803691),
 .UNSPECIFIED.);
#79=B_SPLINE_CURVE_WITH_KNOTS('',3,(#3936,#3937,#3938,#3939),
 .UNSPECIFIED.,.F.,.F.,(4,4),(270.000000000349,315.318709920963),
 .UNSPECIFIED.);
#80=PLANE('',#2270);
#81=PLANE('',#2271);
#82=PLANE('',#2275);
#83=PLANE('',#2276);
#84=PLANE('',#2280);
#85=PLANE('',#2281);
#86=PLANE('',#2282);
#87=PLANE('',#2283);
#88=PLANE('',#2288);
#89=PLANE('',#2294);
#90=PLANE('',#2295);
#91=PLANE('',#2296);
#92=PLANE('',#2303);
#93=PLANE('',#2305);
#94=PLANE('',#2307);
#95=PLANE('',#2309);
#96=PLANE('',#2311);
#97=PLANE('',#2312);
#98=PLANE('',#2314);
#99=PLANE('',#2315);
#100=PLANE('',#2319);
#101=PLANE('',#2320);
#102=PLANE('',#2321);
#103=PLANE('',#2329);
#104=PLANE('',#2334);
#105=PLANE('',#2335);
#106=PLANE('',#2336);
#107=PLANE('',#2337);
#108=PLANE('',#2338);
#109=PLANE('',#2343);
#110=PLANE('',#2344);
#111=PLANE('',#2346);
#112=PLANE('',#2347);
#113=PLANE('',#2348);
#114=PLANE('',#2351);
#115=PLANE('',#2358);
#116=PLANE('',#2359);
#117=PLANE('',#2363);
#118=PLANE('',#2364);
#119=PLANE('',#2368);
#120=PLANE('',#2369);
#121=PLANE('',#2370);
#122=PLANE('',#2371);
#123=PLANE('',#2376);
#124=PLANE('',#2382);
#125=PLANE('',#2383);
#126=PLANE('',#2384);
#127=PLANE('',#2391);
#128=PLANE('',#2393);
#129=PLANE('',#2395);
#130=PLANE('',#2397);
#131=PLANE('',#2399);
#132=PLANE('',#2402);
#133=PLANE('',#2404);
#134=PLANE('',#2405);
#135=PLANE('',#2408);
#136=PLANE('',#2413);
#137=PLANE('',#2414);
#138=PLANE('',#2415);
#139=PLANE('',#2422);
#140=PLANE('',#2425);
#141=PLANE('',#2426);
#142=PLANE('',#2427);
#143=PLANE('',#2428);
#144=PLANE('',#2429);
#145=PLANE('',#2431);
#146=PLANE('',#2434);
#147=PLANE('',#2435);
#148=PLANE('',#2437);
#149=PLANE('',#2440);
#150=PLANE('',#2442);
#151=PLANE('',#2447);
#152=PLANE('',#2449);
#153=LINE('',#3033,#357);
#154=LINE('',#3037,#358);
#155=LINE('',#3039,#359);
#156=LINE('',#3041,#360);
#157=LINE('',#3043,#361);
#158=LINE('',#3051,#362);
#159=LINE('',#3058,#363);
#160=LINE('',#3079,#364);
#161=LINE('',#3081,#365);
#162=LINE('',#3083,#366);
#163=LINE('',#3085,#367);
#164=LINE('',#3087,#368);
#165=LINE('',#3089,#369);
#166=LINE('',#3091,#370);
#167=LINE('',#3104,#371);
#168=LINE('',#3111,#372);
#169=LINE('',#3132,#373);
#170=LINE('',#3134,#374);
#171=LINE('',#3136,#375);
#172=LINE('',#3138,#376);
#173=LINE('',#3140,#377);
#174=LINE('',#3142,#378);
#175=LINE('',#3144,#379);
#176=LINE('',#3151,#380);
#177=LINE('',#3154,#381);
#178=LINE('',#3156,#382);
#179=LINE('',#3163,#383);
#180=LINE('',#3164,#384);
#181=LINE('',#3166,#385);
#182=LINE('',#3169,#386);
#183=LINE('',#3171,#387);
#184=LINE('',#3173,#388);
#185=LINE('',#3178,#389);
#186=LINE('',#3182,#390);
#187=LINE('',#3190,#391);
#188=LINE('',#3192,#392);
#189=LINE('',#3197,#393);
#190=LINE('',#3199,#394);
#191=LINE('',#3200,#395);
#192=LINE('',#3202,#396);
#193=LINE('',#3204,#397);
#194=LINE('',#3206,#398);
#195=LINE('',#3208,#399);
#196=LINE('',#3215,#400);
#197=LINE('',#3228,#401);
#198=LINE('',#3230,#402);
#199=LINE('',#3234,#403);
#200=LINE('',#3241,#404);
#201=LINE('',#3243,#405);
#202=LINE('',#3245,#406);
#203=LINE('',#3253,#407);
#204=LINE('',#3255,#408);
#205=LINE('',#3262,#409);
#206=LINE('',#3270,#410);
#207=LINE('',#3273,#411);
#208=LINE('',#3275,#412);
#209=LINE('',#3277,#413);
#210=LINE('',#3279,#414);
#211=LINE('',#3284,#415);
#212=LINE('',#3286,#416);
#213=LINE('',#3288,#417);
#214=LINE('',#3290,#418);
#215=LINE('',#3342,#419);
#216=LINE('',#3359,#420);
#217=LINE('',#3361,#421);
#218=LINE('',#3363,#422);
#219=LINE('',#3367,#423);
#220=LINE('',#3369,#424);
#221=LINE('',#3390,#425);
#222=LINE('',#3392,#426);
#223=LINE('',#3395,#427);
#224=LINE('',#3396,#428);
#225=LINE('',#3398,#429);
#226=LINE('',#3400,#430);
#227=LINE('',#3403,#431);
#228=LINE('',#3405,#432);
#229=LINE('',#3407,#433);
#230=LINE('',#3409,#434);
#231=LINE('',#3412,#435);
#232=LINE('',#3414,#436);
#233=LINE('',#3416,#437);
#234=LINE('',#3427,#438);
#235=LINE('',#3429,#439);
#236=LINE('',#3431,#440);
#237=LINE('',#3437,#441);
#238=LINE('',#3439,#442);
#239=LINE('',#3440,#443);
#240=LINE('',#3442,#444);
#241=LINE('',#3444,#445);
#242=LINE('',#3446,#446);
#243=LINE('',#3448,#447);
#244=LINE('',#3450,#448);
#245=LINE('',#3452,#449);
#246=LINE('',#3456,#450);
#247=LINE('',#3459,#451);
#248=LINE('',#3460,#452);
#249=LINE('',#3465,#453);
#250=LINE('',#3467,#454);
#251=LINE('',#3473,#455);
#252=LINE('',#3477,#456);
#253=LINE('',#3479,#457);
#254=LINE('',#3481,#458);
#255=LINE('',#3483,#459);
#256=LINE('',#3485,#460);
#257=LINE('',#3487,#461);
#258=LINE('',#3489,#462);
#259=LINE('',#3496,#463);
#260=LINE('',#3503,#464);
#261=LINE('',#3505,#465);
#262=LINE('',#3509,#466);
#263=LINE('',#3512,#467);
#264=LINE('',#3516,#468);
#265=LINE('',#3522,#469);
#266=LINE('',#3524,#470);
#267=LINE('',#3528,#471);
#268=LINE('',#3530,#472);
#269=LINE('',#3538,#473);
#270=LINE('',#3545,#474);
#271=LINE('',#3565,#475);
#272=LINE('',#3567,#476);
#273=LINE('',#3569,#477);
#274=LINE('',#3571,#478);
#275=LINE('',#3573,#479);
#276=LINE('',#3575,#480);
#277=LINE('',#3577,#481);
#278=LINE('',#3585,#482);
#279=LINE('',#3592,#483);
#280=LINE('',#3618,#484);
#281=LINE('',#3620,#485);
#282=LINE('',#3622,#486);
#283=LINE('',#3624,#487);
#284=LINE('',#3626,#488);
#285=LINE('',#3628,#489);
#286=LINE('',#3630,#490);
#287=LINE('',#3632,#491);
#288=LINE('',#3635,#492);
#289=LINE('',#3636,#493);
#290=LINE('',#3642,#494);
#291=LINE('',#3644,#495);
#292=LINE('',#3647,#496);
#293=LINE('',#3649,#497);
#294=LINE('',#3651,#498);
#295=LINE('',#3655,#499);
#296=LINE('',#3659,#500);
#297=LINE('',#3666,#501);
#298=LINE('',#3668,#502);
#299=LINE('',#3675,#503);
#300=LINE('',#3677,#504);
#301=LINE('',#3679,#505);
#302=LINE('',#3680,#506);
#303=LINE('',#3682,#507);
#304=LINE('',#3684,#508);
#305=LINE('',#3691,#509);
#306=LINE('',#3693,#510);
#307=LINE('',#3699,#511);
#308=LINE('',#3706,#512);
#309=LINE('',#3713,#513);
#310=LINE('',#3715,#514);
#311=LINE('',#3723,#515);
#312=LINE('',#3730,#516);
#313=LINE('',#3732,#517);
#314=LINE('',#3740,#518);
#315=LINE('',#3745,#519);
#316=LINE('',#3748,#520);
#317=LINE('',#3750,#521);
#318=LINE('',#3752,#522);
#319=LINE('',#3754,#523);
#320=LINE('',#3808,#524);
#321=LINE('',#3825,#525);
#322=LINE('',#3827,#526);
#323=LINE('',#3829,#527);
#324=LINE('',#3833,#528);
#325=LINE('',#3835,#529);
#326=LINE('',#3846,#530);
#327=LINE('',#3848,#531);
#328=LINE('',#3850,#532);
#329=LINE('',#3852,#533);
#330=LINE('',#3855,#534);
#331=LINE('',#3871,#535);
#332=LINE('',#3873,#536);
#333=LINE('',#3875,#537);
#334=LINE('',#3877,#538);
#335=LINE('',#3880,#539);
#336=LINE('',#3882,#540);
#337=LINE('',#3884,#541);
#338=LINE('',#3886,#542);
#339=LINE('',#3889,#543);
#340=LINE('',#3891,#544);
#341=LINE('',#3893,#545);
#342=LINE('',#3902,#546);
#343=LINE('',#3903,#547);
#344=LINE('',#3907,#548);
#345=LINE('',#3909,#549);
#346=LINE('',#3911,#550);
#347=LINE('',#3913,#551);
#348=LINE('',#3914,#552);
#349=LINE('',#3916,#553);
#350=LINE('',#3918,#554);
#351=LINE('',#3919,#555);
#352=LINE('',#3924,#556);
#353=LINE('',#3925,#557);
#354=LINE('',#3929,#558);
#355=LINE('',#3932,#559);
#356=LINE('',#3934,#560);
#357=VECTOR('',#2458,1.);
#358=VECTOR('',#2461,1.);
#359=VECTOR('',#2464,1.);
#360=VECTOR('',#2465,1.);
#361=VECTOR('',#2466,1.);
#362=VECTOR('',#2469,1.);
#363=VECTOR('',#2470,1.);
#364=VECTOR('',#2479,1.);
#365=VECTOR('',#2480,1.);
#366=VECTOR('',#2481,1.);
#367=VECTOR('',#2482,1.);
#368=VECTOR('',#2483,1.);
#369=VECTOR('',#2484,1.);
#370=VECTOR('',#2485,1.);
#371=VECTOR('',#2488,1.);
#372=VECTOR('',#2489,1.);
#373=VECTOR('',#2498,1.);
#374=VECTOR('',#2499,1.);
#375=VECTOR('',#2500,1.);
#376=VECTOR('',#2501,1.);
#377=VECTOR('',#2502,1.);
#378=VECTOR('',#2503,1.);
#379=VECTOR('',#2504,1.);
#380=VECTOR('',#2507,1.);
#381=VECTOR('',#2508,1.);
#382=VECTOR('',#2509,1.);
#383=VECTOR('',#2510,1.);
#384=VECTOR('',#2511,1.);
#385=VECTOR('',#2514,1.);
#386=VECTOR('',#2515,1.);
#387=VECTOR('',#2516,1.);
#388=VECTOR('',#2517,1.);
#389=VECTOR('',#2524,1.);
#390=VECTOR('',#2527,1.);
#391=VECTOR('',#2536,1.);
#392=VECTOR('',#2539,1.);
#393=VECTOR('',#2546,1.);
#394=VECTOR('',#2547,1.);
#395=VECTOR('',#2548,1.);
#396=VECTOR('',#2549,1.);
#397=VECTOR('',#2552,1.);
#398=VECTOR('',#2553,1.);
#399=VECTOR('',#2554,1.);
#400=VECTOR('',#2555,1.);
#401=VECTOR('',#2568,1.);
#402=VECTOR('',#2571,1.);
#403=VECTOR('',#2578,1.);
#404=VECTOR('',#2583,1.);
#405=VECTOR('',#2584,1.);
#406=VECTOR('',#2585,1.);
#407=VECTOR('',#2590,1.);
#408=VECTOR('',#2591,1.);
#409=VECTOR('',#2592,1.);
#410=VECTOR('',#2597,1.);
#411=VECTOR('',#2598,1.);
#412=VECTOR('',#2599,1.);
#413=VECTOR('',#2600,1.);
#414=VECTOR('',#2603,1.);
#415=VECTOR('',#2606,1.);
#416=VECTOR('',#2607,1.);
#417=VECTOR('',#2608,1.);
#418=VECTOR('',#2609,1.);
#419=VECTOR('',#2610,1.);
#420=VECTOR('',#2613,1.);
#421=VECTOR('',#2614,1.);
#422=VECTOR('',#2615,1.);
#423=VECTOR('',#2620,1.);
#424=VECTOR('',#2621,1.);
#425=VECTOR('',#2626,1.);
#426=VECTOR('',#2629,1.);
#427=VECTOR('',#2630,1.);
#428=VECTOR('',#2631,1.);
#429=VECTOR('',#2632,1.);
#430=VECTOR('',#2635,1.);
#431=VECTOR('',#2636,1.);
#432=VECTOR('',#2637,1.);
#433=VECTOR('',#2638,1.);
#434=VECTOR('',#2641,1.);
#435=VECTOR('',#2642,1.);
#436=VECTOR('',#2643,1.);
#437=VECTOR('',#2644,1.);
#438=VECTOR('',#2661,1.);
#439=VECTOR('',#2662,1.);
#440=VECTOR('',#2663,1.);
#441=VECTOR('',#2674,1.);
#442=VECTOR('',#2675,1.);
#443=VECTOR('',#2676,1.);
#444=VECTOR('',#2677,1.);
#445=VECTOR('',#2678,1.);
#446=VECTOR('',#2681,1.);
#447=VECTOR('',#2684,1.);
#448=VECTOR('',#2685,1.);
#449=VECTOR('',#2688,1.);
#450=VECTOR('',#2693,1.);
#451=VECTOR('',#2694,1.);
#452=VECTOR('',#2695,1.);
#453=VECTOR('',#2704,1.);
#454=VECTOR('',#2705,1.);
#455=VECTOR('',#2708,1.);
#456=VECTOR('',#2715,1.);
#457=VECTOR('',#2716,1.);
#458=VECTOR('',#2717,1.);
#459=VECTOR('',#2720,1.);
#460=VECTOR('',#2721,1.);
#461=VECTOR('',#2722,1.);
#462=VECTOR('',#2723,1.);
#463=VECTOR('',#2724,1.);
#464=VECTOR('',#2725,1.);
#465=VECTOR('',#2726,1.);
#466=VECTOR('',#2729,1.);
#467=VECTOR('',#2732,1.);
#468=VECTOR('',#2737,1.);
#469=VECTOR('',#2744,1.);
#470=VECTOR('',#2747,1.);
#471=VECTOR('',#2752,1.);
#472=VECTOR('',#2753,1.);
#473=VECTOR('',#2756,1.);
#474=VECTOR('',#2757,1.);
#475=VECTOR('',#2766,1.);
#476=VECTOR('',#2767,1.);
#477=VECTOR('',#2768,1.);
#478=VECTOR('',#2769,1.);
#479=VECTOR('',#2770,1.);
#480=VECTOR('',#2771,1.);
#481=VECTOR('',#2772,1.);
#482=VECTOR('',#2775,1.);
#483=VECTOR('',#2776,1.);
#484=VECTOR('',#2785,1.);
#485=VECTOR('',#2786,1.);
#486=VECTOR('',#2787,1.);
#487=VECTOR('',#2788,1.);
#488=VECTOR('',#2789,1.);
#489=VECTOR('',#2790,1.);
#490=VECTOR('',#2791,1.);
#491=VECTOR('',#2794,1.);
#492=VECTOR('',#2795,1.);
#493=VECTOR('',#2796,1.);
#494=VECTOR('',#2797,1.);
#495=VECTOR('',#2800,1.);
#496=VECTOR('',#2801,1.);
#497=VECTOR('',#2802,1.);
#498=VECTOR('',#2803,1.);
#499=VECTOR('',#2808,1.);
#500=VECTOR('',#2811,1.);
#501=VECTOR('',#2820,1.);
#502=VECTOR('',#2823,1.);
#503=VECTOR('',#2832,1.);
#504=VECTOR('',#2833,1.);
#505=VECTOR('',#2834,1.);
#506=VECTOR('',#2835,1.);
#507=VECTOR('',#2838,1.);
#508=VECTOR('',#2839,1.);
#509=VECTOR('',#2840,1.);
#510=VECTOR('',#2841,1.);
#511=VECTOR('',#2852,1.);
#512=VECTOR('',#2863,1.);
#513=VECTOR('',#2868,1.);
#514=VECTOR('',#2869,1.);
#515=VECTOR('',#2874,1.);
#516=VECTOR('',#2875,1.);
#517=VECTOR('',#2876,1.);
#518=VECTOR('',#2881,1.);
#519=VECTOR('',#2888,1.);
#520=VECTOR('',#2889,1.);
#521=VECTOR('',#2890,1.);
#522=VECTOR('',#2891,1.);
#523=VECTOR('',#2892,1.);
#524=VECTOR('',#2895,1.);
#525=VECTOR('',#2898,1.);
#526=VECTOR('',#2899,1.);
#527=VECTOR('',#2900,1.);
#528=VECTOR('',#2905,1.);
#529=VECTOR('',#2906,1.);
#530=VECTOR('',#2911,1.);
#531=VECTOR('',#2912,1.);
#532=VECTOR('',#2913,1.);
#533=VECTOR('',#2914,1.);
#534=VECTOR('',#2917,1.);
#535=VECTOR('',#2926,1.);
#536=VECTOR('',#2927,1.);
#537=VECTOR('',#2928,1.);
#538=VECTOR('',#2931,1.);
#539=VECTOR('',#2932,1.);
#540=VECTOR('',#2933,1.);
#541=VECTOR('',#2934,1.);
#542=VECTOR('',#2937,1.);
#543=VECTOR('',#2938,1.);
#544=VECTOR('',#2939,1.);
#545=VECTOR('',#2940,1.);
#546=VECTOR('',#2955,1.);
#547=VECTOR('',#2956,1.);
#548=VECTOR('',#2963,1.);
#549=VECTOR('',#2964,1.);
#550=VECTOR('',#2965,1.);
#551=VECTOR('',#2966,1.);
#552=VECTOR('',#2967,1.);
#553=VECTOR('',#2970,1.);
#554=VECTOR('',#2973,1.);
#555=VECTOR('',#2974,1.);
#556=VECTOR('',#2981,1.);
#557=VECTOR('',#2982,1.);
#558=VECTOR('',#2987,1.);
#559=VECTOR('',#2992,1.);
#560=VECTOR('',#2993,1.);
#561=ORIENTED_EDGE('',*,*,#1209,.F.);
#562=ORIENTED_EDGE('',*,*,#1210,.F.);
#563=ORIENTED_EDGE('',*,*,#1211,.F.);
#564=ORIENTED_EDGE('',*,*,#1212,.F.);
#565=ORIENTED_EDGE('',*,*,#1212,.T.);
#566=ORIENTED_EDGE('',*,*,#1213,.T.);
#567=ORIENTED_EDGE('',*,*,#1214,.F.);
#568=ORIENTED_EDGE('',*,*,#1215,.T.);
#569=ORIENTED_EDGE('',*,*,#1216,.T.);
#570=ORIENTED_EDGE('',*,*,#1217,.T.);
#571=ORIENTED_EDGE('',*,*,#1218,.T.);
#572=ORIENTED_EDGE('',*,*,#1219,.T.);
#573=ORIENTED_EDGE('',*,*,#1216,.F.);
#574=ORIENTED_EDGE('',*,*,#1220,.T.);
#575=ORIENTED_EDGE('',*,*,#1221,.F.);
#576=ORIENTED_EDGE('',*,*,#1222,.F.);
#577=ORIENTED_EDGE('',*,*,#1223,.F.);
#578=ORIENTED_EDGE('',*,*,#1224,.F.);
#579=ORIENTED_EDGE('',*,*,#1217,.F.);
#580=ORIENTED_EDGE('',*,*,#1224,.T.);
#581=ORIENTED_EDGE('',*,*,#1225,.T.);
#582=ORIENTED_EDGE('',*,*,#1226,.T.);
#583=ORIENTED_EDGE('',*,*,#1227,.T.);
#584=ORIENTED_EDGE('',*,*,#1228,.T.);
#585=ORIENTED_EDGE('',*,*,#1229,.T.);
#586=ORIENTED_EDGE('',*,*,#1230,.T.);
#587=ORIENTED_EDGE('',*,*,#1231,.T.);
#588=ORIENTED_EDGE('',*,*,#1232,.T.);
#589=ORIENTED_EDGE('',*,*,#1233,.T.);
#590=ORIENTED_EDGE('',*,*,#1234,.T.);
#591=ORIENTED_EDGE('',*,*,#1235,.T.);
#592=ORIENTED_EDGE('',*,*,#1236,.T.);
#593=ORIENTED_EDGE('',*,*,#1233,.F.);
#594=ORIENTED_EDGE('',*,*,#1237,.F.);
#595=ORIENTED_EDGE('',*,*,#1238,.F.);
#596=ORIENTED_EDGE('',*,*,#1239,.F.);
#597=ORIENTED_EDGE('',*,*,#1240,.T.);
#598=ORIENTED_EDGE('',*,*,#1241,.F.);
#599=ORIENTED_EDGE('',*,*,#1234,.F.);
#600=ORIENTED_EDGE('',*,*,#1241,.T.);
#601=ORIENTED_EDGE('',*,*,#1242,.T.);
#602=ORIENTED_EDGE('',*,*,#1243,.F.);
#603=ORIENTED_EDGE('',*,*,#1244,.T.);
#604=ORIENTED_EDGE('',*,*,#1245,.T.);
#605=ORIENTED_EDGE('',*,*,#1246,.T.);
#606=ORIENTED_EDGE('',*,*,#1247,.F.);
#607=ORIENTED_EDGE('',*,*,#1248,.T.);
#608=ORIENTED_EDGE('',*,*,#1249,.T.);
#609=ORIENTED_EDGE('',*,*,#1250,.T.);
#610=ORIENTED_EDGE('',*,*,#1251,.F.);
#611=ORIENTED_EDGE('',*,*,#1252,.F.);
#612=ORIENTED_EDGE('',*,*,#1253,.T.);
#613=ORIENTED_EDGE('',*,*,#1254,.T.);
#614=ORIENTED_EDGE('',*,*,#1230,.F.);
#615=ORIENTED_EDGE('',*,*,#1255,.T.);
#616=ORIENTED_EDGE('',*,*,#1256,.T.);
#617=ORIENTED_EDGE('',*,*,#1257,.F.);
#618=ORIENTED_EDGE('',*,*,#1258,.T.);
#619=ORIENTED_EDGE('',*,*,#1259,.T.);
#620=ORIENTED_EDGE('',*,*,#1260,.F.);
#621=ORIENTED_EDGE('',*,*,#1255,.F.);
#622=ORIENTED_EDGE('',*,*,#1229,.F.);
#623=ORIENTED_EDGE('',*,*,#1261,.T.);
#624=ORIENTED_EDGE('',*,*,#1244,.F.);
#625=ORIENTED_EDGE('',*,*,#1262,.F.);
#626=ORIENTED_EDGE('',*,*,#1263,.F.);
#627=ORIENTED_EDGE('',*,*,#1264,.F.);
#628=ORIENTED_EDGE('',*,*,#1265,.T.);
#629=ORIENTED_EDGE('',*,*,#1266,.F.);
#630=ORIENTED_EDGE('',*,*,#1259,.F.);
#631=ORIENTED_EDGE('',*,*,#1267,.F.);
#632=ORIENTED_EDGE('',*,*,#1268,.F.);
#633=ORIENTED_EDGE('',*,*,#1246,.F.);
#634=ORIENTED_EDGE('',*,*,#1269,.F.);
#635=ORIENTED_EDGE('',*,*,#1227,.F.);
#636=ORIENTED_EDGE('',*,*,#1270,.F.);
#637=ORIENTED_EDGE('',*,*,#1271,.T.);
#638=ORIENTED_EDGE('',*,*,#1261,.F.);
#639=ORIENTED_EDGE('',*,*,#1228,.F.);
#640=ORIENTED_EDGE('',*,*,#1269,.T.);
#641=ORIENTED_EDGE('',*,*,#1245,.F.);
#642=ORIENTED_EDGE('',*,*,#1272,.T.);
#643=ORIENTED_EDGE('',*,*,#1262,.T.);
#644=ORIENTED_EDGE('',*,*,#1243,.T.);
#645=ORIENTED_EDGE('',*,*,#1273,.T.);
#646=ORIENTED_EDGE('',*,*,#1239,.T.);
#647=ORIENTED_EDGE('',*,*,#1274,.T.);
#648=ORIENTED_EDGE('',*,*,#1275,.F.);
#649=ORIENTED_EDGE('',*,*,#1276,.T.);
#650=ORIENTED_EDGE('',*,*,#1277,.F.);
#651=ORIENTED_EDGE('',*,*,#1278,.T.);
#652=ORIENTED_EDGE('',*,*,#1279,.T.);
#653=ORIENTED_EDGE('',*,*,#1280,.T.);
#654=ORIENTED_EDGE('',*,*,#1247,.T.);
#655=ORIENTED_EDGE('',*,*,#1268,.T.);
#656=ORIENTED_EDGE('',*,*,#1242,.F.);
#657=ORIENTED_EDGE('',*,*,#1240,.F.);
#658=ORIENTED_EDGE('',*,*,#1273,.F.);
#659=ORIENTED_EDGE('',*,*,#1218,.F.);
#660=ORIENTED_EDGE('',*,*,#1232,.F.);
#661=ORIENTED_EDGE('',*,*,#1281,.T.);
#662=ORIENTED_EDGE('',*,*,#1253,.F.);
#663=ORIENTED_EDGE('',*,*,#1282,.F.);
#664=ORIENTED_EDGE('',*,*,#1283,.F.);
#665=ORIENTED_EDGE('',*,*,#1236,.F.);
#666=ORIENTED_EDGE('',*,*,#1284,.F.);
#667=ORIENTED_EDGE('',*,*,#1285,.F.);
#668=ORIENTED_EDGE('',*,*,#1237,.T.);
#669=ORIENTED_EDGE('',*,*,#1219,.F.);
#670=ORIENTED_EDGE('',*,*,#1283,.T.);
#671=ORIENTED_EDGE('',*,*,#1286,.F.);
#672=ORIENTED_EDGE('',*,*,#1220,.F.);
#673=ORIENTED_EDGE('',*,*,#1248,.F.);
#674=ORIENTED_EDGE('',*,*,#1280,.F.);
#675=ORIENTED_EDGE('',*,*,#1287,.T.);
#676=ORIENTED_EDGE('',*,*,#1225,.F.);
#677=ORIENTED_EDGE('',*,*,#1223,.T.);
#678=ORIENTED_EDGE('',*,*,#1288,.F.);
#679=ORIENTED_EDGE('',*,*,#1235,.F.);
#680=ORIENTED_EDGE('',*,*,#1249,.F.);
#681=ORIENTED_EDGE('',*,*,#1287,.F.);
#682=ORIENTED_EDGE('',*,*,#1279,.F.);
#683=ORIENTED_EDGE('',*,*,#1289,.F.);
#684=ORIENTED_EDGE('',*,*,#1284,.T.);
#685=ORIENTED_EDGE('',*,*,#1290,.T.);
#686=ORIENTED_EDGE('',*,*,#1270,.T.);
#687=ORIENTED_EDGE('',*,*,#1226,.F.);
#688=ORIENTED_EDGE('',*,*,#1288,.T.);
#689=ORIENTED_EDGE('',*,*,#1222,.T.);
#690=ORIENTED_EDGE('',*,*,#1291,.F.);
#691=ORIENTED_EDGE('',*,*,#1292,.F.);
#692=ORIENTED_EDGE('',*,*,#1256,.F.);
#693=ORIENTED_EDGE('',*,*,#1266,.T.);
#694=ORIENTED_EDGE('',*,*,#1290,.F.);
#695=ORIENTED_EDGE('',*,*,#1293,.F.);
#696=ORIENTED_EDGE('',*,*,#1238,.T.);
#697=ORIENTED_EDGE('',*,*,#1285,.T.);
#698=ORIENTED_EDGE('',*,*,#1289,.T.);
#699=ORIENTED_EDGE('',*,*,#1278,.F.);
#700=ORIENTED_EDGE('',*,*,#1294,.F.);
#701=ORIENTED_EDGE('',*,*,#1295,.T.);
#702=ORIENTED_EDGE('',*,*,#1296,.F.);
#703=ORIENTED_EDGE('',*,*,#1297,.F.);
#704=ORIENTED_EDGE('',*,*,#1274,.F.);
#705=ORIENTED_EDGE('',*,*,#1276,.F.);
#706=ORIENTED_EDGE('',*,*,#1267,.T.);
#707=ORIENTED_EDGE('',*,*,#1258,.F.);
#708=ORIENTED_EDGE('',*,*,#1298,.F.);
#709=ORIENTED_EDGE('',*,*,#1299,.F.);
#710=ORIENTED_EDGE('',*,*,#1300,.T.);
#711=ORIENTED_EDGE('',*,*,#1301,.T.);
#712=ORIENTED_EDGE('',*,*,#1302,.T.);
#713=ORIENTED_EDGE('',*,*,#1303,.T.);
#714=ORIENTED_EDGE('',*,*,#1304,.F.);
#715=ORIENTED_EDGE('',*,*,#1305,.T.);
#716=ORIENTED_EDGE('',*,*,#1306,.F.);
#717=ORIENTED_EDGE('',*,*,#1307,.T.);
#718=ORIENTED_EDGE('',*,*,#1308,.T.);
#719=ORIENTED_EDGE('',*,*,#1307,.F.);
#720=ORIENTED_EDGE('',*,*,#1309,.F.);
#721=ORIENTED_EDGE('',*,*,#1310,.T.);
#722=ORIENTED_EDGE('',*,*,#1311,.T.);
#723=ORIENTED_EDGE('',*,*,#1312,.F.);
#724=ORIENTED_EDGE('',*,*,#1313,.T.);
#725=ORIENTED_EDGE('',*,*,#1314,.F.);
#726=ORIENTED_EDGE('',*,*,#1305,.F.);
#727=ORIENTED_EDGE('',*,*,#1315,.F.);
#728=ORIENTED_EDGE('',*,*,#1316,.T.);
#729=ORIENTED_EDGE('',*,*,#1317,.F.);
#730=ORIENTED_EDGE('',*,*,#1313,.F.);
#731=ORIENTED_EDGE('',*,*,#1318,.F.);
#732=ORIENTED_EDGE('',*,*,#1295,.F.);
#733=ORIENTED_EDGE('',*,*,#1319,.F.);
#734=ORIENTED_EDGE('',*,*,#1316,.F.);
#735=ORIENTED_EDGE('',*,*,#1304,.T.);
#736=ORIENTED_EDGE('',*,*,#1320,.T.);
#737=ORIENTED_EDGE('',*,*,#1321,.T.);
#738=ORIENTED_EDGE('',*,*,#1322,.T.);
#739=ORIENTED_EDGE('',*,*,#1296,.T.);
#740=ORIENTED_EDGE('',*,*,#1318,.T.);
#741=ORIENTED_EDGE('',*,*,#1315,.T.);
#742=ORIENTED_EDGE('',*,*,#1312,.T.);
#743=ORIENTED_EDGE('',*,*,#1323,.F.);
#744=ORIENTED_EDGE('',*,*,#1324,.T.);
#745=ORIENTED_EDGE('',*,*,#1325,.T.);
#746=ORIENTED_EDGE('',*,*,#1326,.F.);
#747=ORIENTED_EDGE('',*,*,#1327,.T.);
#748=ORIENTED_EDGE('',*,*,#1328,.T.);
#749=ORIENTED_EDGE('',*,*,#1329,.T.);
#750=ORIENTED_EDGE('',*,*,#1330,.F.);
#751=ORIENTED_EDGE('',*,*,#1331,.T.);
#752=ORIENTED_EDGE('',*,*,#1332,.T.);
#753=ORIENTED_EDGE('',*,*,#1333,.T.);
#754=ORIENTED_EDGE('',*,*,#1334,.T.);
#755=ORIENTED_EDGE('',*,*,#1335,.T.);
#756=ORIENTED_EDGE('',*,*,#1330,.T.);
#757=ORIENTED_EDGE('',*,*,#1336,.T.);
#758=ORIENTED_EDGE('',*,*,#1332,.F.);
#759=ORIENTED_EDGE('',*,*,#1271,.F.);
#760=ORIENTED_EDGE('',*,*,#1337,.T.);
#761=ORIENTED_EDGE('',*,*,#1338,.T.);
#762=ORIENTED_EDGE('',*,*,#1265,.F.);
#763=ORIENTED_EDGE('',*,*,#1339,.T.);
#764=ORIENTED_EDGE('',*,*,#1264,.T.);
#765=ORIENTED_EDGE('',*,*,#1340,.F.);
#766=ORIENTED_EDGE('',*,*,#1341,.T.);
#767=ORIENTED_EDGE('',*,*,#1340,.T.);
#768=ORIENTED_EDGE('',*,*,#1263,.T.);
#769=ORIENTED_EDGE('',*,*,#1272,.F.);
#770=ORIENTED_EDGE('',*,*,#1342,.F.);
#771=ORIENTED_EDGE('',*,*,#1250,.F.);
#772=ORIENTED_EDGE('',*,*,#1260,.T.);
#773=ORIENTED_EDGE('',*,*,#1339,.F.);
#774=ORIENTED_EDGE('',*,*,#1343,.F.);
#775=ORIENTED_EDGE('',*,*,#1344,.F.);
#776=ORIENTED_EDGE('',*,*,#1326,.T.);
#777=ORIENTED_EDGE('',*,*,#1345,.T.);
#778=ORIENTED_EDGE('',*,*,#1333,.F.);
#779=ORIENTED_EDGE('',*,*,#1336,.F.);
#780=ORIENTED_EDGE('',*,*,#1329,.F.);
#781=ORIENTED_EDGE('',*,*,#1346,.T.);
#782=ORIENTED_EDGE('',*,*,#1347,.F.);
#783=ORIENTED_EDGE('',*,*,#1348,.F.);
#784=ORIENTED_EDGE('',*,*,#1323,.T.);
#785=ORIENTED_EDGE('',*,*,#1344,.T.);
#786=ORIENTED_EDGE('',*,*,#1349,.F.);
#787=ORIENTED_EDGE('',*,*,#1350,.T.);
#788=ORIENTED_EDGE('',*,*,#1351,.T.);
#789=ORIENTED_EDGE('',*,*,#1347,.T.);
#790=ORIENTED_EDGE('',*,*,#1351,.F.);
#791=ORIENTED_EDGE('',*,*,#1352,.T.);
#792=ORIENTED_EDGE('',*,*,#1349,.T.);
#793=ORIENTED_EDGE('',*,*,#1348,.T.);
#794=ORIENTED_EDGE('',*,*,#1353,.F.);
#795=ORIENTED_EDGE('',*,*,#1354,.F.);
#796=ORIENTED_EDGE('',*,*,#1355,.T.);
#797=ORIENTED_EDGE('',*,*,#1309,.T.);
#798=ORIENTED_EDGE('',*,*,#1306,.T.);
#799=ORIENTED_EDGE('',*,*,#1314,.T.);
#800=ORIENTED_EDGE('',*,*,#1317,.T.);
#801=ORIENTED_EDGE('',*,*,#1319,.T.);
#802=ORIENTED_EDGE('',*,*,#1294,.T.);
#803=ORIENTED_EDGE('',*,*,#1277,.T.);
#804=ORIENTED_EDGE('',*,*,#1298,.T.);
#805=ORIENTED_EDGE('',*,*,#1257,.T.);
#806=ORIENTED_EDGE('',*,*,#1293,.T.);
#807=ORIENTED_EDGE('',*,*,#1292,.T.);
#808=ORIENTED_EDGE('',*,*,#1356,.T.);
#809=ORIENTED_EDGE('',*,*,#1337,.F.);
#810=ORIENTED_EDGE('',*,*,#1357,.T.);
#811=ORIENTED_EDGE('',*,*,#1214,.T.);
#812=ORIENTED_EDGE('',*,*,#1358,.T.);
#813=ORIENTED_EDGE('',*,*,#1354,.T.);
#814=ORIENTED_EDGE('',*,*,#1359,.T.);
#815=ORIENTED_EDGE('',*,*,#1360,.T.);
#816=ORIENTED_EDGE('',*,*,#1334,.F.);
#817=ORIENTED_EDGE('',*,*,#1345,.F.);
#818=ORIENTED_EDGE('',*,*,#1325,.F.);
#819=ORIENTED_EDGE('',*,*,#1321,.F.);
#820=ORIENTED_EDGE('',*,*,#1361,.F.);
#821=ORIENTED_EDGE('',*,*,#1308,.F.);
#822=ORIENTED_EDGE('',*,*,#1311,.F.);
#823=ORIENTED_EDGE('',*,*,#1362,.F.);
#824=ORIENTED_EDGE('',*,*,#1327,.F.);
#825=ORIENTED_EDGE('',*,*,#1335,.F.);
#826=ORIENTED_EDGE('',*,*,#1331,.F.);
#827=ORIENTED_EDGE('',*,*,#1360,.F.);
#828=ORIENTED_EDGE('',*,*,#1361,.T.);
#829=ORIENTED_EDGE('',*,*,#1359,.F.);
#830=ORIENTED_EDGE('',*,*,#1320,.F.);
#831=ORIENTED_EDGE('',*,*,#1303,.F.);
#832=ORIENTED_EDGE('',*,*,#1231,.F.);
#833=ORIENTED_EDGE('',*,*,#1254,.F.);
#834=ORIENTED_EDGE('',*,*,#1281,.F.);
#835=ORIENTED_EDGE('',*,*,#1363,.F.);
#836=ORIENTED_EDGE('',*,*,#1364,.F.);
#837=ORIENTED_EDGE('',*,*,#1365,.T.);
#838=ORIENTED_EDGE('',*,*,#1210,.T.);
#839=ORIENTED_EDGE('',*,*,#1366,.T.);
#840=ORIENTED_EDGE('',*,*,#1367,.T.);
#841=ORIENTED_EDGE('',*,*,#1368,.T.);
#842=ORIENTED_EDGE('',*,*,#1369,.F.);
#843=ORIENTED_EDGE('',*,*,#1370,.F.);
#844=ORIENTED_EDGE('',*,*,#1371,.F.);
#845=ORIENTED_EDGE('',*,*,#1372,.F.);
#846=ORIENTED_EDGE('',*,*,#1373,.F.);
#847=ORIENTED_EDGE('',*,*,#1374,.T.);
#848=ORIENTED_EDGE('',*,*,#1375,.T.);
#849=ORIENTED_EDGE('',*,*,#1376,.T.);
#850=ORIENTED_EDGE('',*,*,#1377,.F.);
#851=ORIENTED_EDGE('',*,*,#1363,.T.);
#852=ORIENTED_EDGE('',*,*,#1209,.T.);
#853=ORIENTED_EDGE('',*,*,#1215,.F.);
#854=ORIENTED_EDGE('',*,*,#1357,.F.);
#855=ORIENTED_EDGE('',*,*,#1356,.F.);
#856=ORIENTED_EDGE('',*,*,#1291,.T.);
#857=ORIENTED_EDGE('',*,*,#1221,.T.);
#858=ORIENTED_EDGE('',*,*,#1286,.T.);
#859=ORIENTED_EDGE('',*,*,#1282,.T.);
#860=ORIENTED_EDGE('',*,*,#1252,.T.);
#861=ORIENTED_EDGE('',*,*,#1378,.F.);
#862=ORIENTED_EDGE('',*,*,#1302,.F.);
#863=ORIENTED_EDGE('',*,*,#1366,.F.);
#864=ORIENTED_EDGE('',*,*,#1301,.F.);
#865=ORIENTED_EDGE('',*,*,#1379,.T.);
#866=ORIENTED_EDGE('',*,*,#1380,.T.);
#867=ORIENTED_EDGE('',*,*,#1381,.F.);
#868=ORIENTED_EDGE('',*,*,#1382,.F.);
#869=ORIENTED_EDGE('',*,*,#1383,.T.);
#870=ORIENTED_EDGE('',*,*,#1379,.F.);
#871=ORIENTED_EDGE('',*,*,#1300,.F.);
#872=ORIENTED_EDGE('',*,*,#1377,.T.);
#873=ORIENTED_EDGE('',*,*,#1384,.T.);
#874=ORIENTED_EDGE('',*,*,#1385,.T.);
#875=ORIENTED_EDGE('',*,*,#1364,.T.);
#876=ORIENTED_EDGE('',*,*,#1384,.F.);
#877=ORIENTED_EDGE('',*,*,#1376,.F.);
#878=ORIENTED_EDGE('',*,*,#1386,.T.);
#879=ORIENTED_EDGE('',*,*,#1387,.F.);
#880=ORIENTED_EDGE('',*,*,#1388,.F.);
#881=ORIENTED_EDGE('',*,*,#1389,.F.);
#882=ORIENTED_EDGE('',*,*,#1390,.F.);
#883=ORIENTED_EDGE('',*,*,#1391,.F.);
#884=ORIENTED_EDGE('',*,*,#1388,.T.);
#885=ORIENTED_EDGE('',*,*,#1392,.T.);
#886=ORIENTED_EDGE('',*,*,#1393,.T.);
#887=ORIENTED_EDGE('',*,*,#1394,.T.);
#888=ORIENTED_EDGE('',*,*,#1372,.T.);
#889=ORIENTED_EDGE('',*,*,#1395,.F.);
#890=ORIENTED_EDGE('',*,*,#1391,.T.);
#891=ORIENTED_EDGE('',*,*,#1396,.F.);
#892=ORIENTED_EDGE('',*,*,#1397,.F.);
#893=ORIENTED_EDGE('',*,*,#1398,.F.);
#894=ORIENTED_EDGE('',*,*,#1399,.F.);
#895=ORIENTED_EDGE('',*,*,#1400,.F.);
#896=ORIENTED_EDGE('',*,*,#1401,.F.);
#897=ORIENTED_EDGE('',*,*,#1402,.F.);
#898=ORIENTED_EDGE('',*,*,#1403,.F.);
#899=ORIENTED_EDGE('',*,*,#1392,.F.);
#900=ORIENTED_EDGE('',*,*,#1404,.F.);
#901=ORIENTED_EDGE('',*,*,#1405,.F.);
#902=ORIENTED_EDGE('',*,*,#1406,.F.);
#903=ORIENTED_EDGE('',*,*,#1407,.F.);
#904=ORIENTED_EDGE('',*,*,#1404,.T.);
#905=ORIENTED_EDGE('',*,*,#1408,.T.);
#906=ORIENTED_EDGE('',*,*,#1409,.F.);
#907=ORIENTED_EDGE('',*,*,#1410,.T.);
#908=ORIENTED_EDGE('',*,*,#1411,.T.);
#909=ORIENTED_EDGE('',*,*,#1412,.T.);
#910=ORIENTED_EDGE('',*,*,#1407,.T.);
#911=ORIENTED_EDGE('',*,*,#1413,.F.);
#912=ORIENTED_EDGE('',*,*,#1414,.F.);
#913=ORIENTED_EDGE('',*,*,#1415,.T.);
#914=ORIENTED_EDGE('',*,*,#1416,.F.);
#915=ORIENTED_EDGE('',*,*,#1417,.F.);
#916=ORIENTED_EDGE('',*,*,#1418,.F.);
#917=ORIENTED_EDGE('',*,*,#1419,.T.);
#918=ORIENTED_EDGE('',*,*,#1420,.F.);
#919=ORIENTED_EDGE('',*,*,#1408,.F.);
#920=ORIENTED_EDGE('',*,*,#1421,.F.);
#921=ORIENTED_EDGE('',*,*,#1422,.F.);
#922=ORIENTED_EDGE('',*,*,#1398,.T.);
#923=ORIENTED_EDGE('',*,*,#1423,.F.);
#924=ORIENTED_EDGE('',*,*,#1424,.F.);
#925=ORIENTED_EDGE('',*,*,#1369,.T.);
#926=ORIENTED_EDGE('',*,*,#1425,.T.);
#927=ORIENTED_EDGE('',*,*,#1426,.F.);
#928=ORIENTED_EDGE('',*,*,#1427,.F.);
#929=ORIENTED_EDGE('',*,*,#1428,.F.);
#930=ORIENTED_EDGE('',*,*,#1429,.T.);
#931=ORIENTED_EDGE('',*,*,#1430,.T.);
#932=ORIENTED_EDGE('',*,*,#1431,.T.);
#933=ORIENTED_EDGE('',*,*,#1432,.T.);
#934=ORIENTED_EDGE('',*,*,#1433,.T.);
#935=ORIENTED_EDGE('',*,*,#1418,.T.);
#936=ORIENTED_EDGE('',*,*,#1434,.F.);
#937=ORIENTED_EDGE('',*,*,#1399,.T.);
#938=ORIENTED_EDGE('',*,*,#1422,.T.);
#939=ORIENTED_EDGE('',*,*,#1435,.F.);
#940=ORIENTED_EDGE('',*,*,#1436,.T.);
#941=ORIENTED_EDGE('',*,*,#1437,.T.);
#942=ORIENTED_EDGE('',*,*,#1401,.T.);
#943=ORIENTED_EDGE('',*,*,#1438,.T.);
#944=ORIENTED_EDGE('',*,*,#1416,.T.);
#945=ORIENTED_EDGE('',*,*,#1439,.T.);
#946=ORIENTED_EDGE('',*,*,#1440,.T.);
#947=ORIENTED_EDGE('',*,*,#1427,.T.);
#948=ORIENTED_EDGE('',*,*,#1441,.F.);
#949=ORIENTED_EDGE('',*,*,#1434,.T.);
#950=ORIENTED_EDGE('',*,*,#1417,.T.);
#951=ORIENTED_EDGE('',*,*,#1438,.F.);
#952=ORIENTED_EDGE('',*,*,#1400,.T.);
#953=ORIENTED_EDGE('',*,*,#1442,.F.);
#954=ORIENTED_EDGE('',*,*,#1443,.T.);
#955=ORIENTED_EDGE('',*,*,#1444,.F.);
#956=ORIENTED_EDGE('',*,*,#1410,.F.);
#957=ORIENTED_EDGE('',*,*,#1445,.F.);
#958=ORIENTED_EDGE('',*,*,#1419,.F.);
#959=ORIENTED_EDGE('',*,*,#1433,.F.);
#960=ORIENTED_EDGE('',*,*,#1446,.F.);
#961=ORIENTED_EDGE('',*,*,#1439,.F.);
#962=ORIENTED_EDGE('',*,*,#1415,.F.);
#963=ORIENTED_EDGE('',*,*,#1447,.F.);
#964=ORIENTED_EDGE('',*,*,#1448,.F.);
#965=ORIENTED_EDGE('',*,*,#1449,.F.);
#966=ORIENTED_EDGE('',*,*,#1450,.T.);
#967=ORIENTED_EDGE('',*,*,#1420,.T.);
#968=ORIENTED_EDGE('',*,*,#1445,.T.);
#969=ORIENTED_EDGE('',*,*,#1409,.T.);
#970=ORIENTED_EDGE('',*,*,#1390,.T.);
#971=ORIENTED_EDGE('',*,*,#1451,.T.);
#972=ORIENTED_EDGE('',*,*,#1370,.T.);
#973=ORIENTED_EDGE('',*,*,#1424,.T.);
#974=ORIENTED_EDGE('',*,*,#1452,.F.);
#975=ORIENTED_EDGE('',*,*,#1396,.T.);
#976=ORIENTED_EDGE('',*,*,#1405,.T.);
#977=ORIENTED_EDGE('',*,*,#1412,.F.);
#978=ORIENTED_EDGE('',*,*,#1453,.T.);
#979=ORIENTED_EDGE('',*,*,#1454,.T.);
#980=ORIENTED_EDGE('',*,*,#1389,.T.);
#981=ORIENTED_EDGE('',*,*,#1395,.T.);
#982=ORIENTED_EDGE('',*,*,#1371,.T.);
#983=ORIENTED_EDGE('',*,*,#1451,.F.);
#984=ORIENTED_EDGE('',*,*,#1414,.T.);
#985=ORIENTED_EDGE('',*,*,#1455,.F.);
#986=ORIENTED_EDGE('',*,*,#1447,.T.);
#987=ORIENTED_EDGE('',*,*,#1403,.T.);
#988=ORIENTED_EDGE('',*,*,#1456,.T.);
#989=ORIENTED_EDGE('',*,*,#1393,.F.);
#990=ORIENTED_EDGE('',*,*,#1406,.T.);
#991=ORIENTED_EDGE('',*,*,#1454,.F.);
#992=ORIENTED_EDGE('',*,*,#1457,.T.);
#993=ORIENTED_EDGE('',*,*,#1448,.T.);
#994=ORIENTED_EDGE('',*,*,#1455,.T.);
#995=ORIENTED_EDGE('',*,*,#1413,.T.);
#996=ORIENTED_EDGE('',*,*,#1458,.F.);
#997=ORIENTED_EDGE('',*,*,#1459,.T.);
#998=ORIENTED_EDGE('',*,*,#1373,.T.);
#999=ORIENTED_EDGE('',*,*,#1394,.F.);
#1000=ORIENTED_EDGE('',*,*,#1456,.F.);
#1001=ORIENTED_EDGE('',*,*,#1402,.T.);
#1002=ORIENTED_EDGE('',*,*,#1437,.F.);
#1003=ORIENTED_EDGE('',*,*,#1426,.T.);
#1004=ORIENTED_EDGE('',*,*,#1460,.T.);
#1005=ORIENTED_EDGE('',*,*,#1458,.T.);
#1006=ORIENTED_EDGE('',*,*,#1436,.F.);
#1007=ORIENTED_EDGE('',*,*,#1411,.F.);
#1008=ORIENTED_EDGE('',*,*,#1444,.T.);
#1009=ORIENTED_EDGE('',*,*,#1461,.T.);
#1010=ORIENTED_EDGE('',*,*,#1462,.T.);
#1011=ORIENTED_EDGE('',*,*,#1463,.F.);
#1012=ORIENTED_EDGE('',*,*,#1464,.T.);
#1013=ORIENTED_EDGE('',*,*,#1449,.T.);
#1014=ORIENTED_EDGE('',*,*,#1457,.F.);
#1015=ORIENTED_EDGE('',*,*,#1453,.F.);
#1016=ORIENTED_EDGE('',*,*,#1446,.T.);
#1017=ORIENTED_EDGE('',*,*,#1465,.T.);
#1018=ORIENTED_EDGE('',*,*,#1428,.T.);
#1019=ORIENTED_EDGE('',*,*,#1440,.F.);
#1020=ORIENTED_EDGE('',*,*,#1466,.T.);
#1021=ORIENTED_EDGE('',*,*,#1367,.F.);
#1022=ORIENTED_EDGE('',*,*,#1380,.F.);
#1023=ORIENTED_EDGE('',*,*,#1383,.F.);
#1024=ORIENTED_EDGE('',*,*,#1467,.T.);
#1025=ORIENTED_EDGE('',*,*,#1381,.T.);
#1026=ORIENTED_EDGE('',*,*,#1468,.F.);
#1027=ORIENTED_EDGE('',*,*,#1469,.F.);
#1028=ORIENTED_EDGE('',*,*,#1470,.F.);
#1029=ORIENTED_EDGE('',*,*,#1471,.T.);
#1030=ORIENTED_EDGE('',*,*,#1472,.F.);
#1031=ORIENTED_EDGE('',*,*,#1473,.T.);
#1032=ORIENTED_EDGE('',*,*,#1470,.T.);
#1033=ORIENTED_EDGE('',*,*,#1474,.F.);
#1034=ORIENTED_EDGE('',*,*,#1475,.F.);
#1035=ORIENTED_EDGE('',*,*,#1476,.T.);
#1036=ORIENTED_EDGE('',*,*,#1477,.T.);
#1037=ORIENTED_EDGE('',*,*,#1472,.T.);
#1038=ORIENTED_EDGE('',*,*,#1478,.T.);
#1039=ORIENTED_EDGE('',*,*,#1479,.F.);
#1040=ORIENTED_EDGE('',*,*,#1480,.T.);
#1041=ORIENTED_EDGE('',*,*,#1479,.T.);
#1042=ORIENTED_EDGE('',*,*,#1481,.T.);
#1043=ORIENTED_EDGE('',*,*,#1482,.F.);
#1044=ORIENTED_EDGE('',*,*,#1483,.T.);
#1045=ORIENTED_EDGE('',*,*,#1482,.T.);
#1046=ORIENTED_EDGE('',*,*,#1484,.T.);
#1047=ORIENTED_EDGE('',*,*,#1463,.T.);
#1048=ORIENTED_EDGE('',*,*,#1485,.T.);
#1049=ORIENTED_EDGE('',*,*,#1486,.T.);
#1050=ORIENTED_EDGE('',*,*,#1487,.T.);
#1051=ORIENTED_EDGE('',*,*,#1488,.T.);
#1052=ORIENTED_EDGE('',*,*,#1461,.F.);
#1053=ORIENTED_EDGE('',*,*,#1443,.F.);
#1054=ORIENTED_EDGE('',*,*,#1489,.F.);
#1055=ORIENTED_EDGE('',*,*,#1490,.T.);
#1056=ORIENTED_EDGE('',*,*,#1491,.F.);
#1057=ORIENTED_EDGE('',*,*,#1425,.F.);
#1058=ORIENTED_EDGE('',*,*,#1368,.F.);
#1059=ORIENTED_EDGE('',*,*,#1466,.F.);
#1060=ORIENTED_EDGE('',*,*,#1382,.T.);
#1061=ORIENTED_EDGE('',*,*,#1299,.T.);
#1062=ORIENTED_EDGE('',*,*,#1378,.T.);
#1063=ORIENTED_EDGE('',*,*,#1251,.T.);
#1064=ORIENTED_EDGE('',*,*,#1343,.T.);
#1065=ORIENTED_EDGE('',*,*,#1341,.F.);
#1066=ORIENTED_EDGE('',*,*,#1342,.T.);
#1067=ORIENTED_EDGE('',*,*,#1275,.T.);
#1068=ORIENTED_EDGE('',*,*,#1297,.T.);
#1069=ORIENTED_EDGE('',*,*,#1322,.F.);
#1070=ORIENTED_EDGE('',*,*,#1324,.F.);
#1071=ORIENTED_EDGE('',*,*,#1352,.F.);
#1072=ORIENTED_EDGE('',*,*,#1338,.F.);
#1073=ORIENTED_EDGE('',*,*,#1467,.F.);
#1074=ORIENTED_EDGE('',*,*,#1492,.T.);
#1075=ORIENTED_EDGE('',*,*,#1473,.F.);
#1076=ORIENTED_EDGE('',*,*,#1477,.F.);
#1077=ORIENTED_EDGE('',*,*,#1480,.F.);
#1078=ORIENTED_EDGE('',*,*,#1483,.F.);
#1079=ORIENTED_EDGE('',*,*,#1462,.F.);
#1080=ORIENTED_EDGE('',*,*,#1488,.F.);
#1081=ORIENTED_EDGE('',*,*,#1493,.F.);
#1082=ORIENTED_EDGE('',*,*,#1494,.F.);
#1083=ORIENTED_EDGE('',*,*,#1495,.T.);
#1084=ORIENTED_EDGE('',*,*,#1496,.T.);
#1085=ORIENTED_EDGE('',*,*,#1497,.F.);
#1086=ORIENTED_EDGE('',*,*,#1487,.F.);
#1087=ORIENTED_EDGE('',*,*,#1498,.F.);
#1088=ORIENTED_EDGE('',*,*,#1499,.T.);
#1089=ORIENTED_EDGE('',*,*,#1500,.F.);
#1090=ORIENTED_EDGE('',*,*,#1501,.F.);
#1091=ORIENTED_EDGE('',*,*,#1502,.F.);
#1092=ORIENTED_EDGE('',*,*,#1503,.F.);
#1093=ORIENTED_EDGE('',*,*,#1504,.F.);
#1094=ORIENTED_EDGE('',*,*,#1505,.F.);
#1095=ORIENTED_EDGE('',*,*,#1506,.F.);
#1096=ORIENTED_EDGE('',*,*,#1505,.T.);
#1097=ORIENTED_EDGE('',*,*,#1507,.F.);
#1098=ORIENTED_EDGE('',*,*,#1499,.F.);
#1099=ORIENTED_EDGE('',*,*,#1441,.T.);
#1100=ORIENTED_EDGE('',*,*,#1508,.F.);
#1101=ORIENTED_EDGE('',*,*,#1492,.F.);
#1102=ORIENTED_EDGE('',*,*,#1435,.T.);
#1103=ORIENTED_EDGE('',*,*,#1509,.F.);
#1104=ORIENTED_EDGE('',*,*,#1490,.F.);
#1105=ORIENTED_EDGE('',*,*,#1510,.T.);
#1106=ORIENTED_EDGE('',*,*,#1431,.F.);
#1107=ORIENTED_EDGE('',*,*,#1510,.F.);
#1108=ORIENTED_EDGE('',*,*,#1489,.T.);
#1109=ORIENTED_EDGE('',*,*,#1442,.T.);
#1110=ORIENTED_EDGE('',*,*,#1432,.F.);
#1111=ORIENTED_EDGE('',*,*,#1421,.T.);
#1112=ORIENTED_EDGE('',*,*,#1491,.T.);
#1113=ORIENTED_EDGE('',*,*,#1509,.T.);
#1114=ORIENTED_EDGE('',*,*,#1430,.F.);
#1115=ORIENTED_EDGE('',*,*,#1511,.T.);
#1116=ORIENTED_EDGE('',*,*,#1512,.T.);
#1117=ORIENTED_EDGE('',*,*,#1513,.T.);
#1118=ORIENTED_EDGE('',*,*,#1514,.F.);
#1119=ORIENTED_EDGE('',*,*,#1500,.T.);
#1120=ORIENTED_EDGE('',*,*,#1507,.T.);
#1121=ORIENTED_EDGE('',*,*,#1504,.T.);
#1122=ORIENTED_EDGE('',*,*,#1515,.F.);
#1123=ORIENTED_EDGE('',*,*,#1496,.F.);
#1124=ORIENTED_EDGE('',*,*,#1495,.F.);
#1125=ORIENTED_EDGE('',*,*,#1516,.T.);
#1126=ORIENTED_EDGE('',*,*,#1511,.F.);
#1127=ORIENTED_EDGE('',*,*,#1517,.F.);
#1128=ORIENTED_EDGE('',*,*,#1513,.F.);
#1129=ORIENTED_EDGE('',*,*,#1518,.F.);
#1130=ORIENTED_EDGE('',*,*,#1518,.T.);
#1131=ORIENTED_EDGE('',*,*,#1512,.F.);
#1132=ORIENTED_EDGE('',*,*,#1516,.F.);
#1133=ORIENTED_EDGE('',*,*,#1486,.F.);
#1134=ORIENTED_EDGE('',*,*,#1365,.F.);
#1135=ORIENTED_EDGE('',*,*,#1385,.F.);
#1136=ORIENTED_EDGE('',*,*,#1387,.T.);
#1137=ORIENTED_EDGE('',*,*,#1519,.T.);
#1138=ORIENTED_EDGE('',*,*,#1520,.T.);
#1139=ORIENTED_EDGE('',*,*,#1475,.T.);
#1140=ORIENTED_EDGE('',*,*,#1521,.F.);
#1141=ORIENTED_EDGE('',*,*,#1501,.T.);
#1142=ORIENTED_EDGE('',*,*,#1514,.T.);
#1143=ORIENTED_EDGE('',*,*,#1517,.T.);
#1144=ORIENTED_EDGE('',*,*,#1485,.F.);
#1145=ORIENTED_EDGE('',*,*,#1350,.F.);
#1146=ORIENTED_EDGE('',*,*,#1346,.F.);
#1147=ORIENTED_EDGE('',*,*,#1328,.F.);
#1148=ORIENTED_EDGE('',*,*,#1362,.T.);
#1149=ORIENTED_EDGE('',*,*,#1310,.F.);
#1150=ORIENTED_EDGE('',*,*,#1355,.F.);
#1151=ORIENTED_EDGE('',*,*,#1358,.F.);
#1152=ORIENTED_EDGE('',*,*,#1213,.F.);
#1153=ORIENTED_EDGE('',*,*,#1211,.T.);
#1154=ORIENTED_EDGE('',*,*,#1522,.F.);
#1155=ORIENTED_EDGE('',*,*,#1523,.T.);
#1156=ORIENTED_EDGE('',*,*,#1374,.F.);
#1157=ORIENTED_EDGE('',*,*,#1459,.F.);
#1158=ORIENTED_EDGE('',*,*,#1460,.F.);
#1159=ORIENTED_EDGE('',*,*,#1429,.F.);
#1160=ORIENTED_EDGE('',*,*,#1465,.F.);
#1161=ORIENTED_EDGE('',*,*,#1450,.F.);
#1162=ORIENTED_EDGE('',*,*,#1464,.F.);
#1163=ORIENTED_EDGE('',*,*,#1484,.F.);
#1164=ORIENTED_EDGE('',*,*,#1481,.F.);
#1165=ORIENTED_EDGE('',*,*,#1478,.F.);
#1166=ORIENTED_EDGE('',*,*,#1471,.F.);
#1167=ORIENTED_EDGE('',*,*,#1476,.F.);
#1168=ORIENTED_EDGE('',*,*,#1520,.F.);
#1169=ORIENTED_EDGE('',*,*,#1508,.T.);
#1170=ORIENTED_EDGE('',*,*,#1375,.F.);
#1171=ORIENTED_EDGE('',*,*,#1523,.F.);
#1172=ORIENTED_EDGE('',*,*,#1519,.F.);
#1173=ORIENTED_EDGE('',*,*,#1386,.F.);
#1174=ORIENTED_EDGE('',*,*,#1524,.F.);
#1175=ORIENTED_EDGE('',*,*,#1493,.T.);
#1176=ORIENTED_EDGE('',*,*,#1497,.T.);
#1177=ORIENTED_EDGE('',*,*,#1515,.T.);
#1178=ORIENTED_EDGE('',*,*,#1503,.T.);
#1179=ORIENTED_EDGE('',*,*,#1525,.F.);
#1180=ORIENTED_EDGE('',*,*,#1526,.T.);
#1181=ORIENTED_EDGE('',*,*,#1525,.T.);
#1182=ORIENTED_EDGE('',*,*,#1502,.T.);
#1183=ORIENTED_EDGE('',*,*,#1506,.T.);
#1184=ORIENTED_EDGE('',*,*,#1498,.T.);
#1185=ORIENTED_EDGE('',*,*,#1521,.T.);
#1186=ORIENTED_EDGE('',*,*,#1474,.T.);
#1187=ORIENTED_EDGE('',*,*,#1469,.T.);
#1188=ORIENTED_EDGE('',*,*,#1526,.F.);
#1189=ORIENTED_EDGE('',*,*,#1468,.T.);
#1190=ORIENTED_EDGE('',*,*,#1494,.T.);
#1191=ORIENTED_EDGE('',*,*,#1524,.T.);
#1192=ORIENTED_EDGE('',*,*,#1397,.T.);
#1193=ORIENTED_EDGE('',*,*,#1452,.T.);
#1194=ORIENTED_EDGE('',*,*,#1423,.T.);
#1195=ORIENTED_EDGE('',*,*,#1527,.F.);
#1196=ORIENTED_EDGE('',*,*,#1522,.T.);
#1197=ORIENTED_EDGE('',*,*,#1528,.F.);
#1198=ORIENTED_EDGE('',*,*,#1527,.T.);
#1199=ORIENTED_EDGE('',*,*,#1529,.F.);
#1200=ORIENTED_EDGE('',*,*,#1529,.T.);
#1201=ORIENTED_EDGE('',*,*,#1528,.T.);
#1202=ORIENTED_EDGE('',*,*,#1530,.F.);
#1203=ORIENTED_EDGE('',*,*,#1353,.T.);
#1204=ORIENTED_EDGE('',*,*,#1531,.F.);
#1205=ORIENTED_EDGE('',*,*,#1530,.T.);
#1206=ORIENTED_EDGE('',*,*,#1532,.T.);
#1207=ORIENTED_EDGE('',*,*,#1532,.F.);
#1208=ORIENTED_EDGE('',*,*,#1531,.T.);
#1209=EDGE_CURVE('',#1533,#1534,#1753,.F.);
#1210=EDGE_CURVE('',#1535,#1533,#153,.T.);
#1211=EDGE_CURVE('',#1536,#1535,#1754,.T.);
#1212=EDGE_CURVE('',#1534,#1536,#154,.T.);
#1213=EDGE_CURVE('',#1536,#1537,#155,.T.);
#1214=EDGE_CURVE('',#1538,#1537,#156,.F.);
#1215=EDGE_CURVE('',#1538,#1534,#157,.T.);
#1216=EDGE_CURVE('',#1539,#1540,#28,.T.);
#1217=EDGE_CURVE('',#1540,#1541,#158,.T.);
#1218=EDGE_CURVE('',#1541,#1542,#29,.T.);
#1219=EDGE_CURVE('',#1542,#1539,#159,.F.);
#1220=EDGE_CURVE('',#1539,#1543,#1755,.F.);
#1221=EDGE_CURVE('',#1544,#1543,#30,.T.);
#1222=EDGE_CURVE('',#1545,#1544,#31,.T.);
#1223=EDGE_CURVE('',#1546,#1545,#1756,.F.);
#1224=EDGE_CURVE('',#1540,#1546,#32,.T.);
#1225=EDGE_CURVE('',#1546,#1547,#160,.T.);
#1226=EDGE_CURVE('',#1547,#1548,#161,.F.);
#1227=EDGE_CURVE('',#1548,#1549,#162,.F.);
#1228=EDGE_CURVE('',#1549,#1550,#163,.F.);
#1229=EDGE_CURVE('',#1550,#1551,#164,.T.);
#1230=EDGE_CURVE('',#1551,#1552,#165,.F.);
#1231=EDGE_CURVE('',#1552,#1553,#166,.F.);
#1232=EDGE_CURVE('',#1553,#1541,#33,.T.);
#1233=EDGE_CURVE('',#1554,#1555,#34,.T.);
#1234=EDGE_CURVE('',#1555,#1556,#167,.T.);
#1235=EDGE_CURVE('',#1556,#1557,#35,.T.);
#1236=EDGE_CURVE('',#1557,#1554,#168,.F.);
#1237=EDGE_CURVE('',#1558,#1554,#1757,.T.);
#1238=EDGE_CURVE('',#1559,#1558,#36,.T.);
#1239=EDGE_CURVE('',#1560,#1559,#37,.T.);
#1240=EDGE_CURVE('',#1560,#1561,#1758,.T.);
#1241=EDGE_CURVE('',#1555,#1561,#38,.T.);
#1242=EDGE_CURVE('',#1561,#1562,#169,.F.);
#1243=EDGE_CURVE('',#1563,#1562,#170,.T.);
#1244=EDGE_CURVE('',#1563,#1564,#171,.T.);
#1245=EDGE_CURVE('',#1564,#1565,#172,.T.);
#1246=EDGE_CURVE('',#1565,#1566,#173,.F.);
#1247=EDGE_CURVE('',#1567,#1566,#174,.T.);
#1248=EDGE_CURVE('',#1567,#1568,#175,.T.);
#1249=EDGE_CURVE('',#1568,#1556,#39,.T.);
#1250=EDGE_CURVE('',#1569,#1570,#176,.T.);
#1251=EDGE_CURVE('',#1571,#1570,#177,.T.);
#1252=EDGE_CURVE('',#1572,#1571,#178,.T.);
#1253=EDGE_CURVE('',#1572,#1573,#40,.T.);
#1254=EDGE_CURVE('',#1573,#1552,#179,.T.);
#1255=EDGE_CURVE('',#1551,#1569,#180,.T.);
#1256=EDGE_CURVE('',#1574,#1575,#181,.F.);
#1257=EDGE_CURVE('',#1576,#1575,#182,.F.);
#1258=EDGE_CURVE('',#1576,#1577,#183,.T.);
#1259=EDGE_CURVE('',#1577,#1574,#184,.F.);
#1260=EDGE_CURVE('',#1569,#1578,#1759,.F.);
#1261=EDGE_CURVE('',#1550,#1564,#1760,.T.);
#1262=EDGE_CURVE('',#1579,#1563,#185,.T.);
#1263=EDGE_CURVE('',#1580,#1579,#1761,.F.);
#1264=EDGE_CURVE('',#1578,#1580,#186,.T.);
#1265=EDGE_CURVE('',#1581,#1581,#1762,.T.);
#1266=EDGE_CURVE('',#1574,#1582,#1763,.T.);
#1267=EDGE_CURVE('',#1583,#1577,#1764,.T.);
#1268=EDGE_CURVE('',#1566,#1583,#187,.T.);
#1269=EDGE_CURVE('',#1549,#1565,#1765,.T.);
#1270=EDGE_CURVE('',#1582,#1548,#188,.T.);
#1271=EDGE_CURVE('',#1584,#1584,#1766,.F.);
#1272=EDGE_CURVE('',#1585,#1579,#189,.T.);
#1273=EDGE_CURVE('',#1562,#1560,#190,.T.);
#1274=EDGE_CURVE('',#1559,#1586,#191,.T.);
#1275=EDGE_CURVE('',#1585,#1586,#192,.F.);
#1276=EDGE_CURVE('',#1583,#1587,#193,.T.);
#1277=EDGE_CURVE('',#1588,#1587,#194,.T.);
#1278=EDGE_CURVE('',#1588,#1589,#195,.T.);
#1279=EDGE_CURVE('',#1589,#1590,#41,.T.);
#1280=EDGE_CURVE('',#1590,#1567,#196,.T.);
#1281=EDGE_CURVE('',#1553,#1573,#1767,.T.);
#1282=EDGE_CURVE('',#1591,#1572,#42,.T.);
#1283=EDGE_CURVE('',#1542,#1591,#1768,.T.);
#1284=EDGE_CURVE('',#1592,#1557,#1769,.F.);
#1285=EDGE_CURVE('',#1558,#1592,#197,.T.);
#1286=EDGE_CURVE('',#1543,#1591,#198,.T.);
#1287=EDGE_CURVE('',#1590,#1568,#1770,.F.);
#1288=EDGE_CURVE('',#1547,#1545,#199,.T.);
#1289=EDGE_CURVE('',#1592,#1589,#43,.T.);
#1290=EDGE_CURVE('',#1593,#1582,#200,.T.);
#1291=EDGE_CURVE('',#1594,#1544,#201,.T.);
#1292=EDGE_CURVE('',#1593,#1594,#202,.F.);
#1293=EDGE_CURVE('',#1575,#1593,#44,.T.);
#1294=EDGE_CURVE('',#1595,#1588,#203,.T.);
#1295=EDGE_CURVE('',#1595,#1596,#204,.T.);
#1296=EDGE_CURVE('',#1597,#1596,#45,.F.);
#1297=EDGE_CURVE('',#1586,#1597,#205,.T.);
#1298=EDGE_CURVE('',#1587,#1576,#46,.T.);
#1299=EDGE_CURVE('',#1598,#1599,#206,.F.);
#1300=EDGE_CURVE('',#1598,#1600,#207,.T.);
#1301=EDGE_CURVE('',#1600,#1601,#208,.T.);
#1302=EDGE_CURVE('',#1601,#1599,#209,.F.);
#1303=EDGE_CURVE('',#1602,#1603,#210,.F.);
#1304=EDGE_CURVE('',#1604,#1603,#1771,.F.);
#1305=EDGE_CURVE('',#1604,#1605,#211,.T.);
#1306=EDGE_CURVE('',#1606,#1605,#212,.F.);
#1307=EDGE_CURVE('',#1606,#1607,#213,.F.);
#1308=EDGE_CURVE('',#1607,#1602,#214,.T.);
#1309=EDGE_CURVE('',#1608,#1606,#47,.T.);
#1310=EDGE_CURVE('',#1608,#1609,#215,.F.);
#1311=EDGE_CURVE('',#1609,#1607,#48,.F.);
#1312=EDGE_CURVE('',#1610,#1604,#216,.T.);
#1313=EDGE_CURVE('',#1610,#1611,#217,.F.);
#1314=EDGE_CURVE('',#1605,#1611,#218,.T.);
#1315=EDGE_CURVE('',#1612,#1610,#1772,.T.);
#1316=EDGE_CURVE('',#1612,#1613,#219,.T.);
#1317=EDGE_CURVE('',#1611,#1613,#220,.T.);
#1318=EDGE_CURVE('',#1596,#1612,#49,.T.);
#1319=EDGE_CURVE('',#1613,#1595,#50,.T.);
#1320=EDGE_CURVE('',#1603,#1614,#51,.T.);
#1321=EDGE_CURVE('',#1614,#1615,#52,.F.);
#1322=EDGE_CURVE('',#1615,#1597,#221,.F.);
#1323=EDGE_CURVE('',#1616,#1617,#222,.T.);
#1324=EDGE_CURVE('',#1616,#1615,#223,.T.);
#1325=EDGE_CURVE('',#1615,#1618,#224,.T.);
#1326=EDGE_CURVE('',#1617,#1618,#225,.T.);
#1327=EDGE_CURVE('',#1619,#1620,#226,.F.);
#1328=EDGE_CURVE('',#1620,#1621,#227,.T.);
#1329=EDGE_CURVE('',#1621,#1622,#228,.T.);
#1330=EDGE_CURVE('',#1619,#1622,#229,.F.);
#1331=EDGE_CURVE('',#1623,#1624,#230,.F.);
#1332=EDGE_CURVE('',#1624,#1625,#231,.T.);
#1333=EDGE_CURVE('',#1625,#1626,#232,.T.);
#1334=EDGE_CURVE('',#1626,#1623,#233,.T.);
#1335=EDGE_CURVE('',#1624,#1619,#1773,.F.);
#1336=EDGE_CURVE('',#1622,#1625,#1774,.T.);
#1337=EDGE_CURVE('',#1627,#1627,#12,.T.);
#1338=EDGE_CURVE('',#1628,#1628,#1775,.T.);
#1339=EDGE_CURVE('',#1629,#1578,#234,.F.);
#1340=EDGE_CURVE('',#1630,#1580,#235,.T.);
#1341=EDGE_CURVE('',#1630,#1629,#236,.F.);
#1342=EDGE_CURVE('',#1630,#1585,#1776,.F.);
#1343=EDGE_CURVE('',#1570,#1629,#1777,.F.);
#1344=EDGE_CURVE('',#1617,#1631,#237,.F.);
#1345=EDGE_CURVE('',#1618,#1626,#238,.T.);
#1346=EDGE_CURVE('',#1621,#1632,#239,.T.);
#1347=EDGE_CURVE('',#1633,#1632,#240,.F.);
#1348=EDGE_CURVE('',#1631,#1633,#241,.F.);
#1349=EDGE_CURVE('',#1616,#1631,#242,.T.);
#1350=EDGE_CURVE('',#1632,#1634,#243,.T.);
#1351=EDGE_CURVE('',#1634,#1633,#244,.T.);
#1352=EDGE_CURVE('',#1634,#1616,#245,.T.);
#1353=EDGE_CURVE('',#1635,#1635,#1778,.T.);
#1354=EDGE_CURVE('',#1636,#1637,#246,.T.);
#1355=EDGE_CURVE('',#1636,#1608,#247,.T.);
#1356=EDGE_CURVE('',#1594,#1637,#248,.F.);
#1357=EDGE_CURVE('',#1637,#1538,#13,.T.);
#1358=EDGE_CURVE('',#1537,#1636,#14,.T.);
#1359=EDGE_CURVE('',#1614,#1638,#249,.T.);
#1360=EDGE_CURVE('',#1638,#1623,#250,.T.);
#1361=EDGE_CURVE('',#1602,#1638,#53,.F.);
#1362=EDGE_CURVE('',#1620,#1609,#251,.T.);
#1363=EDGE_CURVE('',#1639,#1533,#252,.F.);
#1364=EDGE_CURVE('',#1640,#1639,#253,.F.);
#1365=EDGE_CURVE('',#1640,#1535,#254,.F.);
#1366=EDGE_CURVE('',#1601,#1641,#255,.T.);
#1367=EDGE_CURVE('',#1641,#1642,#256,.T.);
#1368=EDGE_CURVE('',#1642,#1643,#257,.T.);
#1369=EDGE_CURVE('',#1644,#1643,#258,.T.);
#1370=EDGE_CURVE('',#1645,#1644,#54,.F.);
#1371=EDGE_CURVE('',#1646,#1645,#259,.T.);
#1372=EDGE_CURVE('',#1647,#1646,#55,.F.);
#1373=EDGE_CURVE('',#1648,#1647,#260,.T.);
#1374=EDGE_CURVE('',#1648,#1649,#261,.F.);
#1375=EDGE_CURVE('',#1649,#1650,#15,.F.);
#1376=EDGE_CURVE('',#1650,#1651,#262,.T.);
#1377=EDGE_CURVE('',#1639,#1651,#1779,.F.);
#1378=EDGE_CURVE('',#1599,#1571,#263,.F.);
#1379=EDGE_CURVE('',#1600,#1652,#1780,.T.);
#1380=EDGE_CURVE('',#1652,#1641,#264,.F.);
#1381=EDGE_CURVE('',#1653,#1653,#1781,.T.);
#1382=EDGE_CURVE('',#1654,#1598,#1782,.F.);
#1383=EDGE_CURVE('',#1654,#1652,#265,.T.);
#1384=EDGE_CURVE('',#1651,#1655,#266,.T.);
#1385=EDGE_CURVE('',#1655,#1640,#1783,.T.);
#1386=EDGE_CURVE('',#1650,#1656,#267,.F.);
#1387=EDGE_CURVE('',#1655,#1656,#268,.T.);
#1388=EDGE_CURVE('',#1657,#1658,#56,.F.);
#1389=EDGE_CURVE('',#1659,#1657,#269,.F.);
#1390=EDGE_CURVE('',#1660,#1659,#57,.F.);
#1391=EDGE_CURVE('',#1658,#1660,#270,.F.);
#1392=EDGE_CURVE('',#1658,#1661,#58,.F.);
#1393=EDGE_CURVE('',#1661,#1662,#1784,.T.);
#1394=EDGE_CURVE('',#1662,#1647,#59,.F.);
#1395=EDGE_CURVE('',#1657,#1646,#1785,.T.);
#1396=EDGE_CURVE('',#1663,#1660,#60,.F.);
#1397=EDGE_CURVE('',#1664,#1663,#271,.F.);
#1398=EDGE_CURVE('',#1665,#1664,#272,.T.);
#1399=EDGE_CURVE('',#1666,#1665,#273,.F.);
#1400=EDGE_CURVE('',#1667,#1666,#274,.T.);
#1401=EDGE_CURVE('',#1668,#1667,#275,.F.);
#1402=EDGE_CURVE('',#1669,#1668,#276,.T.);
#1403=EDGE_CURVE('',#1661,#1669,#277,.F.);
#1404=EDGE_CURVE('',#1670,#1671,#61,.F.);
#1405=EDGE_CURVE('',#1672,#1670,#278,.T.);
#1406=EDGE_CURVE('',#1673,#1672,#62,.F.);
#1407=EDGE_CURVE('',#1671,#1673,#279,.T.);
#1408=EDGE_CURVE('',#1671,#1674,#63,.F.);
#1409=EDGE_CURVE('',#1675,#1674,#1786,.F.);
#1410=EDGE_CURVE('',#1675,#1676,#64,.F.);
#1411=EDGE_CURVE('',#1676,#1677,#65,.F.);
#1412=EDGE_CURVE('',#1677,#1670,#1787,.F.);
#1413=EDGE_CURVE('',#1678,#1673,#66,.F.);
#1414=EDGE_CURVE('',#1679,#1678,#280,.F.);
#1415=EDGE_CURVE('',#1679,#1680,#281,.F.);
#1416=EDGE_CURVE('',#1681,#1680,#282,.F.);
#1417=EDGE_CURVE('',#1682,#1681,#283,.F.);
#1418=EDGE_CURVE('',#1683,#1682,#284,.F.);
#1419=EDGE_CURVE('',#1683,#1684,#285,.F.);
#1420=EDGE_CURVE('',#1674,#1684,#286,.F.);
#1421=EDGE_CURVE('',#1685,#1686,#287,.T.);
#1422=EDGE_CURVE('',#1665,#1685,#288,.T.);
#1423=EDGE_CURVE('',#1687,#1664,#289,.T.);
#1424=EDGE_CURVE('',#1644,#1687,#67,.F.);
#1425=EDGE_CURVE('',#1643,#1686,#290,.T.);
#1426=EDGE_CURVE('',#1688,#1689,#291,.F.);
#1427=EDGE_CURVE('',#1690,#1688,#292,.F.);
#1428=EDGE_CURVE('',#1691,#1690,#293,.T.);
#1429=EDGE_CURVE('',#1691,#1689,#294,.F.);
#1430=EDGE_CURVE('',#1685,#1692,#1788,.F.);
#1431=EDGE_CURVE('',#1692,#1693,#295,.F.);
#1432=EDGE_CURVE('',#1693,#1694,#1789,.F.);
#1433=EDGE_CURVE('',#1694,#1683,#296,.F.);
#1434=EDGE_CURVE('',#1666,#1682,#1790,.T.);
#1435=EDGE_CURVE('',#1695,#1695,#1791,.F.);
#1436=EDGE_CURVE('',#1688,#1696,#1792,.T.);
#1437=EDGE_CURVE('',#1696,#1668,#297,.F.);
#1438=EDGE_CURVE('',#1667,#1681,#1793,.T.);
#1439=EDGE_CURVE('',#1680,#1697,#298,.T.);
#1440=EDGE_CURVE('',#1697,#1690,#1794,.T.);
#1441=EDGE_CURVE('',#1698,#1698,#1795,.T.);
#1442=EDGE_CURVE('',#1699,#1694,#299,.F.);
#1443=EDGE_CURVE('',#1699,#1700,#300,.T.);
#1444=EDGE_CURVE('',#1676,#1700,#301,.T.);
#1445=EDGE_CURVE('',#1684,#1675,#302,.F.);
#1446=EDGE_CURVE('',#1697,#1701,#303,.F.);
#1447=EDGE_CURVE('',#1702,#1679,#304,.T.);
#1448=EDGE_CURVE('',#1703,#1702,#68,.F.);
#1449=EDGE_CURVE('',#1704,#1703,#305,.T.);
#1450=EDGE_CURVE('',#1704,#1701,#306,.T.);
#1451=EDGE_CURVE('',#1659,#1645,#1796,.F.);
#1452=EDGE_CURVE('',#1663,#1687,#1797,.F.);
#1453=EDGE_CURVE('',#1677,#1705,#307,.F.);
#1454=EDGE_CURVE('',#1705,#1672,#1798,.T.);
#1455=EDGE_CURVE('',#1702,#1678,#1799,.T.);
#1456=EDGE_CURVE('',#1669,#1662,#308,.F.);
#1457=EDGE_CURVE('',#1705,#1703,#69,.F.);
#1458=EDGE_CURVE('',#1706,#1696,#309,.T.);
#1459=EDGE_CURVE('',#1706,#1648,#310,.F.);
#1460=EDGE_CURVE('',#1689,#1706,#70,.F.);
#1461=EDGE_CURVE('',#1700,#1707,#311,.T.);
#1462=EDGE_CURVE('',#1707,#1708,#71,.T.);
#1463=EDGE_CURVE('',#1709,#1708,#312,.T.);
#1464=EDGE_CURVE('',#1709,#1704,#313,.T.);
#1465=EDGE_CURVE('',#1701,#1691,#72,.F.);
#1466=EDGE_CURVE('',#1654,#1642,#314,.T.);
#1467=EDGE_CURVE('',#1710,#1710,#1800,.F.);
#1468=EDGE_CURVE('',#1711,#1712,#315,.F.);
#1469=EDGE_CURVE('',#1713,#1711,#316,.T.);
#1470=EDGE_CURVE('',#1714,#1713,#317,.F.);
#1471=EDGE_CURVE('',#1714,#1715,#318,.T.);
#1472=EDGE_CURVE('',#1716,#1715,#319,.F.);
#1473=EDGE_CURVE('',#1716,#1712,#1801,.F.);
#1474=EDGE_CURVE('',#1717,#1713,#73,.T.);
#1475=EDGE_CURVE('',#1718,#1717,#320,.F.);
#1476=EDGE_CURVE('',#1718,#1714,#74,.F.);
#1477=EDGE_CURVE('',#1719,#1716,#321,.F.);
#1478=EDGE_CURVE('',#1715,#1720,#322,.T.);
#1479=EDGE_CURVE('',#1719,#1720,#323,.T.);
#1480=EDGE_CURVE('',#1721,#1719,#1802,.T.);
#1481=EDGE_CURVE('',#1720,#1722,#324,.T.);
#1482=EDGE_CURVE('',#1721,#1722,#325,.F.);
#1483=EDGE_CURVE('',#1708,#1721,#75,.T.);
#1484=EDGE_CURVE('',#1722,#1709,#76,.F.);
#1485=EDGE_CURVE('',#1634,#1723,#326,.T.);
#1486=EDGE_CURVE('',#1723,#1724,#327,.T.);
#1487=EDGE_CURVE('',#1724,#1725,#328,.T.);
#1488=EDGE_CURVE('',#1725,#1707,#329,.T.);
#1489=EDGE_CURVE('',#1726,#1699,#1803,.F.);
#1490=EDGE_CURVE('',#1726,#1727,#330,.F.);
#1491=EDGE_CURVE('',#1686,#1727,#1804,.F.);
#1492=EDGE_CURVE('',#1728,#1728,#1805,.F.);
#1493=EDGE_CURVE('',#1729,#1725,#77,.T.);
#1494=EDGE_CURVE('',#1712,#1729,#78,.T.);
#1495=EDGE_CURVE('',#1724,#1730,#331,.T.);
#1496=EDGE_CURVE('',#1730,#1731,#332,.T.);
#1497=EDGE_CURVE('',#1725,#1731,#333,.T.);
#1498=EDGE_CURVE('',#1732,#1733,#334,.T.);
#1499=EDGE_CURVE('',#1732,#1734,#335,.T.);
#1500=EDGE_CURVE('',#1735,#1734,#336,.T.);
#1501=EDGE_CURVE('',#1733,#1735,#337,.F.);
#1502=EDGE_CURVE('',#1736,#1737,#338,.F.);
#1503=EDGE_CURVE('',#1738,#1736,#339,.T.);
#1504=EDGE_CURVE('',#1739,#1738,#340,.F.);
#1505=EDGE_CURVE('',#1737,#1739,#341,.T.);
#1506=EDGE_CURVE('',#1737,#1732,#1806,.F.);
#1507=EDGE_CURVE('',#1734,#1739,#1807,.T.);
#1508=EDGE_CURVE('',#1740,#1740,#16,.T.);
#1509=EDGE_CURVE('',#1727,#1692,#342,.F.);
#1510=EDGE_CURVE('',#1726,#1693,#343,.F.);
#1511=EDGE_CURVE('',#1730,#1741,#344,.T.);
#1512=EDGE_CURVE('',#1741,#1742,#345,.F.);
#1513=EDGE_CURVE('',#1742,#1743,#346,.F.);
#1514=EDGE_CURVE('',#1735,#1743,#347,.T.);
#1515=EDGE_CURVE('',#1731,#1738,#348,.T.);
#1516=EDGE_CURVE('',#1724,#1741,#349,.T.);
#1517=EDGE_CURVE('',#1743,#1723,#350,.F.);
#1518=EDGE_CURVE('',#1723,#1742,#351,.T.);
#1519=EDGE_CURVE('',#1656,#1744,#17,.F.);
#1520=EDGE_CURVE('',#1744,#1718,#352,.T.);
#1521=EDGE_CURVE('',#1733,#1717,#353,.F.);
#1522=EDGE_CURVE('',#1745,#1745,#1808,.F.);
#1523=EDGE_CURVE('',#1744,#1649,#354,.T.);
#1524=EDGE_CURVE('',#1729,#1746,#355,.T.);
#1525=EDGE_CURVE('',#1746,#1736,#356,.T.);
#1526=EDGE_CURVE('',#1711,#1746,#79,.T.);
#1527=EDGE_CURVE('',#1747,#1747,#1809,.T.);
#1528=EDGE_CURVE('',#1748,#1748,#1810,.T.);
#1529=EDGE_CURVE('',#1749,#1749,#1811,.T.);
#1530=EDGE_CURVE('',#1750,#1750,#1812,.T.);
#1531=EDGE_CURVE('',#1751,#1751,#1813,.T.);
#1532=EDGE_CURVE('',#1752,#1752,#1814,.T.);
#1533=VERTEX_POINT('',#3031);
#1534=VERTEX_POINT('',#3032);
#1535=VERTEX_POINT('',#3034);
#1536=VERTEX_POINT('',#3036);
#1537=VERTEX_POINT('',#3040);
#1538=VERTEX_POINT('',#3042);
#1539=VERTEX_POINT('',#3049);
#1540=VERTEX_POINT('',#3050);
#1541=VERTEX_POINT('',#3052);
#1542=VERTEX_POINT('',#3057);
#1543=VERTEX_POINT('',#3061);
#1544=VERTEX_POINT('',#3066);
#1545=VERTEX_POINT('',#3071);
#1546=VERTEX_POINT('',#3073);
#1547=VERTEX_POINT('',#3080);
#1548=VERTEX_POINT('',#3082);
#1549=VERTEX_POINT('',#3084);
#1550=VERTEX_POINT('',#3086);
#1551=VERTEX_POINT('',#3088);
#1552=VERTEX_POINT('',#3090);
#1553=VERTEX_POINT('',#3092);
#1554=VERTEX_POINT('',#3102);
#1555=VERTEX_POINT('',#3103);
#1556=VERTEX_POINT('',#3105);
#1557=VERTEX_POINT('',#3110);
#1558=VERTEX_POINT('',#3114);
#1559=VERTEX_POINT('',#3119);
#1560=VERTEX_POINT('',#3124);
#1561=VERTEX_POINT('',#3126);
#1562=VERTEX_POINT('',#3133);
#1563=VERTEX_POINT('',#3135);
#1564=VERTEX_POINT('',#3137);
#1565=VERTEX_POINT('',#3139);
#1566=VERTEX_POINT('',#3141);
#1567=VERTEX_POINT('',#3143);
#1568=VERTEX_POINT('',#3145);
#1569=VERTEX_POINT('',#3152);
#1570=VERTEX_POINT('',#3153);
#1571=VERTEX_POINT('',#3155);
#1572=VERTEX_POINT('',#3157);
#1573=VERTEX_POINT('',#3162);
#1574=VERTEX_POINT('',#3167);
#1575=VERTEX_POINT('',#3168);
#1576=VERTEX_POINT('',#3170);
#1577=VERTEX_POINT('',#3172);
#1578=VERTEX_POINT('',#3176);
#1579=VERTEX_POINT('',#3179);
#1580=VERTEX_POINT('',#3181);
#1581=VERTEX_POINT('',#3184);
#1582=VERTEX_POINT('',#3187);
#1583=VERTEX_POINT('',#3189);
#1584=VERTEX_POINT('',#3194);
#1585=VERTEX_POINT('',#3198);
#1586=VERTEX_POINT('',#3201);
#1587=VERTEX_POINT('',#3205);
#1588=VERTEX_POINT('',#3207);
#1589=VERTEX_POINT('',#3209);
#1590=VERTEX_POINT('',#3214);
#1591=VERTEX_POINT('',#3223);
#1592=VERTEX_POINT('',#3227);
#1593=VERTEX_POINT('',#3242);
#1594=VERTEX_POINT('',#3244);
#1595=VERTEX_POINT('',#3254);
#1596=VERTEX_POINT('',#3256);
#1597=VERTEX_POINT('',#3261);
#1598=VERTEX_POINT('',#3271);
#1599=VERTEX_POINT('',#3272);
#1600=VERTEX_POINT('',#3274);
#1601=VERTEX_POINT('',#3276);
#1602=VERTEX_POINT('',#3280);
#1603=VERTEX_POINT('',#3281);
#1604=VERTEX_POINT('',#3283);
#1605=VERTEX_POINT('',#3285);
#1606=VERTEX_POINT('',#3287);
#1607=VERTEX_POINT('',#3289);
#1608=VERTEX_POINT('',#3341);
#1609=VERTEX_POINT('',#3343);
#1610=VERTEX_POINT('',#3360);
#1611=VERTEX_POINT('',#3362);
#1612=VERTEX_POINT('',#3366);
#1613=VERTEX_POINT('',#3368);
#1614=VERTEX_POINT('',#3384);
#1615=VERTEX_POINT('',#3389);
#1616=VERTEX_POINT('',#3393);
#1617=VERTEX_POINT('',#3394);
#1618=VERTEX_POINT('',#3397);
#1619=VERTEX_POINT('',#3401);
#1620=VERTEX_POINT('',#3402);
#1621=VERTEX_POINT('',#3404);
#1622=VERTEX_POINT('',#3406);
#1623=VERTEX_POINT('',#3410);
#1624=VERTEX_POINT('',#3411);
#1625=VERTEX_POINT('',#3413);
#1626=VERTEX_POINT('',#3415);
#1627=VERTEX_POINT('',#3422);
#1628=VERTEX_POINT('',#3425);
#1629=VERTEX_POINT('',#3428);
#1630=VERTEX_POINT('',#3430);
#1631=VERTEX_POINT('',#3438);
#1632=VERTEX_POINT('',#3441);
#1633=VERTEX_POINT('',#3443);
#1634=VERTEX_POINT('',#3449);
#1635=VERTEX_POINT('',#3455);
#1636=VERTEX_POINT('',#3457);
#1637=VERTEX_POINT('',#3458);
#1638=VERTEX_POINT('',#3466);
#1639=VERTEX_POINT('',#3478);
#1640=VERTEX_POINT('',#3480);
#1641=VERTEX_POINT('',#3484);
#1642=VERTEX_POINT('',#3486);
#1643=VERTEX_POINT('',#3488);
#1644=VERTEX_POINT('',#3490);
#1645=VERTEX_POINT('',#3495);
#1646=VERTEX_POINT('',#3497);
#1647=VERTEX_POINT('',#3502);
#1648=VERTEX_POINT('',#3504);
#1649=VERTEX_POINT('',#3506);
#1650=VERTEX_POINT('',#3508);
#1651=VERTEX_POINT('',#3510);
#1652=VERTEX_POINT('',#3515);
#1653=VERTEX_POINT('',#3518);
#1654=VERTEX_POINT('',#3521);
#1655=VERTEX_POINT('',#3525);
#1656=VERTEX_POINT('',#3529);
#1657=VERTEX_POINT('',#3536);
#1658=VERTEX_POINT('',#3537);
#1659=VERTEX_POINT('',#3539);
#1660=VERTEX_POINT('',#3544);
#1661=VERTEX_POINT('',#3551);
#1662=VERTEX_POINT('',#3553);
#1663=VERTEX_POINT('',#3564);
#1664=VERTEX_POINT('',#3566);
#1665=VERTEX_POINT('',#3568);
#1666=VERTEX_POINT('',#3570);
#1667=VERTEX_POINT('',#3572);
#1668=VERTEX_POINT('',#3574);
#1669=VERTEX_POINT('',#3576);
#1670=VERTEX_POINT('',#3583);
#1671=VERTEX_POINT('',#3584);
#1672=VERTEX_POINT('',#3586);
#1673=VERTEX_POINT('',#3591);
#1674=VERTEX_POINT('',#3598);
#1675=VERTEX_POINT('',#3600);
#1676=VERTEX_POINT('',#3605);
#1677=VERTEX_POINT('',#3610);
#1678=VERTEX_POINT('',#3617);
#1679=VERTEX_POINT('',#3619);
#1680=VERTEX_POINT('',#3621);
#1681=VERTEX_POINT('',#3623);
#1682=VERTEX_POINT('',#3625);
#1683=VERTEX_POINT('',#3627);
#1684=VERTEX_POINT('',#3629);
#1685=VERTEX_POINT('',#3633);
#1686=VERTEX_POINT('',#3634);
#1687=VERTEX_POINT('',#3637);
#1688=VERTEX_POINT('',#3645);
#1689=VERTEX_POINT('',#3646);
#1690=VERTEX_POINT('',#3648);
#1691=VERTEX_POINT('',#3650);
#1692=VERTEX_POINT('',#3654);
#1693=VERTEX_POINT('',#3656);
#1694=VERTEX_POINT('',#3658);
#1695=VERTEX_POINT('',#3662);
#1696=VERTEX_POINT('',#3665);
#1697=VERTEX_POINT('',#3669);
#1698=VERTEX_POINT('',#3672);
#1699=VERTEX_POINT('',#3676);
#1700=VERTEX_POINT('',#3678);
#1701=VERTEX_POINT('',#3683);
#1702=VERTEX_POINT('',#3685);
#1703=VERTEX_POINT('',#3690);
#1704=VERTEX_POINT('',#3692);
#1705=VERTEX_POINT('',#3700);
#1706=VERTEX_POINT('',#3714);
#1707=VERTEX_POINT('',#3724);
#1708=VERTEX_POINT('',#3729);
#1709=VERTEX_POINT('',#3731);
#1710=VERTEX_POINT('',#3743);
#1711=VERTEX_POINT('',#3746);
#1712=VERTEX_POINT('',#3747);
#1713=VERTEX_POINT('',#3749);
#1714=VERTEX_POINT('',#3751);
#1715=VERTEX_POINT('',#3753);
#1716=VERTEX_POINT('',#3755);
#1717=VERTEX_POINT('',#3807);
#1718=VERTEX_POINT('',#3809);
#1719=VERTEX_POINT('',#3826);
#1720=VERTEX_POINT('',#3828);
#1721=VERTEX_POINT('',#3832);
#1722=VERTEX_POINT('',#3834);
#1723=VERTEX_POINT('',#3847);
#1724=VERTEX_POINT('',#3849);
#1725=VERTEX_POINT('',#3851);
#1726=VERTEX_POINT('',#3854);
#1727=VERTEX_POINT('',#3856);
#1728=VERTEX_POINT('',#3859);
#1729=VERTEX_POINT('',#3865);
#1730=VERTEX_POINT('',#3872);
#1731=VERTEX_POINT('',#3874);
#1732=VERTEX_POINT('',#3878);
#1733=VERTEX_POINT('',#3879);
#1734=VERTEX_POINT('',#3881);
#1735=VERTEX_POINT('',#3883);
#1736=VERTEX_POINT('',#3887);
#1737=VERTEX_POINT('',#3888);
#1738=VERTEX_POINT('',#3890);
#1739=VERTEX_POINT('',#3892);
#1740=VERTEX_POINT('',#3899);
#1741=VERTEX_POINT('',#3908);
#1742=VERTEX_POINT('',#3910);
#1743=VERTEX_POINT('',#3912);
#1744=VERTEX_POINT('',#3923);
#1745=VERTEX_POINT('',#3928);
#1746=VERTEX_POINT('',#3933);
#1747=VERTEX_POINT('',#3944);
#1748=VERTEX_POINT('',#3947);
#1749=VERTEX_POINT('',#3950);
#1750=VERTEX_POINT('',#3954);
#1751=VERTEX_POINT('',#3957);
#1752=VERTEX_POINT('',#3960);
#1753=CIRCLE('',#2268,0.002);
#1754=CIRCLE('',#2269,0.002);
#1755=CIRCLE('',#2273,0.0075);
#1756=CIRCLE('',#2274,0.0045);
#1757=CIRCLE('',#2278,0.0075);
#1758=CIRCLE('',#2279,0.0045);
#1759=CIRCLE('',#2284,0.002);
#1760=CIRCLE('',#2285,0.0055);
#1761=CIRCLE('',#2286,0.002);
#1762=CIRCLE('',#2287,0.00134288125189786);
#1763=CIRCLE('',#2289,0.002);
#1764=CIRCLE('',#2290,0.002);
#1765=CIRCLE('',#2291,0.0055);
#1766=CIRCLE('',#2292,0.00134288125189786);
#1767=CIRCLE('',#2298,0.0045);
#1768=CIRCLE('',#2299,0.0075);
#1769=CIRCLE('',#2301,0.0075);
#1770=CIRCLE('',#2304,0.0045);
#1771=CIRCLE('',#2313,0.0080000000000004);
#1772=CIRCLE('',#2316,0.0080000000000004);
#1773=CIRCLE('',#2323,0.003);
#1774=CIRCLE('',#2324,0.003);
#1775=CIRCLE('',#2328,0.00134288125189786);
#1776=CIRCLE('',#2331,0.002);
#1777=CIRCLE('',#2333,0.002);
#1778=CIRCLE('',#2339,0.0025);
#1779=CIRCLE('',#2350,0.002);
#1780=CIRCLE('',#2352,0.003);
#1781=CIRCLE('',#2353,0.0013);
#1782=CIRCLE('',#2355,0.003);
#1783=CIRCLE('',#2357,0.002);
#1784=CIRCLE('',#2361,0.0045);
#1785=CIRCLE('',#2362,0.0075);
#1786=CIRCLE('',#2366,0.0045);
#1787=CIRCLE('',#2367,0.0075);
#1788=CIRCLE('',#2372,0.002);
#1789=CIRCLE('',#2373,0.002);
#1790=CIRCLE('',#2374,0.0055);
#1791=CIRCLE('',#2375,0.00134288125189786);
#1792=CIRCLE('',#2377,0.002);
#1793=CIRCLE('',#2378,0.0055);
#1794=CIRCLE('',#2379,0.002);
#1795=CIRCLE('',#2380,0.00134288125189786);
#1796=CIRCLE('',#2386,0.0075);
#1797=CIRCLE('',#2387,0.0045);
#1798=CIRCLE('',#2389,0.0075);
#1799=CIRCLE('',#2392,0.0045);
#1800=CIRCLE('',#2401,0.0013);
#1801=CIRCLE('',#2403,0.0080000000000004);
#1802=CIRCLE('',#2406,0.0080000000000004);
#1803=CIRCLE('',#2409,0.002);
#1804=CIRCLE('',#2410,0.002);
#1805=CIRCLE('',#2411,0.00134288125189786);
#1806=CIRCLE('',#2417,0.003);
#1807=CIRCLE('',#2418,0.003);
#1808=CIRCLE('',#2432,0.0025);
#1809=CIRCLE('',#2439,0.0025);
#1810=CIRCLE('',#2441,0.00135);
#1811=CIRCLE('',#2443,0.00135);
#1812=CIRCLE('',#2446,0.0025);
#1813=CIRCLE('',#2448,0.00135);
#1814=CIRCLE('',#2450,0.00135);
#1815=EDGE_LOOP('',(#561,#562,#563,#564));
#1816=EDGE_LOOP('',(#565,#566,#567,#568));
#1817=EDGE_LOOP('',(#569,#570,#571,#572));
#1818=EDGE_LOOP('',(#573,#574,#575,#576,#577,#578));
#1819=EDGE_LOOP('',(#579,#580,#581,#582,#583,#584,#585,#586,#587,#588));
#1820=EDGE_LOOP('',(#589,#590,#591,#592));
#1821=EDGE_LOOP('',(#593,#594,#595,#596,#597,#598));
#1822=EDGE_LOOP('',(#599,#600,#601,#602,#603,#604,#605,#606,#607,#608));
#1823=EDGE_LOOP('',(#609,#610,#611,#612,#613,#614,#615));
#1824=EDGE_LOOP('',(#616,#617,#618,#619));
#1825=EDGE_LOOP('',(#620,#621,#622,#623,#624,#625,#626,#627));
#1826=EDGE_LOOP('',(#628));
#1827=EDGE_LOOP('',(#629,#630,#631,#632,#633,#634,#635,#636));
#1828=EDGE_LOOP('',(#637));
#1829=EDGE_LOOP('',(#638,#639,#640,#641));
#1830=EDGE_LOOP('',(#642,#643,#644,#645,#646,#647,#648));
#1831=EDGE_LOOP('',(#649,#650,#651,#652,#653,#654,#655));
#1832=EDGE_LOOP('',(#656,#657,#658));
#1833=EDGE_LOOP('',(#659,#660,#661,#662,#663,#664));
#1834=EDGE_LOOP('',(#665,#666,#667,#668));
#1835=EDGE_LOOP('',(#669,#670,#671,#672));
#1836=EDGE_LOOP('',(#673,#674,#675));
#1837=EDGE_LOOP('',(#676,#677,#678));
#1838=EDGE_LOOP('',(#679,#680,#681,#682,#683,#684));
#1839=EDGE_LOOP('',(#685,#686,#687,#688,#689,#690,#691));
#1840=EDGE_LOOP('',(#692,#693,#694,#695));
#1841=EDGE_LOOP('',(#696,#697,#698,#699,#700,#701,#702,#703,#704));
#1842=EDGE_LOOP('',(#705,#706,#707,#708));
#1843=EDGE_LOOP('',(#709,#710,#711,#712));
#1844=EDGE_LOOP('',(#713,#714,#715,#716,#717,#718));
#1845=EDGE_LOOP('',(#719,#720,#721,#722));
#1846=EDGE_LOOP('',(#723,#724,#725,#726));
#1847=EDGE_LOOP('',(#727,#728,#729,#730));
#1848=EDGE_LOOP('',(#731,#732,#733,#734));
#1849=EDGE_LOOP('',(#735,#736,#737,#738,#739,#740,#741,#742));
#1850=EDGE_LOOP('',(#743,#744,#745,#746));
#1851=EDGE_LOOP('',(#747,#748,#749,#750));
#1852=EDGE_LOOP('',(#751,#752,#753,#754));
#1853=EDGE_LOOP('',(#755,#756,#757,#758));
#1854=EDGE_LOOP('',(#759));
#1855=EDGE_LOOP('',(#760));
#1856=EDGE_LOOP('',(#761));
#1857=EDGE_LOOP('',(#762));
#1858=EDGE_LOOP('',(#763,#764,#765,#766));
#1859=EDGE_LOOP('',(#767,#768,#769,#770));
#1860=EDGE_LOOP('',(#771,#772,#773,#774));
#1861=EDGE_LOOP('',(#775,#776,#777,#778,#779,#780,#781,#782,#783));
#1862=EDGE_LOOP('',(#784,#785,#786));
#1863=EDGE_LOOP('',(#787,#788,#789));
#1864=EDGE_LOOP('',(#790,#791,#792,#793));
#1865=EDGE_LOOP('',(#794));
#1866=EDGE_LOOP('',(#795,#796,#797,#798,#799,#800,#801,#802,#803,#804,#805,
#806,#807,#808));
#1867=EDGE_LOOP('',(#809));
#1868=EDGE_LOOP('',(#810,#811,#812,#813));
#1869=EDGE_LOOP('',(#814,#815,#816,#817,#818,#819));
#1870=EDGE_LOOP('',(#820,#821,#822,#823,#824,#825,#826,#827));
#1871=EDGE_LOOP('',(#828,#829,#830,#831));
#1872=EDGE_LOOP('',(#832,#833,#834));
#1873=EDGE_LOOP('',(#835,#836,#837,#838));
#1874=EDGE_LOOP('',(#839,#840,#841,#842,#843,#844,#845,#846,#847,#848,#849,
#850,#851,#852,#853,#854,#855,#856,#857,#858,#859,#860,#861,#862));
#1875=EDGE_LOOP('',(#863,#864,#865,#866));
#1876=EDGE_LOOP('',(#867));
#1877=EDGE_LOOP('',(#868,#869,#870,#871));
#1878=EDGE_LOOP('',(#872,#873,#874,#875));
#1879=EDGE_LOOP('',(#876,#877,#878,#879));
#1880=EDGE_LOOP('',(#880,#881,#882,#883));
#1881=EDGE_LOOP('',(#884,#885,#886,#887,#888,#889));
#1882=EDGE_LOOP('',(#890,#891,#892,#893,#894,#895,#896,#897,#898,#899));
#1883=EDGE_LOOP('',(#900,#901,#902,#903));
#1884=EDGE_LOOP('',(#904,#905,#906,#907,#908,#909));
#1885=EDGE_LOOP('',(#910,#911,#912,#913,#914,#915,#916,#917,#918,#919));
#1886=EDGE_LOOP('',(#920,#921,#922,#923,#924,#925,#926));
#1887=EDGE_LOOP('',(#927,#928,#929,#930));
#1888=EDGE_LOOP('',(#931,#932,#933,#934,#935,#936,#937,#938));
#1889=EDGE_LOOP('',(#939));
#1890=EDGE_LOOP('',(#940,#941,#942,#943,#944,#945,#946,#947));
#1891=EDGE_LOOP('',(#948));
#1892=EDGE_LOOP('',(#949,#950,#951,#952));
#1893=EDGE_LOOP('',(#953,#954,#955,#956,#957,#958,#959));
#1894=EDGE_LOOP('',(#960,#961,#962,#963,#964,#965,#966));
#1895=EDGE_LOOP('',(#967,#968,#969));
#1896=EDGE_LOOP('',(#970,#971,#972,#973,#974,#975));
#1897=EDGE_LOOP('',(#976,#977,#978,#979));
#1898=EDGE_LOOP('',(#980,#981,#982,#983));
#1899=EDGE_LOOP('',(#984,#985,#986));
#1900=EDGE_LOOP('',(#987,#988,#989));
#1901=EDGE_LOOP('',(#990,#991,#992,#993,#994,#995));
#1902=EDGE_LOOP('',(#996,#997,#998,#999,#1000,#1001,#1002));
#1903=EDGE_LOOP('',(#1003,#1004,#1005,#1006));
#1904=EDGE_LOOP('',(#1007,#1008,#1009,#1010,#1011,#1012,#1013,#1014,#1015));
#1905=EDGE_LOOP('',(#1016,#1017,#1018,#1019));
#1906=EDGE_LOOP('',(#1020,#1021,#1022,#1023));
#1907=EDGE_LOOP('',(#1024));
#1908=EDGE_LOOP('',(#1025));
#1909=EDGE_LOOP('',(#1026,#1027,#1028,#1029,#1030,#1031));
#1910=EDGE_LOOP('',(#1032,#1033,#1034,#1035));
#1911=EDGE_LOOP('',(#1036,#1037,#1038,#1039));
#1912=EDGE_LOOP('',(#1040,#1041,#1042,#1043));
#1913=EDGE_LOOP('',(#1044,#1045,#1046,#1047));
#1914=EDGE_LOOP('',(#1048,#1049,#1050,#1051,#1052,#1053,#1054,#1055,#1056,
#1057,#1058,#1059,#1060,#1061,#1062,#1063,#1064,#1065,#1066,#1067,#1068,
#1069,#1070,#1071));
#1915=EDGE_LOOP('',(#1072));
#1916=EDGE_LOOP('',(#1073));
#1917=EDGE_LOOP('',(#1074));
#1918=EDGE_LOOP('',(#1075,#1076,#1077,#1078,#1079,#1080,#1081,#1082));
#1919=EDGE_LOOP('',(#1083,#1084,#1085,#1086));
#1920=EDGE_LOOP('',(#1087,#1088,#1089,#1090));
#1921=EDGE_LOOP('',(#1091,#1092,#1093,#1094));
#1922=EDGE_LOOP('',(#1095,#1096,#1097,#1098));
#1923=EDGE_LOOP('',(#1099));
#1924=EDGE_LOOP('',(#1100));
#1925=EDGE_LOOP('',(#1101));
#1926=EDGE_LOOP('',(#1102));
#1927=EDGE_LOOP('',(#1103,#1104,#1105,#1106));
#1928=EDGE_LOOP('',(#1107,#1108,#1109,#1110));
#1929=EDGE_LOOP('',(#1111,#1112,#1113,#1114));
#1930=EDGE_LOOP('',(#1115,#1116,#1117,#1118,#1119,#1120,#1121,#1122,#1123));
#1931=EDGE_LOOP('',(#1124,#1125,#1126));
#1932=EDGE_LOOP('',(#1127,#1128,#1129));
#1933=EDGE_LOOP('',(#1130,#1131,#1132,#1133));
#1934=EDGE_LOOP('',(#1134,#1135,#1136,#1137,#1138,#1139,#1140,#1141,#1142,
#1143,#1144,#1145,#1146,#1147,#1148,#1149,#1150,#1151,#1152,#1153));
#1935=EDGE_LOOP('',(#1154));
#1936=EDGE_LOOP('',(#1155,#1156,#1157,#1158,#1159,#1160,#1161,#1162,#1163,
#1164,#1165,#1166,#1167,#1168));
#1937=EDGE_LOOP('',(#1169));
#1938=EDGE_LOOP('',(#1170,#1171,#1172,#1173));
#1939=EDGE_LOOP('',(#1174,#1175,#1176,#1177,#1178,#1179));
#1940=EDGE_LOOP('',(#1180,#1181,#1182,#1183,#1184,#1185,#1186,#1187));
#1941=EDGE_LOOP('',(#1188,#1189,#1190,#1191));
#1942=EDGE_LOOP('',(#1192,#1193,#1194));
#1943=EDGE_LOOP('',(#1195));
#1944=EDGE_LOOP('',(#1196));
#1945=EDGE_LOOP('',(#1197));
#1946=EDGE_LOOP('',(#1198));
#1947=EDGE_LOOP('',(#1199));
#1948=EDGE_LOOP('',(#1200));
#1949=EDGE_LOOP('',(#1201));
#1950=EDGE_LOOP('',(#1202));
#1951=EDGE_LOOP('',(#1203));
#1952=EDGE_LOOP('',(#1204));
#1953=EDGE_LOOP('',(#1205));
#1954=EDGE_LOOP('',(#1206));
#1955=EDGE_LOOP('',(#1207));
#1956=EDGE_LOOP('',(#1208));
#1957=FACE_BOUND('',#1815,.T.);
#1958=FACE_BOUND('',#1816,.T.);
#1959=FACE_BOUND('',#1817,.T.);
#1960=FACE_BOUND('',#1818,.T.);
#1961=FACE_BOUND('',#1819,.T.);
#1962=FACE_BOUND('',#1820,.T.);
#1963=FACE_BOUND('',#1821,.T.);
#1964=FACE_BOUND('',#1822,.T.);
#1965=FACE_BOUND('',#1823,.T.);
#1966=FACE_BOUND('',#1824,.T.);
#1967=FACE_BOUND('',#1825,.T.);
#1968=FACE_BOUND('',#1826,.T.);
#1969=FACE_BOUND('',#1827,.T.);
#1970=FACE_BOUND('',#1828,.T.);
#1971=FACE_BOUND('',#1829,.T.);
#1972=FACE_BOUND('',#1830,.T.);
#1973=FACE_BOUND('',#1831,.T.);
#1974=FACE_BOUND('',#1832,.T.);
#1975=FACE_BOUND('',#1833,.T.);
#1976=FACE_BOUND('',#1834,.T.);
#1977=FACE_BOUND('',#1835,.T.);
#1978=FACE_BOUND('',#1836,.T.);
#1979=FACE_BOUND('',#1837,.T.);
#1980=FACE_BOUND('',#1838,.T.);
#1981=FACE_BOUND('',#1839,.T.);
#1982=FACE_BOUND('',#1840,.T.);
#1983=FACE_BOUND('',#1841,.T.);
#1984=FACE_BOUND('',#1842,.T.);
#1985=FACE_BOUND('',#1843,.T.);
#1986=FACE_BOUND('',#1844,.T.);
#1987=FACE_BOUND('',#1845,.T.);
#1988=FACE_BOUND('',#1846,.T.);
#1989=FACE_BOUND('',#1847,.T.);
#1990=FACE_BOUND('',#1848,.T.);
#1991=FACE_BOUND('',#1849,.T.);
#1992=FACE_BOUND('',#1850,.T.);
#1993=FACE_BOUND('',#1851,.T.);
#1994=FACE_BOUND('',#1852,.T.);
#1995=FACE_BOUND('',#1853,.T.);
#1996=FACE_BOUND('',#1854,.T.);
#1997=FACE_BOUND('',#1855,.T.);
#1998=FACE_BOUND('',#1856,.T.);
#1999=FACE_BOUND('',#1857,.T.);
#2000=FACE_BOUND('',#1858,.T.);
#2001=FACE_BOUND('',#1859,.T.);
#2002=FACE_BOUND('',#1860,.T.);
#2003=FACE_BOUND('',#1861,.T.);
#2004=FACE_BOUND('',#1862,.T.);
#2005=FACE_BOUND('',#1863,.T.);
#2006=FACE_BOUND('',#1864,.T.);
#2007=FACE_BOUND('',#1865,.T.);
#2008=FACE_BOUND('',#1866,.T.);
#2009=FACE_BOUND('',#1867,.T.);
#2010=FACE_BOUND('',#1868,.T.);
#2011=FACE_BOUND('',#1869,.T.);
#2012=FACE_BOUND('',#1870,.T.);
#2013=FACE_BOUND('',#1871,.T.);
#2014=FACE_BOUND('',#1872,.T.);
#2015=FACE_BOUND('',#1873,.T.);
#2016=FACE_BOUND('',#1874,.T.);
#2017=FACE_BOUND('',#1875,.T.);
#2018=FACE_BOUND('',#1876,.T.);
#2019=FACE_BOUND('',#1877,.T.);
#2020=FACE_BOUND('',#1878,.T.);
#2021=FACE_BOUND('',#1879,.T.);
#2022=FACE_BOUND('',#1880,.T.);
#2023=FACE_BOUND('',#1881,.T.);
#2024=FACE_BOUND('',#1882,.T.);
#2025=FACE_BOUND('',#1883,.T.);
#2026=FACE_BOUND('',#1884,.T.);
#2027=FACE_BOUND('',#1885,.T.);
#2028=FACE_BOUND('',#1886,.T.);
#2029=FACE_BOUND('',#1887,.T.);
#2030=FACE_BOUND('',#1888,.T.);
#2031=FACE_BOUND('',#1889,.T.);
#2032=FACE_BOUND('',#1890,.T.);
#2033=FACE_BOUND('',#1891,.T.);
#2034=FACE_BOUND('',#1892,.T.);
#2035=FACE_BOUND('',#1893,.T.);
#2036=FACE_BOUND('',#1894,.T.);
#2037=FACE_BOUND('',#1895,.T.);
#2038=FACE_BOUND('',#1896,.T.);
#2039=FACE_BOUND('',#1897,.T.);
#2040=FACE_BOUND('',#1898,.T.);
#2041=FACE_BOUND('',#1899,.T.);
#2042=FACE_BOUND('',#1900,.T.);
#2043=FACE_BOUND('',#1901,.T.);
#2044=FACE_BOUND('',#1902,.T.);
#2045=FACE_BOUND('',#1903,.T.);
#2046=FACE_BOUND('',#1904,.T.);
#2047=FACE_BOUND('',#1905,.T.);
#2048=FACE_BOUND('',#1906,.T.);
#2049=FACE_BOUND('',#1907,.T.);
#2050=FACE_BOUND('',#1908,.T.);
#2051=FACE_BOUND('',#1909,.T.);
#2052=FACE_BOUND('',#1910,.T.);
#2053=FACE_BOUND('',#1911,.T.);
#2054=FACE_BOUND('',#1912,.T.);
#2055=FACE_BOUND('',#1913,.T.);
#2056=FACE_BOUND('',#1914,.T.);
#2057=FACE_BOUND('',#1915,.T.);
#2058=FACE_BOUND('',#1916,.T.);
#2059=FACE_BOUND('',#1917,.T.);
#2060=FACE_BOUND('',#1918,.T.);
#2061=FACE_BOUND('',#1919,.T.);
#2062=FACE_BOUND('',#1920,.T.);
#2063=FACE_BOUND('',#1921,.T.);
#2064=FACE_BOUND('',#1922,.T.);
#2065=FACE_BOUND('',#1923,.T.);
#2066=FACE_BOUND('',#1924,.T.);
#2067=FACE_BOUND('',#1925,.T.);
#2068=FACE_BOUND('',#1926,.T.);
#2069=FACE_BOUND('',#1927,.T.);
#2070=FACE_BOUND('',#1928,.T.);
#2071=FACE_BOUND('',#1929,.T.);
#2072=FACE_BOUND('',#1930,.T.);
#2073=FACE_BOUND('',#1931,.T.);
#2074=FACE_BOUND('',#1932,.T.);
#2075=FACE_BOUND('',#1933,.T.);
#2076=FACE_BOUND('',#1934,.T.);
#2077=FACE_BOUND('',#1935,.T.);
#2078=FACE_BOUND('',#1936,.T.);
#2079=FACE_BOUND('',#1937,.T.);
#2080=FACE_BOUND('',#1938,.T.);
#2081=FACE_BOUND('',#1939,.T.);
#2082=FACE_BOUND('',#1940,.T.);
#2083=FACE_BOUND('',#1941,.T.);
#2084=FACE_BOUND('',#1942,.T.);
#2085=FACE_BOUND('',#1943,.T.);
#2086=FACE_BOUND('',#1944,.T.);
#2087=FACE_BOUND('',#1945,.T.);
#2088=FACE_BOUND('',#1946,.T.);
#2089=FACE_BOUND('',#1947,.T.);
#2090=FACE_BOUND('',#1948,.T.);
#2091=FACE_BOUND('',#1949,.T.);
#2092=FACE_BOUND('',#1950,.T.);
#2093=FACE_BOUND('',#1951,.T.);
#2094=FACE_BOUND('',#1952,.T.);
#2095=FACE_BOUND('',#1953,.T.);
#2096=FACE_BOUND('',#1954,.T.);
#2097=FACE_BOUND('',#1955,.T.);
#2098=FACE_BOUND('',#1956,.T.);
#2099=CYLINDRICAL_SURFACE('',#2267,0.002);
#2100=CYLINDRICAL_SURFACE('',#2293,0.0055);
#2101=CYLINDRICAL_SURFACE('',#2300,0.0075);
#2102=CYLINDRICAL_SURFACE('',#2302,0.0075);
#2103=CYLINDRICAL_SURFACE('',#2308,0.002);
#2104=CYLINDRICAL_SURFACE('',#2310,0.002);
#2105=CYLINDRICAL_SURFACE('',#2317,0.002);
#2106=CYLINDRICAL_SURFACE('',#2318,0.0080000000000004);
#2107=CYLINDRICAL_SURFACE('',#2322,0.003);
#2108=CYLINDRICAL_SURFACE('',#2325,0.00134288125189786);
#2109=CYLINDRICAL_SURFACE('',#2327,0.00134288125189786);
#2110=CYLINDRICAL_SURFACE('',#2330,0.002);
#2111=CYLINDRICAL_SURFACE('',#2332,0.002);
#2112=CYLINDRICAL_SURFACE('',#2340,0.0145081127338651);
#2113=CYLINDRICAL_SURFACE('',#2345,0.002);
#2114=CYLINDRICAL_SURFACE('',#2354,0.003);
#2115=CYLINDRICAL_SURFACE('',#2356,0.002);
#2116=CYLINDRICAL_SURFACE('',#2381,0.0055);
#2117=CYLINDRICAL_SURFACE('',#2388,0.0075);
#2118=CYLINDRICAL_SURFACE('',#2390,0.0075);
#2119=CYLINDRICAL_SURFACE('',#2396,0.002);
#2120=CYLINDRICAL_SURFACE('',#2398,0.002);
#2121=CYLINDRICAL_SURFACE('',#2400,0.0013);
#2122=CYLINDRICAL_SURFACE('',#2407,0.002);
#2123=CYLINDRICAL_SURFACE('',#2412,0.0080000000000004);
#2124=CYLINDRICAL_SURFACE('',#2416,0.003);
#2125=CYLINDRICAL_SURFACE('',#2419,0.00134288125189786);
#2126=CYLINDRICAL_SURFACE('',#2421,0.00134288125189786);
#2127=CYLINDRICAL_SURFACE('',#2423,0.002);
#2128=CYLINDRICAL_SURFACE('',#2424,0.002);
#2129=CYLINDRICAL_SURFACE('',#2433,0.0145081127338648);
#2130=CYLINDRICAL_SURFACE('',#2436,0.002);
#2131=CYLINDRICAL_SURFACE('',#2438,0.0025);
#2132=CYLINDRICAL_SURFACE('',#2444,0.00135);
#2133=CYLINDRICAL_SURFACE('',#2445,0.0025);
#2134=CYLINDRICAL_SURFACE('',#2451,0.00135);
#2135=ADVANCED_FACE('',(#1957),#2099,.F.);
#2136=ADVANCED_FACE('',(#1958),#80,.T.);
#2137=ADVANCED_FACE('',(#1959),#81,.T.);
#2138=ADVANCED_FACE('',(#1960),#20,.T.);
#2139=ADVANCED_FACE('',(#1961),#82,.T.);
#2140=ADVANCED_FACE('',(#1962),#83,.T.);
#2141=ADVANCED_FACE('',(#1963),#21,.T.);
#2142=ADVANCED_FACE('',(#1964),#84,.T.);
#2143=ADVANCED_FACE('',(#1965),#85,.F.);
#2144=ADVANCED_FACE('',(#1966),#86,.F.);
#2145=ADVANCED_FACE('',(#1967,#1968),#87,.F.);
#2146=ADVANCED_FACE('',(#1969,#1970),#88,.F.);
#2147=ADVANCED_FACE('',(#1971),#2100,.F.);
#2148=ADVANCED_FACE('',(#1972),#89,.F.);
#2149=ADVANCED_FACE('',(#1973),#90,.F.);
#2150=ADVANCED_FACE('',(#1974),#91,.F.);
#2151=ADVANCED_FACE('',(#1975),#22,.T.);
#2152=ADVANCED_FACE('',(#1976),#2101,.T.);
#2153=ADVANCED_FACE('',(#1977),#2102,.T.);
#2154=ADVANCED_FACE('',(#1978),#92,.F.);
#2155=ADVANCED_FACE('',(#1979),#93,.F.);
#2156=ADVANCED_FACE('',(#1980),#23,.T.);
#2157=ADVANCED_FACE('',(#1981),#94,.F.);
#2158=ADVANCED_FACE('',(#1982),#2103,.T.);
#2159=ADVANCED_FACE('',(#1983),#95,.F.);
#2160=ADVANCED_FACE('',(#1984),#2104,.T.);
#2161=ADVANCED_FACE('',(#1985),#96,.F.);
#2162=ADVANCED_FACE('',(#1986),#97,.T.);
#2163=ADVANCED_FACE('',(#1987),#18,.F.);
#2164=ADVANCED_FACE('',(#1988),#98,.T.);
#2165=ADVANCED_FACE('',(#1989),#99,.F.);
#2166=ADVANCED_FACE('',(#1990),#2105,.T.);
#2167=ADVANCED_FACE('',(#1991),#2106,.T.);
#2168=ADVANCED_FACE('',(#1992),#100,.F.);
#2169=ADVANCED_FACE('',(#1993),#101,.F.);
#2170=ADVANCED_FACE('',(#1994),#102,.F.);
#2171=ADVANCED_FACE('',(#1995),#2107,.T.);
#2172=ADVANCED_FACE('',(#1996,#1997),#2108,.F.);
#2173=ADVANCED_FACE('',(#1998,#1999),#2109,.F.);
#2174=ADVANCED_FACE('',(#2000),#103,.F.);
#2175=ADVANCED_FACE('',(#2001),#2110,.T.);
#2176=ADVANCED_FACE('',(#2002),#2111,.T.);
#2177=ADVANCED_FACE('',(#2003),#104,.T.);
#2178=ADVANCED_FACE('',(#2004),#105,.F.);
#2179=ADVANCED_FACE('',(#2005),#106,.F.);
#2180=ADVANCED_FACE('',(#2006),#107,.F.);
#2181=ADVANCED_FACE('',(#2007,#2008,#2009),#108,.T.);
#2182=ADVANCED_FACE('',(#2010),#2112,.F.);
#2183=ADVANCED_FACE('',(#2011),#109,.T.);
#2184=ADVANCED_FACE('',(#2012),#110,.F.);
#2185=ADVANCED_FACE('',(#2013),#2113,.F.);
#2186=ADVANCED_FACE('',(#2014),#111,.F.);
#2187=ADVANCED_FACE('',(#2015),#112,.F.);
#2188=ADVANCED_FACE('',(#2016),#113,.T.);
#2189=ADVANCED_FACE('',(#2017,#2018),#114,.F.);
#2190=ADVANCED_FACE('',(#2019),#2114,.T.);
#2191=ADVANCED_FACE('',(#2020),#2115,.F.);
#2192=ADVANCED_FACE('',(#2021),#115,.F.);
#2193=ADVANCED_FACE('',(#2022),#116,.F.);
#2194=ADVANCED_FACE('',(#2023),#24,.T.);
#2195=ADVANCED_FACE('',(#2024),#117,.F.);
#2196=ADVANCED_FACE('',(#2025),#118,.F.);
#2197=ADVANCED_FACE('',(#2026),#25,.T.);
#2198=ADVANCED_FACE('',(#2027),#119,.F.);
#2199=ADVANCED_FACE('',(#2028),#120,.T.);
#2200=ADVANCED_FACE('',(#2029),#121,.T.);
#2201=ADVANCED_FACE('',(#2030,#2031),#122,.T.);
#2202=ADVANCED_FACE('',(#2032,#2033),#123,.T.);
#2203=ADVANCED_FACE('',(#2034),#2116,.F.);
#2204=ADVANCED_FACE('',(#2035),#124,.T.);
#2205=ADVANCED_FACE('',(#2036),#125,.T.);
#2206=ADVANCED_FACE('',(#2037),#126,.T.);
#2207=ADVANCED_FACE('',(#2038),#26,.T.);
#2208=ADVANCED_FACE('',(#2039),#2117,.T.);
#2209=ADVANCED_FACE('',(#2040),#2118,.T.);
#2210=ADVANCED_FACE('',(#2041),#127,.T.);
#2211=ADVANCED_FACE('',(#2042),#128,.T.);
#2212=ADVANCED_FACE('',(#2043),#27,.T.);
#2213=ADVANCED_FACE('',(#2044),#129,.T.);
#2214=ADVANCED_FACE('',(#2045),#2119,.T.);
#2215=ADVANCED_FACE('',(#2046),#130,.T.);
#2216=ADVANCED_FACE('',(#2047),#2120,.T.);
#2217=ADVANCED_FACE('',(#2048),#131,.T.);
#2218=ADVANCED_FACE('',(#2049,#2050),#2121,.F.);
#2219=ADVANCED_FACE('',(#2051),#132,.F.);
#2220=ADVANCED_FACE('',(#2052),#19,.T.);
#2221=ADVANCED_FACE('',(#2053),#133,.F.);
#2222=ADVANCED_FACE('',(#2054),#134,.T.);
#2223=ADVANCED_FACE('',(#2055),#2122,.T.);
#2224=ADVANCED_FACE('',(#2056,#2057,#2058,#2059),#135,.F.);
#2225=ADVANCED_FACE('',(#2060),#2123,.T.);
#2226=ADVANCED_FACE('',(#2061),#136,.T.);
#2227=ADVANCED_FACE('',(#2062),#137,.T.);
#2228=ADVANCED_FACE('',(#2063),#138,.T.);
#2229=ADVANCED_FACE('',(#2064),#2124,.T.);
#2230=ADVANCED_FACE('',(#2065,#2066),#2125,.F.);
#2231=ADVANCED_FACE('',(#2067,#2068),#2126,.F.);
#2232=ADVANCED_FACE('',(#2069),#139,.T.);
#2233=ADVANCED_FACE('',(#2070),#2127,.T.);
#2234=ADVANCED_FACE('',(#2071),#2128,.T.);
#2235=ADVANCED_FACE('',(#2072),#140,.F.);
#2236=ADVANCED_FACE('',(#2073),#141,.T.);
#2237=ADVANCED_FACE('',(#2074),#142,.T.);
#2238=ADVANCED_FACE('',(#2075),#143,.T.);
#2239=ADVANCED_FACE('',(#2076),#144,.T.);
#2240=ADVANCED_FACE('',(#2077,#2078,#2079),#145,.F.);
#2241=ADVANCED_FACE('',(#2080),#2129,.F.);
#2242=ADVANCED_FACE('',(#2081),#146,.F.);
#2243=ADVANCED_FACE('',(#2082),#147,.T.);
#2244=ADVANCED_FACE('',(#2083),#2130,.F.);
#2245=ADVANCED_FACE('',(#2084),#148,.T.);
#2246=ADVANCED_FACE('',(#2085,#2086),#2131,.T.);
#2247=ADVANCED_FACE('',(#2087,#2088),#149,.T.);
#2248=ADVANCED_FACE('',(#2089),#150,.T.);
#2249=ADVANCED_FACE('',(#2090,#2091),#2132,.F.);
#2250=ADVANCED_FACE('',(#2092,#2093),#2133,.T.);
#2251=ADVANCED_FACE('',(#2094,#2095),#151,.T.);
#2252=ADVANCED_FACE('',(#2096),#152,.F.);
#2253=ADVANCED_FACE('',(#2097,#2098),#2134,.F.);
#2254=CLOSED_SHELL('',(#2135,#2136,#2137,#2138,#2139,#2140,#2141,#2142,
#2143,#2144,#2145,#2146,#2147,#2148,#2149,#2150,#2151,#2152,#2153,#2154,
#2155,#2156,#2157,#2158,#2159,#2160,#2161,#2162,#2163,#2164,#2165,#2166,
#2167,#2168,#2169,#2170,#2171,#2172,#2173,#2174,#2175,#2176,#2177,#2178,
#2179,#2180,#2181,#2182,#2183,#2184,#2185,#2186,#2187,#2188,#2189,#2190,
#2191,#2192,#2193,#2194,#2195,#2196,#2197,#2198,#2199,#2200,#2201,#2202,
#2203,#2204,#2205,#2206,#2207,#2208,#2209,#2210,#2211,#2212,#2213,#2214,
#2215,#2216,#2217,#2218,#2219,#2220,#2221,#2222,#2223,#2224,#2225,#2226,
#2227,#2228,#2229,#2230,#2231,#2232,#2233,#2234,#2235,#2236,#2237,#2238,
#2239,#2240,#2241,#2242,#2243,#2244,#2245,#2246,#2247,#2248,#2249,#2250,
#2251,#2252,#2253));
#2255=STYLED_ITEM('',(#2256),#2263);
#2256=PRESENTATION_STYLE_ASSIGNMENT((#2257));
#2257=SURFACE_STYLE_USAGE(.BOTH.,#2258);
#2258=SURFACE_SIDE_STYLE('',(#2259));
#2259=SURFACE_STYLE_FILL_AREA(#2260);
#2260=FILL_AREA_STYLE('',(#2261));
#2261=FILL_AREA_STYLE_COLOUR('',#2262);
#2262=COLOUR_RGB('',0.627450980392157,0.627450980392157,0.627450980392157);
#2263=MANIFOLD_SOLID_BREP('Front Shock Mount',#2254);
#2264=SHAPE_DEFINITION_REPRESENTATION(#3968,#2265);
#2265=SHAPE_REPRESENTATION('Front Shock Mount',(#2266),#3963);
#2266=AXIS2_PLACEMENT_3D('',#3028,#2452,#2453);
#2267=AXIS2_PLACEMENT_3D('',#3029,#2454,#2455);
#2268=AXIS2_PLACEMENT_3D('',#3030,#2456,#2457);
#2269=AXIS2_PLACEMENT_3D('',#3035,#2459,#2460);
#2270=AXIS2_PLACEMENT_3D('',#3038,#2462,#2463);
#2271=AXIS2_PLACEMENT_3D('',#3044,#2467,#2468);
#2272=AXIS2_PLACEMENT_3D('',#3059,#2471,#2472);
#2273=AXIS2_PLACEMENT_3D('',#3060,#2473,#2474);
#2274=AXIS2_PLACEMENT_3D('',#3072,#2475,#2476);
#2275=AXIS2_PLACEMENT_3D('',#3078,#2477,#2478);
#2276=AXIS2_PLACEMENT_3D('',#3097,#2486,#2487);
#2277=AXIS2_PLACEMENT_3D('',#3112,#2490,#2491);
#2278=AXIS2_PLACEMENT_3D('',#3113,#2492,#2493);
#2279=AXIS2_PLACEMENT_3D('',#3125,#2494,#2495);
#2280=AXIS2_PLACEMENT_3D('',#3131,#2496,#2497);
#2281=AXIS2_PLACEMENT_3D('',#3150,#2505,#2506);
#2282=AXIS2_PLACEMENT_3D('',#3165,#2512,#2513);
#2283=AXIS2_PLACEMENT_3D('',#3174,#2518,#2519);
#2284=AXIS2_PLACEMENT_3D('',#3175,#2520,#2521);
#2285=AXIS2_PLACEMENT_3D('',#3177,#2522,#2523);
#2286=AXIS2_PLACEMENT_3D('',#3180,#2525,#2526);
#2287=AXIS2_PLACEMENT_3D('',#3183,#2528,#2529);
#2288=AXIS2_PLACEMENT_3D('',#3185,#2530,#2531);
#2289=AXIS2_PLACEMENT_3D('',#3186,#2532,#2533);
#2290=AXIS2_PLACEMENT_3D('',#3188,#2534,#2535);
#2291=AXIS2_PLACEMENT_3D('',#3191,#2537,#2538);
#2292=AXIS2_PLACEMENT_3D('',#3193,#2540,#2541);
#2293=AXIS2_PLACEMENT_3D('',#3195,#2542,#2543);
#2294=AXIS2_PLACEMENT_3D('',#3196,#2544,#2545);
#2295=AXIS2_PLACEMENT_3D('',#3203,#2550,#2551);
#2296=AXIS2_PLACEMENT_3D('',#3216,#2556,#2557);
#2297=AXIS2_PLACEMENT_3D('',#3217,#2558,#2559);
#2298=AXIS2_PLACEMENT_3D('',#3218,#2560,#2561);
#2299=AXIS2_PLACEMENT_3D('',#3224,#2562,#2563);
#2300=AXIS2_PLACEMENT_3D('',#3225,#2564,#2565);
#2301=AXIS2_PLACEMENT_3D('',#3226,#2566,#2567);
#2302=AXIS2_PLACEMENT_3D('',#3229,#2569,#2570);
#2303=AXIS2_PLACEMENT_3D('',#3231,#2572,#2573);
#2304=AXIS2_PLACEMENT_3D('',#3232,#2574,#2575);
#2305=AXIS2_PLACEMENT_3D('',#3233,#2576,#2577);
#2306=AXIS2_PLACEMENT_3D('',#3235,#2579,#2580);
#2307=AXIS2_PLACEMENT_3D('',#3240,#2581,#2582);
#2308=AXIS2_PLACEMENT_3D('',#3246,#2586,#2587);
#2309=AXIS2_PLACEMENT_3D('',#3252,#2588,#2589);
#2310=AXIS2_PLACEMENT_3D('',#3263,#2593,#2594);
#2311=AXIS2_PLACEMENT_3D('',#3269,#2595,#2596);
#2312=AXIS2_PLACEMENT_3D('',#3278,#2601,#2602);
#2313=AXIS2_PLACEMENT_3D('',#3282,#2604,#2605);
#2314=AXIS2_PLACEMENT_3D('',#3358,#2611,#2612);
#2315=AXIS2_PLACEMENT_3D('',#3364,#2616,#2617);
#2316=AXIS2_PLACEMENT_3D('',#3365,#2618,#2619);
#2317=AXIS2_PLACEMENT_3D('',#3370,#2622,#2623);
#2318=AXIS2_PLACEMENT_3D('',#3379,#2624,#2625);
#2319=AXIS2_PLACEMENT_3D('',#3391,#2627,#2628);
#2320=AXIS2_PLACEMENT_3D('',#3399,#2633,#2634);
#2321=AXIS2_PLACEMENT_3D('',#3408,#2639,#2640);
#2322=AXIS2_PLACEMENT_3D('',#3417,#2645,#2646);
#2323=AXIS2_PLACEMENT_3D('',#3418,#2647,#2648);
#2324=AXIS2_PLACEMENT_3D('',#3419,#2649,#2650);
#2325=AXIS2_PLACEMENT_3D('',#3420,#2651,#2652);
#2326=AXIS2_PLACEMENT_3D('',#3421,#2653,#2654);
#2327=AXIS2_PLACEMENT_3D('',#3423,#2655,#2656);
#2328=AXIS2_PLACEMENT_3D('',#3424,#2657,#2658);
#2329=AXIS2_PLACEMENT_3D('',#3426,#2659,#2660);
#2330=AXIS2_PLACEMENT_3D('',#3432,#2664,#2665);
#2331=AXIS2_PLACEMENT_3D('',#3433,#2666,#2667);
#2332=AXIS2_PLACEMENT_3D('',#3434,#2668,#2669);
#2333=AXIS2_PLACEMENT_3D('',#3435,#2670,#2671);
#2334=AXIS2_PLACEMENT_3D('',#3436,#2672,#2673);
#2335=AXIS2_PLACEMENT_3D('',#3445,#2679,#2680);
#2336=AXIS2_PLACEMENT_3D('',#3447,#2682,#2683);
#2337=AXIS2_PLACEMENT_3D('',#3451,#2686,#2687);
#2338=AXIS2_PLACEMENT_3D('',#3453,#2689,#2690);
#2339=AXIS2_PLACEMENT_3D('',#3454,#2691,#2692);
#2340=AXIS2_PLACEMENT_3D('',#3461,#2696,#2697);
#2341=AXIS2_PLACEMENT_3D('',#3462,#2698,#2699);
#2342=AXIS2_PLACEMENT_3D('',#3463,#2700,#2701);
#2343=AXIS2_PLACEMENT_3D('',#3464,#2702,#2703);
#2344=AXIS2_PLACEMENT_3D('',#3468,#2706,#2707);
#2345=AXIS2_PLACEMENT_3D('',#3474,#2709,#2710);
#2346=AXIS2_PLACEMENT_3D('',#3475,#2711,#2712);
#2347=AXIS2_PLACEMENT_3D('',#3476,#2713,#2714);
#2348=AXIS2_PLACEMENT_3D('',#3482,#2718,#2719);
#2349=AXIS2_PLACEMENT_3D('',#3507,#2727,#2728);
#2350=AXIS2_PLACEMENT_3D('',#3511,#2730,#2731);
#2351=AXIS2_PLACEMENT_3D('',#3513,#2733,#2734);
#2352=AXIS2_PLACEMENT_3D('',#3514,#2735,#2736);
#2353=AXIS2_PLACEMENT_3D('',#3517,#2738,#2739);
#2354=AXIS2_PLACEMENT_3D('',#3519,#2740,#2741);
#2355=AXIS2_PLACEMENT_3D('',#3520,#2742,#2743);
#2356=AXIS2_PLACEMENT_3D('',#3523,#2745,#2746);
#2357=AXIS2_PLACEMENT_3D('',#3526,#2748,#2749);
#2358=AXIS2_PLACEMENT_3D('',#3527,#2750,#2751);
#2359=AXIS2_PLACEMENT_3D('',#3531,#2754,#2755);
#2360=AXIS2_PLACEMENT_3D('',#3546,#2758,#2759);
#2361=AXIS2_PLACEMENT_3D('',#3552,#2760,#2761);
#2362=AXIS2_PLACEMENT_3D('',#3558,#2762,#2763);
#2363=AXIS2_PLACEMENT_3D('',#3559,#2764,#2765);
#2364=AXIS2_PLACEMENT_3D('',#3578,#2773,#2774);
#2365=AXIS2_PLACEMENT_3D('',#3593,#2777,#2778);
#2366=AXIS2_PLACEMENT_3D('',#3599,#2779,#2780);
#2367=AXIS2_PLACEMENT_3D('',#3611,#2781,#2782);
#2368=AXIS2_PLACEMENT_3D('',#3612,#2783,#2784);
#2369=AXIS2_PLACEMENT_3D('',#3631,#2792,#2793);
#2370=AXIS2_PLACEMENT_3D('',#3643,#2798,#2799);
#2371=AXIS2_PLACEMENT_3D('',#3652,#2804,#2805);
#2372=AXIS2_PLACEMENT_3D('',#3653,#2806,#2807);
#2373=AXIS2_PLACEMENT_3D('',#3657,#2809,#2810);
#2374=AXIS2_PLACEMENT_3D('',#3660,#2812,#2813);
#2375=AXIS2_PLACEMENT_3D('',#3661,#2814,#2815);
#2376=AXIS2_PLACEMENT_3D('',#3663,#2816,#2817);
#2377=AXIS2_PLACEMENT_3D('',#3664,#2818,#2819);
#2378=AXIS2_PLACEMENT_3D('',#3667,#2821,#2822);
#2379=AXIS2_PLACEMENT_3D('',#3670,#2824,#2825);
#2380=AXIS2_PLACEMENT_3D('',#3671,#2826,#2827);
#2381=AXIS2_PLACEMENT_3D('',#3673,#2828,#2829);
#2382=AXIS2_PLACEMENT_3D('',#3674,#2830,#2831);
#2383=AXIS2_PLACEMENT_3D('',#3681,#2836,#2837);
#2384=AXIS2_PLACEMENT_3D('',#3694,#2842,#2843);
#2385=AXIS2_PLACEMENT_3D('',#3695,#2844,#2845);
#2386=AXIS2_PLACEMENT_3D('',#3696,#2846,#2847);
#2387=AXIS2_PLACEMENT_3D('',#3697,#2848,#2849);
#2388=AXIS2_PLACEMENT_3D('',#3698,#2850,#2851);
#2389=AXIS2_PLACEMENT_3D('',#3701,#2853,#2854);
#2390=AXIS2_PLACEMENT_3D('',#3702,#2855,#2856);
#2391=AXIS2_PLACEMENT_3D('',#3703,#2857,#2858);
#2392=AXIS2_PLACEMENT_3D('',#3704,#2859,#2860);
#2393=AXIS2_PLACEMENT_3D('',#3705,#2861,#2862);
#2394=AXIS2_PLACEMENT_3D('',#3707,#2864,#2865);
#2395=AXIS2_PLACEMENT_3D('',#3712,#2866,#2867);
#2396=AXIS2_PLACEMENT_3D('',#3716,#2870,#2871);
#2397=AXIS2_PLACEMENT_3D('',#3722,#2872,#2873);
#2398=AXIS2_PLACEMENT_3D('',#3733,#2877,#2878);
#2399=AXIS2_PLACEMENT_3D('',#3739,#2879,#2880);
#2400=AXIS2_PLACEMENT_3D('',#3741,#2882,#2883);
#2401=AXIS2_PLACEMENT_3D('',#3742,#2884,#2885);
#2402=AXIS2_PLACEMENT_3D('',#3744,#2886,#2887);
#2403=AXIS2_PLACEMENT_3D('',#3756,#2893,#2894);
#2404=AXIS2_PLACEMENT_3D('',#3824,#2896,#2897);
#2405=AXIS2_PLACEMENT_3D('',#3830,#2901,#2902);
#2406=AXIS2_PLACEMENT_3D('',#3831,#2903,#2904);
#2407=AXIS2_PLACEMENT_3D('',#3836,#2907,#2908);
#2408=AXIS2_PLACEMENT_3D('',#3845,#2909,#2910);
#2409=AXIS2_PLACEMENT_3D('',#3853,#2915,#2916);
#2410=AXIS2_PLACEMENT_3D('',#3857,#2918,#2919);
#2411=AXIS2_PLACEMENT_3D('',#3858,#2920,#2921);
#2412=AXIS2_PLACEMENT_3D('',#3860,#2922,#2923);
#2413=AXIS2_PLACEMENT_3D('',#3870,#2924,#2925);
#2414=AXIS2_PLACEMENT_3D('',#3876,#2929,#2930);
#2415=AXIS2_PLACEMENT_3D('',#3885,#2935,#2936);
#2416=AXIS2_PLACEMENT_3D('',#3894,#2941,#2942);
#2417=AXIS2_PLACEMENT_3D('',#3895,#2943,#2944);
#2418=AXIS2_PLACEMENT_3D('',#3896,#2945,#2946);
#2419=AXIS2_PLACEMENT_3D('',#3897,#2947,#2948);
#2420=AXIS2_PLACEMENT_3D('',#3898,#2949,#2950);
#2421=AXIS2_PLACEMENT_3D('',#3900,#2951,#2952);
#2422=AXIS2_PLACEMENT_3D('',#3901,#2953,#2954);
#2423=AXIS2_PLACEMENT_3D('',#3904,#2957,#2958);
#2424=AXIS2_PLACEMENT_3D('',#3905,#2959,#2960);
#2425=AXIS2_PLACEMENT_3D('',#3906,#2961,#2962);
#2426=AXIS2_PLACEMENT_3D('',#3915,#2968,#2969);
#2427=AXIS2_PLACEMENT_3D('',#3917,#2971,#2972);
#2428=AXIS2_PLACEMENT_3D('',#3920,#2975,#2976);
#2429=AXIS2_PLACEMENT_3D('',#3921,#2977,#2978);
#2430=AXIS2_PLACEMENT_3D('',#3922,#2979,#2980);
#2431=AXIS2_PLACEMENT_3D('',#3926,#2983,#2984);
#2432=AXIS2_PLACEMENT_3D('',#3927,#2985,#2986);
#2433=AXIS2_PLACEMENT_3D('',#3930,#2988,#2989);
#2434=AXIS2_PLACEMENT_3D('',#3931,#2990,#2991);
#2435=AXIS2_PLACEMENT_3D('',#3935,#2994,#2995);
#2436=AXIS2_PLACEMENT_3D('',#3940,#2996,#2997);
#2437=AXIS2_PLACEMENT_3D('',#3941,#2998,#2999);
#2438=AXIS2_PLACEMENT_3D('',#3942,#3000,#3001);
#2439=AXIS2_PLACEMENT_3D('',#3943,#3002,#3003);
#2440=AXIS2_PLACEMENT_3D('',#3945,#3004,#3005);
#2441=AXIS2_PLACEMENT_3D('',#3946,#3006,#3007);
#2442=AXIS2_PLACEMENT_3D('',#3948,#3008,#3009);
#2443=AXIS2_PLACEMENT_3D('',#3949,#3010,#3011);
#2444=AXIS2_PLACEMENT_3D('',#3951,#3012,#3013);
#2445=AXIS2_PLACEMENT_3D('',#3952,#3014,#3015);
#2446=AXIS2_PLACEMENT_3D('',#3953,#3016,#3017);
#2447=AXIS2_PLACEMENT_3D('',#3955,#3018,#3019);
#2448=AXIS2_PLACEMENT_3D('',#3956,#3020,#3021);
#2449=AXIS2_PLACEMENT_3D('',#3958,#3022,#3023);
#2450=AXIS2_PLACEMENT_3D('',#3959,#3024,#3025);
#2451=AXIS2_PLACEMENT_3D('',#3961,#3026,#3027);
#2452=DIRECTION('',(0.,0.,1.));
#2453=DIRECTION('',(1.,0.,0.));
#2454=DIRECTION('',(-5.82867087928207E-16,0.988936352868297,0.148340452930247));
#2455=DIRECTION('',(-0.707106781186548,-0.104892540191262,0.699283601275065));
#2456=DIRECTION('',(-5.82867087928207E-16,0.988936352868297,0.148340452930247));
#2457=DIRECTION('',(0.,-0.148340452930247,0.988936352868297));
#2458=DIRECTION('',(0.,0.988936352868297,0.148340452930247));
#2459=DIRECTION('',(-5.82867087928207E-16,0.988936352868297,0.148340452930247));
#2460=DIRECTION('',(0.,-0.148340452930247,0.988936352868297));
#2461=DIRECTION('',(8.77065278743893E-16,-0.988936352868296,-0.148340452930251));
#2462=DIRECTION('',(1.,5.48969954421606E-16,8.23454931632411E-17));
#2463=DIRECTION('',(8.23454931632411E-17,0.,-1.));
#2464=DIRECTION('',(-2.1168270577787E-16,0.148340452930243,-0.988936352868298));
#2465=DIRECTION('',(2.65672308731864E-15,1.,-4.45041635648452E-14));
#2466=DIRECTION('',(0.,-0.148340452930243,0.988936352868298));
#2467=DIRECTION('',(1.,0.,0.));
#2468=DIRECTION('',(0.,-0.148340452930245,0.988936352868298));
#2469=DIRECTION('',(0.,-0.148340452930245,0.988936352868298));
#2470=DIRECTION('',(0.,-0.148340452930245,0.988936352868298));
#2471=DIRECTION('',(0.,-0.148340452930245,0.988936352868298));
#2472=DIRECTION('',(0.,-0.988936352868298,-0.148340452930245));
#2473=DIRECTION('',(0.,-0.148340452930245,0.988936352868298));
#2474=DIRECTION('',(0.,-0.988936352868298,-0.148340452930245));
#2475=DIRECTION('',(0.,-0.148340452930245,0.988936352868298));
#2476=DIRECTION('',(0.,-0.988936352868298,-0.148340452930245));
#2477=DIRECTION('',(0.,0.988936352868298,0.148340452930245));
#2478=DIRECTION('',(0.,0.148340452930245,-0.988936352868298));
#2479=DIRECTION('',(-1.,0.,0.));
#2480=DIRECTION('',(0.,0.148340452930245,-0.988936352868298));
#2481=DIRECTION('',(-1.,0.,0.));
#2482=DIRECTION('',(0.,0.148340452930245,-0.988936352868298));
#2483=DIRECTION('',(-1.,0.,0.));
#2484=DIRECTION('',(0.,0.148340452930245,-0.988936352868298));
#2485=DIRECTION('',(-1.,0.,0.));
#2486=DIRECTION('',(-1.,2.98145540163207E-12,4.47218310244811E-13));
#2487=DIRECTION('',(9.08767762814606E-28,0.148340452930245,-0.988936352868298));
#2488=DIRECTION('',(9.08767762814606E-28,0.148340452930245,-0.988936352868298));
#2489=DIRECTION('',(9.08767762814606E-28,0.148340452930245,-0.988936352868298));
#2490=DIRECTION('',(0.,0.148340452930245,-0.988936352868298));
#2491=DIRECTION('',(0.,-0.988936352868298,-0.148340452930245));
#2492=DIRECTION('',(0.,0.148340452930245,-0.988936352868298));
#2493=DIRECTION('',(0.,0.988936352868298,0.148340452930245));
#2494=DIRECTION('',(0.,0.148340452930245,-0.988936352868298));
#2495=DIRECTION('',(0.,0.988936352868298,0.148340452930245));
#2496=DIRECTION('',(0.,0.988936352868298,0.148340452930245));
#2497=DIRECTION('',(0.,0.148340452930245,-0.988936352868298));
#2498=DIRECTION('',(-1.,0.,0.));
#2499=DIRECTION('',(0.,-0.148340452930246,0.988936352868297));
#2500=DIRECTION('',(-1.,0.,0.));
#2501=DIRECTION('',(0.,0.148340452930245,-0.988936352868298));
#2502=DIRECTION('',(-1.,0.,0.));
#2503=DIRECTION('',(0.,-0.148340452930243,0.988936352868298));
#2504=DIRECTION('',(-1.,0.,0.));
#2505=DIRECTION('',(-1.,0.,0.));
#2506=DIRECTION('',(0.,0.,1.));
#2507=DIRECTION('',(0.,-0.148340452930246,0.988936352868297));
#2508=DIRECTION('',(0.,0.988936352868298,0.148340452930245));
#2509=DIRECTION('',(0.,-0.148340452930245,0.988936352868298));
#2510=DIRECTION('',(0.,0.988936352868196,0.14834045293092));
#2511=DIRECTION('',(0.,0.988936352868296,0.148340452930252));
#2512=DIRECTION('',(-2.74484977210803E-16,-0.988936352868298,-0.148340452930245));
#2513=DIRECTION('',(0.,-0.148340452930245,0.988936352868298));
#2514=DIRECTION('',(0.,-0.148340452930245,0.988936352868298));
#2515=DIRECTION('',(-1.,0.,0.));
#2516=DIRECTION('',(0.,-0.148340452930245,0.988936352868298));
#2517=DIRECTION('',(-1.,2.7144817227999E-16,4.07172258419985E-17));
#2518=DIRECTION('',(0.,-0.148340452930245,0.988936352868298));
#2519=DIRECTION('',(1.,0.,0.));
#2520=DIRECTION('',(-1.38777878078145E-17,0.148340452930245,-0.988936352868298));
#2521=DIRECTION('',(0.,0.988936352868298,0.148340452930245));
#2522=DIRECTION('',(0.,0.148340452930245,-0.988936352868298));
#2523=DIRECTION('',(0.,0.988936352868298,0.148340452930245));
#2524=DIRECTION('',(0.,-0.988936352868297,-0.148340452930249));
#2525=DIRECTION('',(-2.77555756156289E-17,0.148340452930245,-0.988936352868298));
#2526=DIRECTION('',(0.,0.988936352868298,0.148340452930245));
#2527=DIRECTION('',(-1.,2.7144817227999E-16,4.07172258419985E-17));
#2528=DIRECTION('',(6.4633615808099E-17,-0.148340452930245,0.988936352868297));
#2529=DIRECTION('',(0.,-0.988936352868297,-0.148340452930245));
#2530=DIRECTION('',(0.,0.148340452930245,-0.988936352868298));
#2531=DIRECTION('',(-1.,0.,0.));
#2532=DIRECTION('',(-1.38777878078145E-17,0.148340452930245,-0.988936352868298));
#2533=DIRECTION('',(0.,0.988936352868298,0.148340452930245));
#2534=DIRECTION('',(-2.77555756156289E-17,0.148340452930245,-0.988936352868298));
#2535=DIRECTION('',(0.,0.988936352868298,0.148340452930245));
#2536=DIRECTION('',(0.,0.988936352868298,0.148340452930246));
#2537=DIRECTION('',(0.,0.148340452930245,-0.988936352868298));
#2538=DIRECTION('',(0.,0.988936352868298,0.148340452930245));
#2539=DIRECTION('',(0.,-0.988936352868297,-0.148340452930246));
#2540=DIRECTION('',(-2.16168382612116E-17,-0.148340452930242,0.988936352868298));
#2541=DIRECTION('',(0.,-0.988936352868298,-0.148340452930242));
#2542=DIRECTION('',(0.,0.148340452930245,-0.988936352868298));
#2543=DIRECTION('',(0.,-0.988936352868298,-0.148340452930245));
#2544=DIRECTION('',(1.,0.,0.));
#2545=DIRECTION('',(0.,0.,-1.));
#2546=DIRECTION('',(0.,0.148340452930245,-0.988936352868297));
#2547=DIRECTION('',(0.,-0.988936352868199,-0.148340452930901));
#2548=DIRECTION('',(0.,-0.148340452930239,0.988936352868298));
#2549=DIRECTION('',(0.,0.988936352868298,0.148340452930245));
#2550=DIRECTION('',(1.,0.,0.));
#2551=DIRECTION('',(0.,0.,-1.));
#2552=DIRECTION('',(0.,0.148340452930237,-0.988936352868299));
#2553=DIRECTION('',(0.,1.,0.));
#2554=DIRECTION('',(0.,-0.148340452930244,0.988936352868298));
#2555=DIRECTION('',(0.,0.988936352868291,0.148340452930286));
#2556=DIRECTION('',(0.,0.148340452930245,-0.988936352868298));
#2557=DIRECTION('',(-1.,0.,0.));
#2558=DIRECTION('',(0.,0.148340452930245,-0.988936352868298));
#2559=DIRECTION('',(0.,-0.988936352868298,-0.148340452930245));
#2560=DIRECTION('',(0.,0.148340452930245,-0.988936352868298));
#2561=DIRECTION('',(0.,0.988936352868298,0.148340452930245));
#2562=DIRECTION('',(0.,0.148340452930245,-0.988936352868298));
#2563=DIRECTION('',(0.,0.988936352868298,0.148340452930245));
#2564=DIRECTION('',(0.,0.148340452930245,-0.988936352868298));
#2565=DIRECTION('',(0.,-0.988936352868298,-0.148340452930245));
#2566=DIRECTION('',(0.,-0.148340452930245,0.988936352868298));
#2567=DIRECTION('',(0.,-0.988936352868298,-0.148340452930245));
#2568=DIRECTION('',(-4.95635278850514E-16,0.148340452930244,-0.988936352868298));
#2569=DIRECTION('',(0.,0.148340452930245,-0.988936352868298));
#2570=DIRECTION('',(0.,-0.988936352868298,-0.148340452930245));
#2571=DIRECTION('',(0.,-0.148340452930245,0.988936352868298));
#2572=DIRECTION('',(0.,-0.148340452930245,0.988936352868298));
#2573=DIRECTION('',(1.,0.,0.));
#2574=DIRECTION('',(0.,-0.148340452930245,0.988936352868298));
#2575=DIRECTION('',(0.,-0.988936352868298,-0.148340452930245));
#2576=DIRECTION('',(0.,-0.148340452930245,0.988936352868298));
#2577=DIRECTION('',(1.,0.,0.));
#2578=DIRECTION('',(0.,-0.988936352868289,-0.148340452930304));
#2579=DIRECTION('',(0.,-0.148340452930245,0.988936352868298));
#2580=DIRECTION('',(0.,-0.988936352868298,-0.148340452930245));
#2581=DIRECTION('',(-1.,0.,0.));
#2582=DIRECTION('',(0.,0.,1.));
#2583=DIRECTION('',(0.,-0.148340452930237,0.988936352868299));
#2584=DIRECTION('',(0.,-0.148340452930245,0.988936352868298));
#2585=DIRECTION('',(0.,1.,0.));
#2586=DIRECTION('',(-1.38777878078145E-17,0.148340452930245,-0.988936352868298));
#2587=DIRECTION('',(0.707106781186547,0.699283601275066,0.10489254019126));
#2588=DIRECTION('',(0.703162553929498,-0.703162553939649,-0.105474383090947));
#2589=DIRECTION('',(-0.148340452932339,-2.4980018054066E-16,-0.988936352867983));
#2590=DIRECTION('',(0.707106781191651,0.707106781181444,0.));
#2591=DIRECTION('',(3.84439394156966E-16,-0.148340452930244,0.988936352868298));
#2592=DIRECTION('',(-0.711029129326883,-0.695383011556595,-0.10430745173349));
#2593=DIRECTION('',(-2.77555756156289E-17,0.148340452930245,-0.988936352868298));
#2594=DIRECTION('',(-0.707106781186548,0.699283601275065,0.10489254019126));
#2595=DIRECTION('',(1.,-7.31959939228809E-16,-1.09793990884322E-16));
#2596=DIRECTION('',(-7.40148683083439E-16,-0.988936352868298,-0.148340452930245));
#2597=DIRECTION('',(0.,0.988936352868298,0.148340452930245));
#2598=DIRECTION('',(-2.09541177949331E-31,0.148340452930245,-0.988936352868298));
#2599=DIRECTION('',(-7.40148683083439E-16,-0.988936352868298,-0.148340452930245));
#2600=DIRECTION('',(-2.09541177949331E-31,0.148340452930245,-0.988936352868298));
#2601=DIRECTION('',(1.,-6.01902335029735E-12,-9.02853502544609E-13));
#2602=DIRECTION('',(-6.08636069736931E-12,-0.988936352868298,-0.148340452930245));
#2603=DIRECTION('',(-3.43312265952184E-27,0.148340452930245,-0.988936352868298));
#2604=DIRECTION('',(1.,0.,0.));
#2605=DIRECTION('',(0.,0.,-1.));
#2606=DIRECTION('',(-2.43004024143295E-12,-0.258819045102522,-0.965925826289068));
#2607=DIRECTION('',(0.,1.,0.));
#2608=DIRECTION('',(-3.43312265952184E-27,0.148340452930245,-0.988936352868298));
#2609=DIRECTION('',(6.01897136526981E-12,1.,3.12937025470424E-12));
#2610=DIRECTION('',(0.,0.148340452930245,-0.988936352868298));
#2611=DIRECTION('',(0.,-0.965925826289068,0.258819045102521));
#2612=DIRECTION('',(0.,0.258819045102521,0.965925826289068));
#2613=DIRECTION('',(1.,0.,0.));
#2614=DIRECTION('',(0.,0.258819045102521,0.965925826289068));
#2615=DIRECTION('',(-1.,0.,0.));
#2616=DIRECTION('',(1.,-1.36620492696693E-9,-2.04931183134249E-10));
#2617=DIRECTION('',(-2.04931183134249E-10,0.,-1.));
#2618=DIRECTION('',(1.,0.,0.));
#2619=DIRECTION('',(0.,0.,-1.));
#2620=DIRECTION('',(-4.08060737261985E-16,0.148340452930245,-0.988936352868297));
#2621=DIRECTION('',(0.,1.,0.));
#2622=DIRECTION('',(-4.30211422042248E-16,0.148340452930244,-0.988936352868298));
#2623=DIRECTION('',(-0.922811614834583,0.380989220116371,0.0571483830174558));
#2624=DIRECTION('',(1.,0.,0.));
#2625=DIRECTION('',(0.,-0.380740314687958,0.924682006298011));
#2626=DIRECTION('',(1.,0.,0.));
#2627=DIRECTION('',(0.,0.988936352868298,0.148340452930245));
#2628=DIRECTION('',(0.,0.148340452930245,-0.988936352868298));
#2629=DIRECTION('',(0.,0.148340452930242,-0.988936352868298));
#2630=DIRECTION('',(-1.,0.,0.));
#2631=DIRECTION('',(0.,0.148340452930245,-0.988936352868298));
#2632=DIRECTION('',(-1.,0.,0.));
#2633=DIRECTION('',(-1.,0.,0.));
#2634=DIRECTION('',(0.,-1.,0.));
#2635=DIRECTION('',(0.,-1.,0.));
#2636=DIRECTION('',(0.,-0.148340452930245,0.988936352868298));
#2637=DIRECTION('',(0.,-1.,0.));
#2638=DIRECTION('',(0.,0.,-1.));
#2639=DIRECTION('',(1.,0.,0.));
#2640=DIRECTION('',(0.,1.,0.));
#2641=DIRECTION('',(0.,1.,0.));
#2642=DIRECTION('',(0.,0.,1.));
#2643=DIRECTION('',(0.,1.,0.));
#2644=DIRECTION('',(0.,0.148340452930246,-0.988936352868297));
#2645=DIRECTION('',(0.,0.,-1.));
#2646=DIRECTION('',(-1.,0.,0.));
#2647=DIRECTION('',(0.,0.,-1.));
#2648=DIRECTION('',(-1.,0.,0.));
#2649=DIRECTION('',(0.,0.,-1.));
#2650=DIRECTION('',(-1.,0.,0.));
#2651=DIRECTION('',(-2.16168382612116E-17,-0.148340452930242,0.988936352868298));
#2652=DIRECTION('',(0.,-0.988936352868298,-0.148340452930242));
#2653=DIRECTION('',(0.,0.,-1.));
#2654=DIRECTION('',(-1.45724499515834E-16,-1.,0.));
#2655=DIRECTION('',(6.4633615808099E-17,-0.148340452930245,0.988936352868297));
#2656=DIRECTION('',(0.,-0.988936352868297,-0.148340452930245));
#2657=DIRECTION('',(6.4633615808099E-17,-0.148340452930245,0.988936352868297));
#2658=DIRECTION('',(0.,-0.988936352868297,-0.148340452930245));
#2659=DIRECTION('',(-2.74484977210803E-16,-0.988936352868298,-0.148340452930245));
#2660=DIRECTION('',(0.,-0.148340452930245,0.988936352868298));
#2661=DIRECTION('',(0.,-0.148340452930245,0.988936352868298));
#2662=DIRECTION('',(-2.77555756156289E-17,0.148340452930245,-0.988936352868298));
#2663=DIRECTION('',(-1.,2.7144817227999E-16,4.07172258419985E-17));
#2664=DIRECTION('',(-2.77555756156289E-17,0.148340452930245,-0.988936352868298));
#2665=DIRECTION('',(-0.707106781186548,0.699283601275065,0.10489254019126));
#2666=DIRECTION('',(-2.77555756156289E-17,0.148340452930245,-0.988936352868298));
#2667=DIRECTION('',(0.,0.988936352868298,0.148340452930245));
#2668=DIRECTION('',(-1.38777878078145E-17,0.148340452930245,-0.988936352868298));
#2669=DIRECTION('',(0.707106781186547,0.699283601275066,0.10489254019126));
#2670=DIRECTION('',(-1.38777878078145E-17,0.148340452930245,-0.988936352868298));
#2671=DIRECTION('',(0.,0.988936352868298,0.148340452930245));
#2672=DIRECTION('',(0.,0.,1.));
#2673=DIRECTION('',(-1.,0.,0.));
#2674=DIRECTION('',(-1.11022302462516E-15,1.,0.));
#2675=DIRECTION('',(-0.707106781181414,-0.707106781191681,0.));
#2676=DIRECTION('',(-1.,0.,0.));
#2677=DIRECTION('',(1.11022302462515E-15,-1.,0.));
#2678=DIRECTION('',(-1.,-1.08380105070164E-15,1.69222229922431E-16));
#2679=DIRECTION('',(1.,1.11022302462516E-15,0.));
#2680=DIRECTION('',(0.,0.,-1.));
#2681=DIRECTION('',(-2.46519032881566E-32,-0.154268591694063,-0.988028947762529));
#2682=DIRECTION('',(-1.,-1.11022302462515E-15,1.73347696808991E-16));
#2683=DIRECTION('',(1.11022302462515E-15,-1.,0.));
#2684=DIRECTION('',(2.62594394833503E-16,-0.148340452930241,0.988936352868298));
#2685=DIRECTION('',(2.62353449605908E-16,-0.154268591694064,-0.988028947762529));
#2686=DIRECTION('',(-1.09693248680213E-15,0.988028947762529,-0.154268591694063));
#2687=DIRECTION('',(-2.46519032881566E-32,-0.154268591694063,-0.988028947762529));
#2688=DIRECTION('',(-1.,-1.08380105070164E-15,1.69222229922431E-16));
#2689=DIRECTION('',(0.,0.,-1.));
#2690=DIRECTION('',(-1.,0.,0.));
#2691=DIRECTION('',(0.,0.,-1.));
#2692=DIRECTION('',(-1.,0.,0.));
#2693=DIRECTION('',(2.65672308731864E-15,1.,-4.45041635648452E-14));
#2694=DIRECTION('',(-1.,0.,0.));
#2695=DIRECTION('',(-1.,0.,0.));
#2696=DIRECTION('',(2.65672308731864E-15,1.,-4.45041635648452E-14));
#2697=DIRECTION('',(0.,4.45041635648452E-14,1.));
#2698=DIRECTION('',(0.,0.988936352868298,0.148340452930245));
#2699=DIRECTION('',(1.79096331097704E-14,0.148340452930245,-0.988936352868298));
#2700=DIRECTION('',(0.,-0.988936352868298,-0.148340452930245));
#2701=DIRECTION('',(1.79096331097704E-14,0.148340452930245,-0.988936352868298));
#2702=DIRECTION('',(0.703162553939759,-0.703162553929614,-0.105474383089443));
#2703=DIRECTION('',(-0.711029129316736,-0.695383011566743,-0.104307451735013));
#2704=DIRECTION('',(4.02455846426619E-16,0.148340452930246,-0.988936352868298));
#2705=DIRECTION('',(0.707106781181447,0.707106781191648,1.01950873500513E-15));
#2706=DIRECTION('',(0.,0.,-1.));
#2707=DIRECTION('',(-1.,0.,0.));
#2708=DIRECTION('',(1.,0.,0.));
#2709=DIRECTION('',(6.93889390390723E-18,-0.148340452930246,0.988936352868297));
#2710=DIRECTION('',(-0.9228116151023,0.380989219482188,0.0571483829223288));
#2711=DIRECTION('',(0.,0.148340452930245,-0.988936352868298));
#2712=DIRECTION('',(-1.,0.,0.));
#2713=DIRECTION('',(0.,-0.148340452930247,0.988936352868297));
#2714=DIRECTION('',(1.,0.,0.));
#2715=DIRECTION('',(1.,0.,0.));
#2716=DIRECTION('',(-5.82867087928207E-16,-0.988936352868297,-0.148340452930247));
#2717=DIRECTION('',(1.,0.,0.));
#2718=DIRECTION('',(0.,0.988936352868298,0.148340452930245));
#2719=DIRECTION('',(0.,-0.148340452930245,0.988936352868298));
#2720=DIRECTION('',(1.,0.,0.));
#2721=DIRECTION('',(0.,-0.148340452930245,0.988936352868298));
#2722=DIRECTION('',(1.,0.,0.));
#2723=DIRECTION('',(0.,-0.148340452930245,0.988936352868297));
#2724=DIRECTION('',(0.,-0.148340452930245,0.988936352868298));
#2725=DIRECTION('',(0.,-0.148340452930246,0.988936352868297));
#2726=DIRECTION('',(1.,0.,0.));
#2727=DIRECTION('',(0.,0.988936352868298,0.148340452930245));
#2728=DIRECTION('',(4.21476467440422E-14,0.148340452930245,-0.988936352868298));
#2729=DIRECTION('',(0.,-0.148340452930245,0.988936352868298));
#2730=DIRECTION('',(-5.82867087928207E-16,-0.988936352868297,-0.148340452930247));
#2731=DIRECTION('',(0.,0.148340452930247,-0.988936352868297));
#2732=DIRECTION('',(1.,0.,0.));
#2733=DIRECTION('',(0.,-0.148340452930245,0.988936352868298));
#2734=DIRECTION('',(1.,0.,0.));
#2735=DIRECTION('',(0.,0.148340452930245,-0.988936352868298));
#2736=DIRECTION('',(0.,0.988936352868298,0.148340452930245));
#2737=DIRECTION('',(0.,0.988936352868298,0.148340452930245));
#2738=DIRECTION('',(0.,0.148340452930245,-0.988936352868298));
#2739=DIRECTION('',(0.,0.988936352868298,0.148340452930245));
#2740=DIRECTION('',(0.,0.148340452930245,-0.988936352868298));
#2741=DIRECTION('',(1.,0.,0.));
#2742=DIRECTION('',(0.,0.148340452930245,-0.988936352868298));
#2743=DIRECTION('',(0.,0.988936352868298,0.148340452930245));
#2744=DIRECTION('',(0.,0.148340452930245,-0.988936352868298));
#2745=DIRECTION('',(-5.82867087928207E-16,-0.988936352868297,-0.148340452930247));
#2746=DIRECTION('',(0.707106781186548,-0.104892540191262,0.699283601275065));
#2747=DIRECTION('',(-5.82867087928207E-16,-0.988936352868297,-0.148340452930247));
#2748=DIRECTION('',(-5.82867087928207E-16,-0.988936352868297,-0.148340452930247));
#2749=DIRECTION('',(0.,0.148340452930247,-0.988936352868297));
#2750=DIRECTION('',(1.,-5.48969954421606E-16,-8.23454931632411E-17));
#2751=DIRECTION('',(-8.23454931632411E-17,0.,-1.));
#2752=DIRECTION('',(6.25220100795744E-15,1.,-5.3849421774547E-14));
#2753=DIRECTION('',(0.,0.148340452930245,-0.988936352868298));
#2754=DIRECTION('',(1.,0.,0.));
#2755=DIRECTION('',(0.,-0.148340452930245,0.988936352868298));
#2756=DIRECTION('',(0.,-0.148340452930245,0.988936352868298));
#2757=DIRECTION('',(0.,0.148340452930245,-0.988936352868298));
#2758=DIRECTION('',(0.,-0.148340452930245,0.988936352868298));
#2759=DIRECTION('',(0.,-0.988936352868298,-0.148340452930245));
#2760=DIRECTION('',(0.,-0.148340452930245,0.988936352868298));
#2761=DIRECTION('',(0.,-0.988936352868298,-0.148340452930245));
#2762=DIRECTION('',(0.,-0.148340452930245,0.988936352868298));
#2763=DIRECTION('',(0.,-0.988936352868298,-0.148340452930245));
#2764=DIRECTION('',(0.,-0.988936352868298,-0.148340452930245));
#2765=DIRECTION('',(0.,0.148340452930245,-0.988936352868298));
#2766=DIRECTION('',(1.,0.,0.));
#2767=DIRECTION('',(0.,-0.148340452930247,0.988936352868297));
#2768=DIRECTION('',(-1.,0.,0.));
#2769=DIRECTION('',(0.,-0.148340452930245,0.988936352868298));
#2770=DIRECTION('',(1.,0.,0.));
#2771=DIRECTION('',(0.,-0.148340452930244,0.988936352868298));
#2772=DIRECTION('',(-1.,0.,0.));
#2773=DIRECTION('',(-1.,-2.98145540163207E-12,-4.47218310244811E-13));
#2774=DIRECTION('',(-9.08767762814606E-28,0.148340452930245,-0.988936352868298));
#2775=DIRECTION('',(0.,-0.148340452930245,0.988936352868298));
#2776=DIRECTION('',(0.,0.148340452930245,-0.988936352868298));
#2777=DIRECTION('',(0.,0.148340452930245,-0.988936352868298));
#2778=DIRECTION('',(0.,-0.988936352868298,-0.148340452930245));
#2779=DIRECTION('',(0.,0.148340452930245,-0.988936352868298));
#2780=DIRECTION('',(0.,0.988936352868298,0.148340452930245));
#2781=DIRECTION('',(0.,0.148340452930245,-0.988936352868298));
#2782=DIRECTION('',(0.,0.988936352868298,0.148340452930245));
#2783=DIRECTION('',(0.,-0.988936352868298,-0.148340452930245));
#2784=DIRECTION('',(0.,0.148340452930245,-0.988936352868298));
#2785=DIRECTION('',(-1.,0.,0.));
#2786=DIRECTION('',(0.,0.148340452930245,-0.988936352868298));
#2787=DIRECTION('',(1.,0.,0.));
#2788=DIRECTION('',(0.,-0.148340452930245,0.988936352868298));
#2789=DIRECTION('',(-1.,0.,0.));
#2790=DIRECTION('',(0.,0.148340452930245,-0.988936352868298));
#2791=DIRECTION('',(1.,0.,0.));
#2792=DIRECTION('',(-1.,0.,0.));
#2793=DIRECTION('',(0.,0.,1.));
#2794=DIRECTION('',(-1.38777878078145E-17,-0.148340452930245,0.988936352868298));
#2795=DIRECTION('',(0.,0.988936352868298,0.148340452930245));
#2796=DIRECTION('',(0.,0.988936352868298,0.148340452930245));
#2797=DIRECTION('',(0.,0.988936352868298,0.148340452930238));
#2798=DIRECTION('',(-2.74484977210803E-16,0.988936352868298,0.148340452930245));
#2799=DIRECTION('',(0.,-0.148340452930245,0.988936352868298));
#2800=DIRECTION('',(-1.38777878078145E-17,-0.148340452930245,0.988936352868298));
#2801=DIRECTION('',(1.,0.,0.));
#2802=DIRECTION('',(-2.77555756156289E-17,-0.148340452930245,0.988936352868298));
#2803=DIRECTION('',(1.,2.7144817227999E-16,4.07172258419985E-17));
#2804=DIRECTION('',(0.,0.148340452930245,-0.988936352868298));
#2805=DIRECTION('',(-1.,0.,0.));
#2806=DIRECTION('',(-1.38777878078145E-17,-0.148340452930245,0.988936352868298));
#2807=DIRECTION('',(0.,-0.988936352868298,-0.148340452930245));
#2808=DIRECTION('',(-1.,0.,0.));
#2809=DIRECTION('',(-2.77555756156289E-17,-0.148340452930245,0.988936352868298));
#2810=DIRECTION('',(0.,-0.988936352868298,-0.148340452930245));
#2811=DIRECTION('',(0.,0.988936352868298,0.148340452930245));
#2812=DIRECTION('',(0.,-0.148340452930245,0.988936352868298));
#2813=DIRECTION('',(0.,-0.988936352868298,-0.148340452930245));
#2814=DIRECTION('',(-8.11270404060641E-17,-0.148340452930246,0.988936352868297));
#2815=DIRECTION('',(0.,-0.988936352868297,-0.148340452930246));
#2816=DIRECTION('',(0.,-0.148340452930245,0.988936352868298));
#2817=DIRECTION('',(1.,0.,0.));
#2818=DIRECTION('',(-1.38777878078145E-17,-0.148340452930245,0.988936352868298));
#2819=DIRECTION('',(0.,-0.988936352868298,-0.148340452930245));
#2820=DIRECTION('',(0.,0.988936352868298,0.148340452930245));
#2821=DIRECTION('',(0.,-0.148340452930245,0.988936352868298));
#2822=DIRECTION('',(0.,-0.988936352868298,-0.148340452930245));
#2823=DIRECTION('',(0.,0.988936352868298,0.148340452930245));
#2824=DIRECTION('',(-2.77555756156289E-17,-0.148340452930245,0.988936352868298));
#2825=DIRECTION('',(0.,-0.988936352868298,-0.148340452930245));
#2826=DIRECTION('',(3.13724537167969E-17,-0.148340452930245,0.988936352868298));
#2827=DIRECTION('',(0.,-0.988936352868298,-0.148340452930245));
#2828=DIRECTION('',(0.,-0.148340452930245,0.988936352868298));
#2829=DIRECTION('',(0.,-0.988936352868298,-0.148340452930245));
#2830=DIRECTION('',(1.,0.,0.));
#2831=DIRECTION('',(0.,0.,-1.));
#2832=DIRECTION('',(-2.77555756156289E-17,-0.148340452930245,0.988936352868298));
#2833=DIRECTION('',(0.,-0.988936352868297,-0.148340452930248));
#2834=DIRECTION('',(0.,-0.148340452930241,0.988936352868298));
#2835=DIRECTION('',(0.,0.988936352868298,0.148340452930245));
#2836=DIRECTION('',(1.,0.,0.));
#2837=DIRECTION('',(0.,0.,-1.));
#2838=DIRECTION('',(-2.77555756156289E-17,-0.148340452930245,0.988936352868298));
#2839=DIRECTION('',(0.,0.988936352868298,0.148340452930245));
#2840=DIRECTION('',(5.13895384678241E-16,-0.148340452930244,0.988936352868298));
#2841=DIRECTION('',(0.,1.,0.));
#2842=DIRECTION('',(0.,-0.148340452930245,0.988936352868298));
#2843=DIRECTION('',(1.,0.,0.));
#2844=DIRECTION('',(0.,0.148340452930245,-0.988936352868298));
#2845=DIRECTION('',(0.,-0.988936352868298,-0.148340452930245));
#2846=DIRECTION('',(0.,0.148340452930245,-0.988936352868298));
#2847=DIRECTION('',(0.,0.988936352868298,0.148340452930245));
#2848=DIRECTION('',(0.,0.148340452930245,-0.988936352868298));
#2849=DIRECTION('',(0.,0.988936352868298,0.148340452930245));
#2850=DIRECTION('',(0.,-0.148340452930245,0.988936352868298));
#2851=DIRECTION('',(0.,-0.988936352868298,-0.148340452930245));
#2852=DIRECTION('',(0.,-0.148340452930245,0.988936352868298));
#2853=DIRECTION('',(0.,-0.148340452930245,0.988936352868298));
#2854=DIRECTION('',(0.,-0.988936352868298,-0.148340452930245));
#2855=DIRECTION('',(0.,-0.148340452930245,0.988936352868298));
#2856=DIRECTION('',(0.,-0.988936352868298,-0.148340452930245));
#2857=DIRECTION('',(0.,0.148340452930245,-0.988936352868298));
#2858=DIRECTION('',(-1.,0.,0.));
#2859=DIRECTION('',(0.,-0.148340452930245,0.988936352868298));
#2860=DIRECTION('',(0.,-0.988936352868298,-0.148340452930245));
#2861=DIRECTION('',(0.,0.148340452930245,-0.988936352868298));
#2862=DIRECTION('',(-1.,0.,0.));
#2863=DIRECTION('',(0.,0.988936352868298,0.148340452930245));
#2864=DIRECTION('',(0.,-0.148340452930245,0.988936352868298));
#2865=DIRECTION('',(0.,-0.988936352868298,-0.148340452930245));
#2866=DIRECTION('',(-1.,0.,0.));
#2867=DIRECTION('',(0.,0.,1.));
#2868=DIRECTION('',(-1.38777878078145E-17,-0.148340452930245,0.988936352868298));
#2869=DIRECTION('',(0.,1.,0.));
#2870=DIRECTION('',(-1.38777878078145E-17,-0.148340452930245,0.988936352868298));
#2871=DIRECTION('',(-0.707106781186547,0.699283601275066,0.10489254019126));
#2872=DIRECTION('',(0.703162553929498,0.703162553939649,0.105474383090947));
#2873=DIRECTION('',(0.148340452932339,-2.4980018054066E-16,-0.988936352867983));
#2874=DIRECTION('',(0.711029129326883,-0.695383011556597,-0.104307451733482));
#2875=DIRECTION('',(-4.30211422042248E-16,-0.148340452930244,0.988936352868298));
#2876=DIRECTION('',(-0.707106781191652,0.707106781181443,-1.087423606275E-17));
#2877=DIRECTION('',(-2.77555756156289E-17,-0.148340452930245,0.988936352868298));
#2878=DIRECTION('',(0.707106781186548,0.699283601275065,0.10489254019126));
#2879=DIRECTION('',(1.,7.31959939228809E-16,1.09793990884322E-16));
#2880=DIRECTION('',(7.40148683083439E-16,-0.988936352868298,-0.148340452930245));
#2881=DIRECTION('',(7.40148683083439E-16,-0.988936352868298,-0.148340452930245));
#2882=DIRECTION('',(0.,0.148340452930245,-0.988936352868298));
#2883=DIRECTION('',(1.,0.,0.));
#2884=DIRECTION('',(0.,0.148340452930245,-0.988936352868298));
#2885=DIRECTION('',(0.,0.988936352868298,0.148340452930245));
#2886=DIRECTION('',(1.,6.01902335029735E-12,9.02853502544609E-13));
#2887=DIRECTION('',(6.08636069736931E-12,-0.988936352868298,-0.148340452930245));
#2888=DIRECTION('',(6.93889390390723E-18,0.148340452930246,-0.988936352868297));
#2889=DIRECTION('',(0.,1.,0.));
#2890=DIRECTION('',(3.43312265952184E-27,0.148340452930245,-0.988936352868298));
#2891=DIRECTION('',(6.01949046167438E-12,-1.,8.63892291041452E-13));
#2892=DIRECTION('',(0.,0.258819045102521,0.965925826289068));
#2893=DIRECTION('',(1.,0.,0.));
#2894=DIRECTION('',(0.,0.,-1.));
#2895=DIRECTION('',(0.,0.148340452930245,-0.988936352868298));
#2896=DIRECTION('',(0.,0.965925826289068,-0.258819045102521));
#2897=DIRECTION('',(0.,0.258819045102521,0.965925826289068));
#2898=DIRECTION('',(1.,0.,0.));
#2899=DIRECTION('',(1.,0.,0.));
#2900=DIRECTION('',(5.5154808099705E-10,-0.258819045102522,-0.965925826289068));
#2901=DIRECTION('',(1.,1.36620492696693E-9,2.04931183134249E-10));
#2902=DIRECTION('',(2.04931183134249E-10,0.,-1.));
#2903=DIRECTION('',(1.,0.,0.));
#2904=DIRECTION('',(0.,0.,-1.));
#2905=DIRECTION('',(-1.36620492696693E-9,1.,-2.79977992087173E-19));
#2906=DIRECTION('',(-4.30211422042248E-16,-0.148340452930244,0.988936352868298));
#2907=DIRECTION('',(-4.30211422042248E-16,-0.148340452930244,0.988936352868298));
#2908=DIRECTION('',(0.922811614834583,0.380989220116371,0.0571483830174558));
#2909=DIRECTION('',(0.,0.148340452930245,-0.988936352868298));
#2910=DIRECTION('',(0.,0.988936352868298,0.148340452930245));
#2911=DIRECTION('',(1.,0.,0.));
#2912=DIRECTION('',(1.,0.,0.));
#2913=DIRECTION('',(1.,0.,0.));
#2914=DIRECTION('',(1.,0.,0.));
#2915=DIRECTION('',(-2.77555756156289E-17,-0.148340452930245,0.988936352868298));
#2916=DIRECTION('',(0.,-0.988936352868298,-0.148340452930245));
#2917=DIRECTION('',(1.,0.,0.));
#2918=DIRECTION('',(-1.38777878078145E-17,-0.148340452930245,0.988936352868298));
#2919=DIRECTION('',(0.,-0.988936352868298,-0.148340452930245));
#2920=DIRECTION('',(-8.11270404060641E-17,-0.148340452930246,0.988936352868297));
#2921=DIRECTION('',(0.,-0.988936352868297,-0.148340452930246));
#2922=DIRECTION('',(1.,0.,0.));
#2923=DIRECTION('',(0.,-0.380740314687958,0.924682006298011));
#2924=DIRECTION('',(0.,-0.988936352868298,-0.148340452930245));
#2925=DIRECTION('',(0.,0.148340452930245,-0.988936352868298));
#2926=DIRECTION('',(0.,0.148340452930245,-0.988936352868298));
#2927=DIRECTION('',(1.,0.,0.));
#2928=DIRECTION('',(-4.02455846426619E-16,0.148340452930246,-0.988936352868298));
#2929=DIRECTION('',(-1.,0.,0.));
#2930=DIRECTION('',(0.,-1.,0.));
#2931=DIRECTION('',(0.,1.,0.));
#2932=DIRECTION('',(0.,0.,1.));
#2933=DIRECTION('',(0.,-1.,0.));
#2934=DIRECTION('',(0.,0.148340452930245,-0.988936352868298));
#2935=DIRECTION('',(1.,0.,0.));
#2936=DIRECTION('',(0.,1.,0.));
#2937=DIRECTION('',(0.,1.,0.));
#2938=DIRECTION('',(-4.02455846426619E-16,0.148340452930246,-0.988936352868298));
#2939=DIRECTION('',(0.,-1.,0.));
#2940=DIRECTION('',(0.,0.,1.));
#2941=DIRECTION('',(0.,0.,1.));
#2942=DIRECTION('',(1.,0.,0.));
#2943=DIRECTION('',(0.,0.,1.));
#2944=DIRECTION('',(1.,0.,0.));
#2945=DIRECTION('',(0.,0.,1.));
#2946=DIRECTION('',(1.,0.,0.));
#2947=DIRECTION('',(3.13724537167969E-17,-0.148340452930245,0.988936352868298));
#2948=DIRECTION('',(0.,-0.988936352868298,-0.148340452930245));
#2949=DIRECTION('',(0.,0.,1.));
#2950=DIRECTION('',(2.11489537055339E-16,-1.,0.));
#2951=DIRECTION('',(-8.11270404060641E-17,-0.148340452930246,0.988936352868297));
#2952=DIRECTION('',(0.,-0.988936352868297,-0.148340452930246));
#2953=DIRECTION('',(-2.74484977210803E-16,0.988936352868298,0.148340452930245));
#2954=DIRECTION('',(0.,-0.148340452930245,0.988936352868298));
#2955=DIRECTION('',(-1.38777878078145E-17,-0.148340452930245,0.988936352868298));
#2956=DIRECTION('',(0.,-0.148340452930245,0.988936352868298));
#2957=DIRECTION('',(-2.77555756156289E-17,-0.148340452930245,0.988936352868298));
#2958=DIRECTION('',(0.707106781186548,0.699283601275065,0.10489254019126));
#2959=DIRECTION('',(-1.38777878078145E-17,-0.148340452930245,0.988936352868298));
#2960=DIRECTION('',(-0.707106781186547,0.699283601275066,0.10489254019126));
#2961=DIRECTION('',(0.,0.,-1.));
#2962=DIRECTION('',(1.,0.,0.));
#2963=DIRECTION('',(0.,-1.,0.));
#2964=DIRECTION('',(1.,0.,0.));
#2965=DIRECTION('',(0.,-1.,0.));
#2966=DIRECTION('',(1.,0.,0.));
#2967=DIRECTION('',(0.707106781181444,-0.707106781191651,9.20762855638675E-15));
#2968=DIRECTION('',(1.,-1.11022302462516E-15,0.));
#2969=DIRECTION('',(0.,0.,-1.));
#2970=DIRECTION('',(0.,-0.154268591694064,-0.988028947762529));
#2971=DIRECTION('',(-1.,1.11022302462515E-15,-1.73347696808991E-16));
#2972=DIRECTION('',(-1.11022302462515E-15,-1.,0.));
#2973=DIRECTION('',(0.,0.148340452930245,-0.988936352868298));
#2974=DIRECTION('',(2.46519032881566E-32,-0.154268591694063,-0.988028947762529));
#2975=DIRECTION('',(-1.09693248680213E-15,-0.988028947762529,0.154268591694063));
#2976=DIRECTION('',(2.46519032881566E-32,-0.154268591694063,-0.988028947762529));
#2977=DIRECTION('',(0.,-0.988936352868298,-0.148340452930245));
#2978=DIRECTION('',(0.,0.148340452930245,-0.988936352868298));
#2979=DIRECTION('',(0.,-0.988936352868298,-0.148340452930245));
#2980=DIRECTION('',(4.21476467440422E-14,0.148340452930245,-0.988936352868298));
#2981=DIRECTION('',(1.,0.,0.));
#2982=DIRECTION('',(1.,0.,0.));
#2983=DIRECTION('',(0.,0.,1.));
#2984=DIRECTION('',(1.,0.,0.));
#2985=DIRECTION('',(0.,0.,1.));
#2986=DIRECTION('',(1.,0.,0.));
#2987=DIRECTION('',(6.25220100795744E-15,1.,-5.3849421774547E-14));
#2988=DIRECTION('',(6.25220100795744E-15,1.,-5.3849421774547E-14));
#2989=DIRECTION('',(0.,5.3849421774547E-14,1.));
#2990=DIRECTION('',(0.703162553939759,0.703162553929614,0.105474383089443));
#2991=DIRECTION('',(0.711029129316736,-0.695383011566743,-0.104307451735013));
#2992=DIRECTION('',(6.93889390390723E-18,0.148340452930246,-0.988936352868297));
#2993=DIRECTION('',(-0.707106781181444,0.707106781191651,0.));
#2994=DIRECTION('',(0.,0.,1.));
#2995=DIRECTION('',(1.,0.,0.));
#2996=DIRECTION('',(6.93889390390723E-18,0.148340452930246,-0.988936352868297));
#2997=DIRECTION('',(0.9228116151023,0.380989219482188,0.0571483829223288));
#2998=DIRECTION('',(0.,-0.148340452930245,0.988936352868298));
#2999=DIRECTION('',(1.,0.,0.));
#3000=DIRECTION('',(0.,0.,1.));
#3001=DIRECTION('',(1.,0.,0.));
#3002=DIRECTION('',(0.,0.,-1.));
#3003=DIRECTION('',(-1.,0.,0.));
#3004=DIRECTION('',(0.,0.,-1.));
#3005=DIRECTION('',(1.,0.,0.));
#3006=DIRECTION('',(0.,0.,-1.));
#3007=DIRECTION('',(-1.,0.,0.));
#3008=DIRECTION('',(0.,0.,-1.));
#3009=DIRECTION('',(1.,0.,0.));
#3010=DIRECTION('',(0.,0.,1.));
#3011=DIRECTION('',(1.,0.,0.));
#3012=DIRECTION('',(0.,0.,1.));
#3013=DIRECTION('',(1.,0.,0.));
#3014=DIRECTION('',(0.,0.,1.));
#3015=DIRECTION('',(1.,0.,0.));
#3016=DIRECTION('',(0.,0.,-1.));
#3017=DIRECTION('',(-1.,0.,0.));
#3018=DIRECTION('',(0.,0.,-1.));
#3019=DIRECTION('',(1.,0.,0.));
#3020=DIRECTION('',(0.,0.,-1.));
#3021=DIRECTION('',(-1.,0.,0.));
#3022=DIRECTION('',(0.,0.,1.));
#3023=DIRECTION('',(-1.,0.,0.));
#3024=DIRECTION('',(0.,0.,-1.));
#3025=DIRECTION('',(-1.,0.,0.));
#3026=DIRECTION('',(0.,0.,-1.));
#3027=DIRECTION('',(-1.,0.,0.));
#3028=CARTESIAN_POINT('',(0.,0.,0.));
#3029=CARTESIAN_POINT('',(-0.002,0.00445612455496734,0.00695916963355109));
#3030=CARTESIAN_POINT('',(-0.002,0.00445612455496734,0.00695916963355109));
#3031=CARTESIAN_POINT('',(-0.002,0.00415944364910684,0.00893704233928769));
#3032=CARTESIAN_POINT('',(-0.004,0.00445612455496734,0.0069591696335511));
#3033=CARTESIAN_POINT('',(-0.002,0.00415944364910685,0.00893704233928769));
#3034=CARTESIAN_POINT('',(-0.002,0.00220345342905794,0.00864364380628035));
#3035=CARTESIAN_POINT('',(-0.002,0.00250013433491843,0.00666577110054375));
#3036=CARTESIAN_POINT('',(-0.004,0.00250013433491844,0.00666577110054375));
#3037=CARTESIAN_POINT('',(-0.004,0.00445612455496734,0.0069591696335511));
#3038=CARTESIAN_POINT('',(-0.004,0.00510795363028675,0.00261364246475499));
#3039=CARTESIAN_POINT('',(-0.004,0.00250013433491844,0.00666577110054375));
#3040=CARTESIAN_POINT('',(-0.004,0.00310797105118718,0.00261352632541875));
#3041=CARTESIAN_POINT('',(-0.004,0.00510795352450875,0.00261352632541866));
#3042=CARTESIAN_POINT('',(-0.00400000008442677,0.00510795352450875,0.00261364260009965));
#3043=CARTESIAN_POINT('',(-0.004,0.00510795363028675,0.00261364246475499));
#3044=CARTESIAN_POINT('',(-0.0107654979742969,0.00677992264665042,0.00813384902233052));
#3045=CARTESIAN_POINT('',(-0.0107654979742969,0.00447068670220081,0.00875747721340846));
#3046=CARTESIAN_POINT('',(-0.0107654979742969,0.00534826145705283,0.00842870619170017));
#3047=CARTESIAN_POINT('',(-0.0107654979742969,0.00609303128342985,0.00823398493965974));
#3048=CARTESIAN_POINT('',(-0.0107654979742969,0.00677992264665042,0.00813384902233052));
#3049=CARTESIAN_POINT('',(-0.0107654979742969,0.00447068670220081,0.00875747721340847));
#3050=CARTESIAN_POINT('',(-0.0107654979742969,0.00677992264665042,0.00813384902233053));
#3051=CARTESIAN_POINT('',(-0.0107654979742969,0.00677992264665042,0.00813384902233052));
#3052=CARTESIAN_POINT('',(-0.0107654979742969,0.00545693891396402,0.0169537405735732));
#3053=CARTESIAN_POINT('',(-0.0107654979742969,0.00545693891396402,0.0169537405735732));
#3054=CARTESIAN_POINT('',(-0.0107654979742969,0.00482965721973402,0.0166564786976259));
#3055=CARTESIAN_POINT('',(-0.0107654979742969,0.00417479547922402,0.0162518127105524));
#3056=CARTESIAN_POINT('',(-0.0107654979742969,0.00343230353168909,0.0156800316834865));
#3057=CARTESIAN_POINT('',(-0.0107654979742969,0.00343230353168911,0.0156800316834865));
#3058=CARTESIAN_POINT('',(-0.0107654979742969,0.00461298698328815,0.00780880867282618));
#3059=CARTESIAN_POINT('',(-0.017,0.00881612326500734,0.00789251156661769));
#3060=CARTESIAN_POINT('',(-0.017,0.00859361258561197,0.00937591609592014));
#3061=CARTESIAN_POINT('',(-0.0109629809490109,0.00419263459050196,0.00871576939665364));
#3062=CARTESIAN_POINT('',(-0.013,0.00441756650049165,0.00721622333005568));
#3063=CARTESIAN_POINT('',(-0.0124303443846927,0.00436107751584007,0.00759281656106618));
#3064=CARTESIAN_POINT('',(-0.0117807577622351,0.00429028086456173,0.00806479423625509));
#3065=CARTESIAN_POINT('',(-0.0109629809490109,0.00419263459050195,0.00871576939665365));
#3066=CARTESIAN_POINT('',(-0.013,0.00441756650049166,0.00721622333005567));
#3067=CARTESIAN_POINT('',(-0.013,0.00699988942445818,0.00610329535932356));
#3068=CARTESIAN_POINT('',(-0.013,0.0063152940809391,0.0063006714512291));
#3069=CARTESIAN_POINT('',(-0.013,0.00552963213113944,0.00662222716228141));
#3070=CARTESIAN_POINT('',(-0.013,0.00441756650049165,0.00721622333005567));
#3071=CARTESIAN_POINT('',(-0.013,0.00699988942445818,0.0061032953593235));
#3072=CARTESIAN_POINT('',(-0.017,0.00903863394440271,0.00640910703731524));
#3073=CARTESIAN_POINT('',(-0.0129579683870729,0.00708264372435381,0.00611570850430791));
#3074=CARTESIAN_POINT('',(-0.0107654979742969,0.00677992264665042,0.00813384902233054));
#3075=CARTESIAN_POINT('',(-0.0116354779892346,0.0069029340015076,0.00731377332328262));
#3076=CARTESIAN_POINT('',(-0.0123406746650088,0.00700039320423257,0.00666404530511616));
#3077=CARTESIAN_POINT('',(-0.0129579683870729,0.00708264372435381,0.00611570850430791));
#3078=CARTESIAN_POINT('',(-0.007,0.008,0.));
#3079=CARTESIAN_POINT('',(-0.007,0.00708264372435381,0.00611570850430791));
#3080=CARTESIAN_POINT('',(-0.013,0.00708264372435381,0.00611570850430791));
#3081=CARTESIAN_POINT('',(-0.013,0.008,0.));
#3082=CARTESIAN_POINT('',(-0.013,0.00663762236556308,0.0090825175629128));
#3083=CARTESIAN_POINT('',(-0.007,0.00663762236556308,0.0090825175629128));
#3084=CARTESIAN_POINT('',(-0.0118679419761754,0.00663762236556308,0.0090825175629128));
#3085=CARTESIAN_POINT('',(-0.0118679419761754,0.008,0.));
#3086=CARTESIAN_POINT('',(-0.0118679419761754,0.00559923919505136,0.0160050720329909));
#3087=CARTESIAN_POINT('',(-0.007,0.00559923919505136,0.0160050720329909));
#3088=CARTESIAN_POINT('',(-0.013,0.00559923919505136,0.0160050720329909));
#3089=CARTESIAN_POINT('',(-0.013,0.008,0.));
#3090=CARTESIAN_POINT('',(-0.013,0.00515421783626062,0.0189718810915958));
#3091=CARTESIAN_POINT('',(-0.007,0.00515421783626062,0.0189718810915958));
#3092=CARTESIAN_POINT('',(-0.0129579683870729,0.00515421783626062,0.0189718810915958));
#3093=CARTESIAN_POINT('',(-0.0129579683870729,0.00515421783626063,0.0189718810915958));
#3094=CARTESIAN_POINT('',(-0.0123511497666961,0.00523507261472548,0.0184328492351635));
#3095=CARTESIAN_POINT('',(-0.0116504958690694,0.0053318040968274,0.0177879726878173));
#3096=CARTESIAN_POINT('',(-0.0107654979742969,0.00545693891396402,0.0169537405735732));
#3097=CARTESIAN_POINT('',(-0.0232345020257031,0.00545693891396402,0.0169537405735732));
#3098=CARTESIAN_POINT('',(-0.0232345020257097,0.00343230353169888,0.015680031683488));
#3099=CARTESIAN_POINT('',(-0.0232345020257072,0.00417479547922961,0.0162518127105522));
#3100=CARTESIAN_POINT('',(-0.0232345020257051,0.00482965721973653,0.0166564786976254));
#3101=CARTESIAN_POINT('',(-0.0232345020257031,0.00545693891396402,0.0169537405735732));
#3102=CARTESIAN_POINT('',(-0.0232345020257097,0.00343230353169887,0.015680031683488));
#3103=CARTESIAN_POINT('',(-0.0232345020257031,0.00545693891396402,0.0169537405735732));
#3104=CARTESIAN_POINT('',(-0.0232345020257031,0.00545693891396402,0.0169537405735732));
#3105=CARTESIAN_POINT('',(-0.0232345020257031,0.00677992264665047,0.00813384902233022));
#3106=CARTESIAN_POINT('',(-0.0232345020257031,0.00677992264665047,0.00813384902233021));
#3107=CARTESIAN_POINT('',(-0.0232345020257051,0.00609303128342852,0.00823398493966303));
#3108=CARTESIAN_POINT('',(-0.0232345020257072,0.00534826145705398,0.00842870619170438));
#3109=CARTESIAN_POINT('',(-0.0232345020257097,0.00447068670221059,0.00875747721340993));
#3110=CARTESIAN_POINT('',(-0.0232345020257097,0.00447068670221059,0.00875747721340993));
#3111=CARTESIAN_POINT('',(-0.0232345020257097,0.00329000325061153,0.0166287002240704));
#3112=CARTESIAN_POINT('',(-0.017,0.0073327187357049,0.0177818750953007));
#3113=CARTESIAN_POINT('',(-0.017,0.00755522941510026,0.0162984705659983));
#3114=CARTESIAN_POINT('',(-0.0225740747107088,0.00259280916015057,0.0155541075277558));
#3115=CARTESIAN_POINT('',(-0.021,0.00380436281246964,0.0179709145835358));
#3116=CARTESIAN_POINT('',(-0.0214363631116405,0.00346843799412739,0.0173013259615898));
#3117=CARTESIAN_POINT('',(-0.0219431145478557,0.0030783939889928,0.016523276421101));
#3118=CARTESIAN_POINT('',(-0.0225740747107088,0.00259280916015057,0.0155541075277558));
#3119=CARTESIAN_POINT('',(-0.021,0.00380436281246963,0.0179709145835358));
#3120=CARTESIAN_POINT('',(-0.021,0.00507146353636499,0.0189594679466114));
#3121=CARTESIAN_POINT('',(-0.021,0.00468965934043137,0.0187101514546999));
#3122=CARTESIAN_POINT('',(-0.021,0.00427935697612421,0.0183945568857851));
#3123=CARTESIAN_POINT('',(-0.021,0.00380436281246963,0.0179709145835358));
#3124=CARTESIAN_POINT('',(-0.021,0.00507146353636504,0.0189594679466107));
#3125=CARTESIAN_POINT('',(-0.017,0.00711020805630954,0.0192652796246031));
#3126=CARTESIAN_POINT('',(-0.0210420316129271,0.00515421783626062,0.0189718810915958));
#3127=CARTESIAN_POINT('',(-0.0232345020257031,0.00545693891396401,0.0169537405735732));
#3128=CARTESIAN_POINT('',(-0.0223495041309306,0.0053318040968274,0.0177879726878173));
#3129=CARTESIAN_POINT('',(-0.0216488502333039,0.00523507261472547,0.0184328492351635));
#3130=CARTESIAN_POINT('',(-0.0210420316129271,0.00515421783626062,0.0189718810915958));
#3131=CARTESIAN_POINT('',(-0.021,0.008,0.));
#3132=CARTESIAN_POINT('',(-0.021,0.00515421783626062,0.0189718810915958));
#3133=CARTESIAN_POINT('',(-0.021,0.00515421783626063,0.0189718810915958));
#3134=CARTESIAN_POINT('',(-0.021,0.00559923919505137,0.0160050720329909));
#3135=CARTESIAN_POINT('',(-0.021,0.00559923919505137,0.0160050720329909));
#3136=CARTESIAN_POINT('',(-0.021,0.00559923919505136,0.0160050720329909));
#3137=CARTESIAN_POINT('',(-0.0221320580238246,0.00559923919505136,0.0160050720329909));
#3138=CARTESIAN_POINT('',(-0.0221320580238246,0.008,0.));
#3139=CARTESIAN_POINT('',(-0.0221320580238246,0.00663762236556308,0.0090825175629128));
#3140=CARTESIAN_POINT('',(-0.021,0.00663762236556308,0.0090825175629128));
#3141=CARTESIAN_POINT('',(-0.021,0.00663762236556308,0.0090825175629128));
#3142=CARTESIAN_POINT('',(-0.021,0.00708264372435381,0.00611570850430791));
#3143=CARTESIAN_POINT('',(-0.021,0.00708264372435381,0.00611570850430791));
#3144=CARTESIAN_POINT('',(-0.021,0.00708264372435381,0.00611570850430791));
#3145=CARTESIAN_POINT('',(-0.0210420316129271,0.00708264372435381,0.00611570850430791));
#3146=CARTESIAN_POINT('',(-0.0210420316129271,0.00708264372435381,0.00611570850430791));
#3147=CARTESIAN_POINT('',(-0.0216593253349825,0.00700039320423388,0.00666404530510744));
#3148=CARTESIAN_POINT('',(-0.0223645220107564,0.00690293400150898,0.00731377332327346));
#3149=CARTESIAN_POINT('',(-0.0232345020257031,0.00677992264665046,0.00813384902233022));
#3150=CARTESIAN_POINT('',(-0.013,0.0135,0.));
#3151=CARTESIAN_POINT('',(-0.013,0.00900033959444925,0.0165152370929006));
#3152=CARTESIAN_POINT('',(-0.013,0.00900033959444924,0.0165152370929006));
#3153=CARTESIAN_POINT('',(-0.013,0.0085221272942634,0.0197033190941395));
#3154=CARTESIAN_POINT('',(-0.013,-0.00267036442826408,0.0180244453357604));
#3155=CARTESIAN_POINT('',(-0.013,0.0026760391198044,0.0188264058679706));
#3156=CARTESIAN_POINT('',(-0.013,0.0055,0.));
#3157=CARTESIAN_POINT('',(-0.013,0.00292931951000054,0.0171378699333297));
#3158=CARTESIAN_POINT('',(-0.013,0.00292931951000056,0.0171378699333297));
#3159=CARTESIAN_POINT('',(-0.013,0.00381816577271543,0.0180320028851084));
#3160=CARTESIAN_POINT('',(-0.013,0.00447490693908557,0.0185699190635861));
#3161=CARTESIAN_POINT('',(-0.013,0.005071463536365,0.0189594679466114));
#3162=CARTESIAN_POINT('',(-0.013,0.00507146353636508,0.0189594679466107));
#3163=CARTESIAN_POINT('',(-0.013,0.005071463536365,0.0189594679466114));
#3164=CARTESIAN_POINT('',(-0.013,0.00559923919505137,0.0160050720329909));
#3165=CARTESIAN_POINT('',(-0.021,0.0135,0.));
#3166=CARTESIAN_POINT('',(-0.015,0.0135,-2.44303355051991E-19));
#3167=CARTESIAN_POINT('',(-0.015,0.0120165954706975,0.00988936352868297));
#3168=CARTESIAN_POINT('',(-0.015,0.0135,6.34862686669083E-19));
#3169=CARTESIAN_POINT('',(1.89272520215583E-7,0.0135,0.));
#3170=CARTESIAN_POINT('',(-0.019,0.0135,6.99379330121968E-19));
#3171=CARTESIAN_POINT('',(-0.019,0.0135,-8.1434451683997E-20));
#3172=CARTESIAN_POINT('',(-0.019,0.0120165954706975,0.00988936352868297));
#3173=CARTESIAN_POINT('',(-0.021,0.0120165954706975,0.00988936352868297));
#3174=CARTESIAN_POINT('',(-0.017,0.00211607947432463,0.0154825980748819));
#3175=CARTESIAN_POINT('',(-0.015,0.00900033959444923,0.0165152370929006));
#3176=CARTESIAN_POINT('',(-0.015,0.0109782123001858,0.0168119179987611));
#3177=CARTESIAN_POINT('',(-0.017,0.00755522941510027,0.0162984705659982));
#3178=CARTESIAN_POINT('',(-0.021,0.00900033959444925,0.0165152370929006));
#3179=CARTESIAN_POINT('',(-0.021,0.00900033959444925,0.0165152370929006));
#3180=CARTESIAN_POINT('',(-0.019,0.00900033959444926,0.0165152370929006));
#3181=CARTESIAN_POINT('',(-0.019,0.0109782123001858,0.0168119179987611));
#3182=CARTESIAN_POINT('',(-0.021,0.0109782123001858,0.0168119179987611));
#3183=CARTESIAN_POINT('',(-0.0170006749357474,0.00755522941510026,0.0162984705659983));
#3184=CARTESIAN_POINT('',(-0.0170006749357474,0.00622720532751318,0.0160992669528602));
#3185=CARTESIAN_POINT('',(-0.017,0.00711020805630953,0.00915340541652477));
#3186=CARTESIAN_POINT('',(-0.015,0.0100387227649609,0.00959268262282248));
#3187=CARTESIAN_POINT('',(-0.013,0.010038722764961,0.00959268262282249));
#3188=CARTESIAN_POINT('',(-0.019,0.010038722764961,0.00959268262282249));
#3189=CARTESIAN_POINT('',(-0.021,0.010038722764961,0.00959268262282249));
#3190=CARTESIAN_POINT('',(-0.021,0.00663762236556308,0.0090825175629128));
#3191=CARTESIAN_POINT('',(-0.017,0.00859361258561198,0.00937591609592013));
#3192=CARTESIAN_POINT('',(-0.013,0.010038722764961,0.00959268262282249));
#3193=CARTESIAN_POINT('',(-0.0170006749357474,0.00859361258561198,0.00937591609592014));
#3194=CARTESIAN_POINT('',(-0.0170006749357474,0.0072655884980249,0.00917671248278208));
#3195=CARTESIAN_POINT('',(-0.017,0.00807442100035612,0.0128371933309592));
#3196=CARTESIAN_POINT('',(-0.021,0.0065,0.));
#3197=CARTESIAN_POINT('',(-0.021,0.00852212729426341,0.0197033190941395));
#3198=CARTESIAN_POINT('',(-0.021,0.00852212729426341,0.0197033190941395));
#3199=CARTESIAN_POINT('',(-0.021,0.00515421783626063,0.0189718810915958));
#3200=CARTESIAN_POINT('',(-0.021,0.00380436281246963,0.0179709145835358));
#3201=CARTESIAN_POINT('',(-0.021,0.00365403422982886,0.0189731051344744));
#3202=CARTESIAN_POINT('',(-0.021,-0.00267036442826408,0.0180244453357604));
#3203=CARTESIAN_POINT('',(-0.021,0.0065,0.));
#3204=CARTESIAN_POINT('',(-0.021,0.010038722764961,0.00959268262282249));
#3205=CARTESIAN_POINT('',(-0.021,0.0114776251583843,4.33680868994202E-19));
#3206=CARTESIAN_POINT('',(-0.021,0.00343885692256833,0.));
#3207=CARTESIAN_POINT('',(-0.021,0.0065,-9.54309980671834E-20));
#3208=CARTESIAN_POINT('',(-0.021,0.0065,0.));
#3209=CARTESIAN_POINT('',(-0.021,0.00549851341807148,0.00667657721285683));
#3210=CARTESIAN_POINT('',(-0.021,0.00549851341807148,0.00667657721285684));
#3211=CARTESIAN_POINT('',(-0.021,0.00607689922310623,0.00641094190591041));
#3212=CARTESIAN_POINT('',(-0.021,0.00656173925419141,0.00622961869630457));
#3213=CARTESIAN_POINT('',(-0.021,0.00699988942445817,0.00610329535932356));
#3214=CARTESIAN_POINT('',(-0.021,0.00699988942445818,0.00610329535932352));
#3215=CARTESIAN_POINT('',(-0.021,0.00699988942445817,0.00610329535932356));
#3216=CARTESIAN_POINT('',(-0.017,0.00562680352700708,0.0190427689452077));
#3217=CARTESIAN_POINT('',(-0.017,0.0073327187357049,0.0177818750953007));
#3218=CARTESIAN_POINT('',(-0.017,0.00711020805630953,0.0192652796246032));
#3219=CARTESIAN_POINT('',(-0.0109629809490109,0.00315425141999024,0.0156383238667317));
#3220=CARTESIAN_POINT('',(-0.0117807577622208,0.00305660514593234,0.0162892990271177));
#3221=CARTESIAN_POINT('',(-0.0124303443846808,0.00298580849465368,0.0167612767023087));
#3222=CARTESIAN_POINT('',(-0.013,0.00292931951000054,0.0171378699333297));
#3223=CARTESIAN_POINT('',(-0.0109629809490109,0.00315425141999025,0.0156383238667317));
#3224=CARTESIAN_POINT('',(-0.017,0.00755522941510027,0.0162984705659982));
#3225=CARTESIAN_POINT('',(-0.017,0.00807442100035612,0.0128371933309592));
#3226=CARTESIAN_POINT('',(-0.017,0.00859361258561197,0.00937591609592014));
#3227=CARTESIAN_POINT('',(-0.0225740747107088,0.00363119233066228,0.00863155305767769));
#3228=CARTESIAN_POINT('',(-0.0225740747107088,0.00259280916015057,0.0155541075277558));
#3229=CARTESIAN_POINT('',(-0.017,0.00807442100035612,0.0128371933309592));
#3230=CARTESIAN_POINT('',(-0.0109629809490109,0.0055,0.));
#3231=CARTESIAN_POINT('',(-0.017,0.00458842035649537,0.00574157499912914));
#3232=CARTESIAN_POINT('',(-0.017,0.00903863394440271,0.00640910703731524));
#3233=CARTESIAN_POINT('',(-0.017,0.00458842035649537,0.00574157499912914));
#3234=CARTESIAN_POINT('',(-0.013,0.00708264372435381,0.00611570850430791));
#3235=CARTESIAN_POINT('',(-0.017,0.00881612326500734,0.00789251156661769));
#3236=CARTESIAN_POINT('',(-0.0225740747107088,0.00363119233066228,0.00863155305767768));
#3237=CARTESIAN_POINT('',(-0.0219500926547283,0.0043714806284724,0.00785617811208701));
#3238=CARTESIAN_POINT('',(-0.0214412430411281,0.00497512787276847,0.0072241939073985));
#3239=CARTESIAN_POINT('',(-0.021,0.00549851341807149,0.00667657721285683));
#3240=CARTESIAN_POINT('',(-0.013,0.0135,0.));
#3241=CARTESIAN_POINT('',(-0.013,0.0114776251583843,3.33066907387547E-19));
#3242=CARTESIAN_POINT('',(-0.013,0.0114776251583843,0.));
#3243=CARTESIAN_POINT('',(-0.013,0.0055,0.));
#3244=CARTESIAN_POINT('',(-0.013,0.0055,0.));
#3245=CARTESIAN_POINT('',(-0.013,0.00343885692256833,0.));
#3246=CARTESIAN_POINT('',(-0.015,0.0115221272942634,-0.000296680905860489));
#3247=CARTESIAN_POINT('',(-0.015,0.0135,0.));
#3248=CARTESIAN_POINT('',(-0.0144897554235132,0.0135,0.));
#3249=CARTESIAN_POINT('',(-0.0134266951634972,0.013068531218152,0.));
#3250=CARTESIAN_POINT('',(-0.013,0.0119935780556632,0.));
#3251=CARTESIAN_POINT('',(-0.013,0.0114776251583843,0.));
#3252=CARTESIAN_POINT('',(-0.0260000000000722,0.0015,0.));
#3253=CARTESIAN_POINT('',(-0.0254063250967888,0.00209367490327481,0.));
#3254=CARTESIAN_POINT('',(-0.0254063250967888,0.00209367490327481,3.08462386475331E-19));
#3255=CARTESIAN_POINT('',(-0.0254063250967888,0.00209367490327482,1.0435445910173E-18));
#3256=CARTESIAN_POINT('',(-0.0254063250967888,-0.000583778760904655,0.0178496910945299));
#3257=CARTESIAN_POINT('',(-0.0254063250967888,-0.000583778760904652,0.0178496910945299));
#3258=CARTESIAN_POINT('',(-0.024954496013374,-0.000171968336293901,0.0181164821531798));
#3259=CARTESIAN_POINT('',(-0.0244817446472416,0.0002663274099776,0.0183461862855408));
#3260=CARTESIAN_POINT('',(-0.0240000000000433,0.00072004889975552,0.0185330073349633));
#3261=CARTESIAN_POINT('',(-0.0240000000000433,0.000720048899755524,0.0185330073349633));
#3262=CARTESIAN_POINT('',(-0.021,0.00365403422982886,0.0189731051344744));
#3263=CARTESIAN_POINT('',(-0.019,0.011445110179349,0.000216766526902347));
#3264=CARTESIAN_POINT('',(-0.021,0.0114776251583843,0.));
#3265=CARTESIAN_POINT('',(-0.021,0.0119935780556632,0.));
#3266=CARTESIAN_POINT('',(-0.0205733048365028,0.0130685312181521,0.));
#3267=CARTESIAN_POINT('',(-0.0195102445764868,0.0135,0.));
#3268=CARTESIAN_POINT('',(-0.019,0.0135,0.));
#3269=CARTESIAN_POINT('',(-0.003,0.00415944364910685,0.019048916547366));
#3270=CARTESIAN_POINT('',(-0.003,-0.00267036442826408,0.0180244453357604));
#3271=CARTESIAN_POINT('',(-0.003,0.00415944364910684,0.019048916547366));
#3272=CARTESIAN_POINT('',(-0.003,0.0026760391198044,0.0188264058679706));
#3273=CARTESIAN_POINT('',(-0.003,0.00415944364910685,0.019048916547366));
#3274=CARTESIAN_POINT('',(-0.003,0.00504948636668832,0.0131152984301562));
#3275=CARTESIAN_POINT('',(-0.003,0.00504948636668832,0.0131152984301562));
#3276=CARTESIAN_POINT('',(-0.003,0.00356608183738587,0.0128927877507609));
#3277=CARTESIAN_POINT('',(-0.003,0.0026760391198044,0.0188264058679706));
#3278=CARTESIAN_POINT('',(-0.0229999999999266,-0.00247451226991246,0.0180538231595131));
#3279=CARTESIAN_POINT('',(-0.0229999999999317,-0.00330022623631689,0.0179299660645524));
#3280=CARTESIAN_POINT('',(-0.0229999999999317,-0.000835731326634022,0.0015));
#3281=CARTESIAN_POINT('',(-0.0229999999999436,-0.00293627261941765,0.0155036086185472));
#3282=CARTESIAN_POINT('',(-0.0229999999999555,0.00376597141725935,0.0111355512845789));
#3283=CARTESIAN_POINT('',(-0.0229999999999477,-0.00396143519305359,0.0132061036453991));
#3284=CARTESIAN_POINT('',(-0.0229999999999399,-0.00396143519305359,0.0132061036453991));
#3285=CARTESIAN_POINT('',(-0.0230000000001596,-0.0075,0.));
#3286=CARTESIAN_POINT('',(-0.0230000000003462,0.00343885692256833,0.));
#3287=CARTESIAN_POINT('',(-0.0230000000002515,-0.00650000000006573,0.));
#3288=CARTESIAN_POINT('',(-0.0229999999999671,-0.00905990220049479,0.0170660146699258));
#3289=CARTESIAN_POINT('',(-0.0229999999995485,-0.00672500000006145,0.00149999999999078));
#3290=CARTESIAN_POINT('',(-0.0229999999999671,-0.0067250000001229,0.00149999999998156));
#3291=CARTESIAN_POINT('',(-0.012,0.00350000000000026,-1.73718678331269E-15));
#3292=CARTESIAN_POINT('',(-0.012,0.00342500000000017,0.000499999999998842));
#3293=CARTESIAN_POINT('',(-0.012,0.00335000000000009,0.000999999999999421));
#3294=CARTESIAN_POINT('',(-0.012,0.003275,0.0015));
#3295=CARTESIAN_POINT('',(-0.0121795175516467,0.00213740602616227,-1.73718678331269E-15));
#3296=CARTESIAN_POINT('',(-0.0121795175516385,0.00206240602617772,0.000499999999998842));
#3297=CARTESIAN_POINT('',(-0.0121795175516469,0.00198740602620814,0.000999999999999421));
#3298=CARTESIAN_POINT('',(-0.0121795175516386,0.00191240602622358,0.0015));
#3299=CARTESIAN_POINT('',(-0.012359600038387,0.000774941256593965,-1.73718678331269E-15));
#3300=CARTESIAN_POINT('',(-0.0123596000383903,0.00069994125664239,0.000499999999998842));
#3301=CARTESIAN_POINT('',(-0.0123596000383652,0.000624941256652311,0.000999999999999421));
#3302=CARTESIAN_POINT('',(-0.0123596000383685,0.000549941256700736,0.0015));
#3303=CARTESIAN_POINT('',(-0.0126499338104773,-0.00144151808009052,-1.73718678331269E-15));
#3304=CARTESIAN_POINT('',(-0.0126499338104572,-0.00151651808002412,0.000499999999998843));
#3305=CARTESIAN_POINT('',(-0.0126499338104402,-0.00159151807997623,0.00099999999999942));
#3306=CARTESIAN_POINT('',(-0.01264993381042,-0.00166651807990984,0.0015));
#3307=CARTESIAN_POINT('',(-0.0133798652432708,-0.00308064142822309,-1.73718678331269E-15));
#3308=CARTESIAN_POINT('',(-0.0133798652432103,-0.00315564142811929,0.000499999999998841));
#3309=CARTESIAN_POINT('',(-0.0133798652431287,-0.00323064142808272,0.000999999999999422));
#3310=CARTESIAN_POINT('',(-0.0133798652430683,-0.00330564142797892,0.0015));
#3311=CARTESIAN_POINT('',(-0.0148810695814129,-0.00406350268058394,-1.73718678331269E-15));
#3312=CARTESIAN_POINT('',(-0.0148810695812949,-0.00413850268053759,0.000499999999998843));
#3313=CARTESIAN_POINT('',(-0.0148810695811644,-0.00421350268054706,0.00099999999999942));
#3314=CARTESIAN_POINT('',(-0.0148810695810464,-0.00428850268050071,0.0015));
#3315=CARTESIAN_POINT('',(-0.0181377030764176,-0.00503884310551295,-1.73718678331269E-15));
#3316=CARTESIAN_POINT('',(-0.0181377030761924,-0.00511384310564091,0.000499999999998841));
#3317=CARTESIAN_POINT('',(-0.0181377030760823,-0.00518884310539029,0.000999999999999423));
#3318=CARTESIAN_POINT('',(-0.0181377030758571,-0.00526384310551825,0.0015));
#3319=CARTESIAN_POINT('',(-0.0205686416919774,-0.00576997177432699,-1.73718678331269E-15));
#3320=CARTESIAN_POINT('',(-0.0205686416917657,-0.00584497177428141,0.000499999999998843));
#3321=CARTESIAN_POINT('',(-0.0205686416914985,-0.00591997177441528,0.00099999999999942));
#3322=CARTESIAN_POINT('',(-0.0205686416912868,-0.00599497177436969,0.0015));
#3323=CARTESIAN_POINT('',(-0.0230000000007647,-0.00650000000025106,-1.73718678331269E-15));
#3324=CARTESIAN_POINT('',(-0.0230000000004989,-0.00657500000025115,0.000499999999998842));
#3325=CARTESIAN_POINT('',(-0.023000000000233,-0.00665000000025123,0.000999999999999421));
#3326=CARTESIAN_POINT('',(-0.0229999999999671,-0.00672500000025132,0.0015));
#3327=CARTESIAN_POINT('',(-0.012,0.00350000000000013,0.));
#3328=CARTESIAN_POINT('',(-0.0120920063011836,0.00280164359753222,0.));
#3329=CARTESIAN_POINT('',(-0.0122260512192956,0.00175352581060018,0.));
#3330=CARTESIAN_POINT('',(-0.0124211036623886,0.000358530043129262,0.));
#3331=CARTESIAN_POINT('',(-0.0125250934684188,-0.000694114466516435,0.));
#3332=CARTESIAN_POINT('',(-0.0127948214304144,-0.00172172037890839,0.));
#3333=CARTESIAN_POINT('',(-0.0134867280314034,-0.00296036549043892,0.));
#3334=CARTESIAN_POINT('',(-0.0145763454857199,-0.0039237698645309,0.));
#3335=CARTESIAN_POINT('',(-0.0159146043292603,-0.00438194395436409,0.));
#3336=CARTESIAN_POINT('',(-0.017266794974405,-0.00477311613821304,0.));
#3337=CARTESIAN_POINT('',(-0.0189520261216602,-0.00528585333622614,0.));
#3338=CARTESIAN_POINT('',(-0.0209762529418155,-0.00589166585313858,0.));
#3339=CARTESIAN_POINT('',(-0.0223253631112123,-0.00629743669650324,0.));
#3340=CARTESIAN_POINT('',(-0.0230000000003462,-0.00650000000012553,0.));
#3341=CARTESIAN_POINT('',(-0.012,0.00350000000000007,0.));
#3342=CARTESIAN_POINT('',(-0.012,0.0035,0.));
#3343=CARTESIAN_POINT('',(-0.012,0.003275,0.0015));
#3344=CARTESIAN_POINT('',(-0.0229999999991301,-0.006725,0.0015));
#3345=CARTESIAN_POINT('',(-0.0223253631099446,-0.00652243669636506,0.0015));
#3346=CARTESIAN_POINT('',(-0.0209762529405133,-0.00611666585298086,0.0015));
#3347=CARTESIAN_POINT('',(-0.0189520261204523,-0.00551085333605903,0.0015));
#3348=CARTESIAN_POINT('',(-0.017266794973363,-0.00499811613801596,0.0015));
#3349=CARTESIAN_POINT('',(-0.0159146043283522,-0.00460694395419266,0.0015));
#3350=CARTESIAN_POINT('',(-0.0145763454850186,-0.00414876986418671,0.0015));
#3351=CARTESIAN_POINT('',(-0.0134867280309854,-0.00318536548995247,0.0015));
#3352=CARTESIAN_POINT('',(-0.0127948214302244,-0.00194672037846138,0.0015));
#3353=CARTESIAN_POINT('',(-0.0125250934683626,-0.000919114466141466,0.0015));
#3354=CARTESIAN_POINT('',(-0.0124211036623361,0.000133530043411788,0.0015));
#3355=CARTESIAN_POINT('',(-0.0122260512192748,0.00152852581076317,0.0015));
#3356=CARTESIAN_POINT('',(-0.0120920063011747,0.00257664359759969,0.0015));
#3357=CARTESIAN_POINT('',(-0.012,0.003275,0.0015));
#3358=CARTESIAN_POINT('',(0.,-0.0075,0.));
#3359=CARTESIAN_POINT('',(0.,-0.0039614351930536,0.0132061036453991));
#3360=CARTESIAN_POINT('',(-0.0259999999907306,-0.00396143519305359,0.0132061036453991));
#3361=CARTESIAN_POINT('',(-0.0259999999925314,-0.0075,0.));
#3362=CARTESIAN_POINT('',(-0.0259999999963018,-0.0075,0.));
#3363=CARTESIAN_POINT('',(1.89272520215583E-7,-0.0075,0.));
#3364=CARTESIAN_POINT('',(-0.0260000000000722,-0.0075,0.));
#3365=CARTESIAN_POINT('',(-0.0259999999889298,0.00376597141725935,0.0111355512845789));
#3366=CARTESIAN_POINT('',(-0.0259999999889298,-0.00186675687203722,0.0168164290353288));
#3367=CARTESIAN_POINT('',(-0.0259999999889299,-0.00186675687203721,0.0168164290353287));
#3368=CARTESIAN_POINT('',(-0.0259999999945005,0.000655707483262115,0.));
#3369=CARTESIAN_POINT('',(-0.0260000000000722,0.00343885692256833,0.));
#3370=CARTESIAN_POINT('',(-0.0239999999889298,0.000575264039577727,0.000536289605936657));
#3371=CARTESIAN_POINT('',(-0.0254063250967888,-0.000583778760904658,0.0178496910945299));
#3372=CARTESIAN_POINT('',(-0.0258152608342293,-0.000956494918087653,0.0176082272261862));
#3373=CARTESIAN_POINT('',(-0.0259999999882587,-0.0014391379881417,0.0172404235463949));
#3374=CARTESIAN_POINT('',(-0.0259999999889298,-0.00186675687203723,0.0168164290353288));
#3375=CARTESIAN_POINT('',(-0.025999999994501,0.000655707483262115,0.));
#3376=CARTESIAN_POINT('',(-0.0259999999903639,0.00117512278496861,0.));
#3377=CARTESIAN_POINT('',(-0.0257715584868921,0.0017284415131768,0.));
#3378=CARTESIAN_POINT('',(-0.0254063250967888,0.00209367490327481,0.));
#3379=CARTESIAN_POINT('',(0.,0.00376597141725935,0.0111355512845789));
#3380=CARTESIAN_POINT('',(-0.0229999999999366,-0.00293627261941477,0.0155036086185426));
#3381=CARTESIAN_POINT('',(-0.0229999999999337,-0.0025639418569559,0.0160749041491568));
#3382=CARTESIAN_POINT('',(-0.0228443096815276,-0.00210073882610773,0.0165999356568397));
#3383=CARTESIAN_POINT('',(-0.0224063251078122,-0.00171693777379765,0.0169611591329184));
#3384=CARTESIAN_POINT('',(-0.0224063251078113,-0.00171693777379793,0.0169611591329176));
#3385=CARTESIAN_POINT('',(-0.0197335612039895,0.000720048899755513,0.0185330073349633));
#3386=CARTESIAN_POINT('',(-0.0206826058625188,-0.000173789690564999,0.0181649668801465));
#3387=CARTESIAN_POINT('',(-0.0216030383508926,-0.00101302644651827,0.0176236619972551));
#3388=CARTESIAN_POINT('',(-0.0224063251078112,-0.00171693777379793,0.0169611591329176));
#3389=CARTESIAN_POINT('',(-0.0197335612039895,0.000720048899755516,0.0185330073349633));
#3390=CARTESIAN_POINT('',(0.,0.000720048899755534,0.0185330073349633));
#3391=CARTESIAN_POINT('',(0.012,0.0035,0.));
#3392=CARTESIAN_POINT('',(-0.0175000002086163,0.000720048899755525,0.0185330073349633));
#3393=CARTESIAN_POINT('',(-0.0175000002086163,0.000720048899755512,0.0185330073349633));
#3394=CARTESIAN_POINT('',(-0.0175000002086163,0.0017,0.012));
#3395=CARTESIAN_POINT('',(0.012,0.000720048899755498,0.0185330073349633));
#3396=CARTESIAN_POINT('',(-0.0197335612039895,0.0035,0.));
#3397=CARTESIAN_POINT('',(-0.0197335612039895,0.0017,0.012));
#3398=CARTESIAN_POINT('',(-0.017,0.0017,0.012));
#3399=CARTESIAN_POINT('',(-0.0140000002086163,0.0035,0.));
#3400=CARTESIAN_POINT('',(-0.0140000002086163,0.0035,0.0015));
#3401=CARTESIAN_POINT('',(-0.0140000001043081,1.83697019872103E-19,0.0015));
#3402=CARTESIAN_POINT('',(-0.0140000002086163,0.003275,0.0015));
#3403=CARTESIAN_POINT('',(-0.0140000002086163,0.003275,0.0015));
#3404=CARTESIAN_POINT('',(-0.0140000002086163,0.0017,0.012));
#3405=CARTESIAN_POINT('',(-0.0140000002086163,0.0035,0.012));
#3406=CARTESIAN_POINT('',(-0.0140000001043081,1.83697019872103E-19,0.012));
#3407=CARTESIAN_POINT('',(-0.014,3.67394039744206E-19,0.));
#3408=CARTESIAN_POINT('',(-0.02,1.71635661783295E-20,0.));
#3409=CARTESIAN_POINT('',(-0.02,1.71635661783295E-20,0.0015));
#3410=CARTESIAN_POINT('',(-0.02,0.00300856120398568,0.0015));
#3411=CARTESIAN_POINT('',(-0.02,4.29089154458238E-21,0.0015));
#3412=CARTESIAN_POINT('',(-0.02,8.58178308916475E-21,0.));
#3413=CARTESIAN_POINT('',(-0.02,4.29089154458238E-21,0.012));
#3414=CARTESIAN_POINT('',(-0.02,1.71635661783295E-20,0.012));
#3415=CARTESIAN_POINT('',(-0.02,0.00143356120398566,0.012));
#3416=CARTESIAN_POINT('',(-0.02,0.00143356120398566,0.012));
#3417=CARTESIAN_POINT('',(-0.017,0.,0.));
#3418=CARTESIAN_POINT('',(-0.017,0.,0.0015));
#3419=CARTESIAN_POINT('',(-0.017,0.,0.012));
#3420=CARTESIAN_POINT('',(-0.0170006749357474,0.00931165959354019,0.00458893604306531));
#3421=CARTESIAN_POINT('',(-0.0170006749357474,0.01,0.));
#3422=CARTESIAN_POINT('',(-0.0170006749357474,0.00864209537044221,0.));
#3423=CARTESIAN_POINT('',(-0.0170006749357474,0.00731612326500735,0.0178925115666177));
#3424=CARTESIAN_POINT('',(-0.0170006749357474,0.00707701711491442,0.0194865525672372));
#3425=CARTESIAN_POINT('',(-0.0170006749357474,0.00574899302732734,0.0192873489540991));
#3426=CARTESIAN_POINT('',(-0.021,0.0135,0.));
#3427=CARTESIAN_POINT('',(-0.015,0.0135,-2.44303355051991E-19));
#3428=CARTESIAN_POINT('',(-0.015,0.0105,0.02));
#3429=CARTESIAN_POINT('',(-0.019,0.0134229828850856,0.000513447432762837));
#3430=CARTESIAN_POINT('',(-0.019,0.0105,0.02));
#3431=CARTESIAN_POINT('',(-0.021,0.0105,0.02));
#3432=CARTESIAN_POINT('',(-0.019,0.011445110179349,0.000216766526902347));
#3433=CARTESIAN_POINT('',(-0.019,0.00852212729426342,0.0197033190941395));
#3434=CARTESIAN_POINT('',(-0.015,0.0115221272942634,-0.000296680905860489));
#3435=CARTESIAN_POINT('',(-0.015,0.00852212729426339,0.0197033190941395));
#3436=CARTESIAN_POINT('',(-0.017,0.00025,0.012));
#3437=CARTESIAN_POINT('',(-0.0175000002086163,0.0007,0.012));
#3438=CARTESIAN_POINT('',(-0.0175000002086163,-0.000299999999999995,0.012));
#3439=CARTESIAN_POINT('',(-0.0197335612039895,0.00170000000000003,0.012));
#3440=CARTESIAN_POINT('',(-0.017,0.0017,0.012));
#3441=CARTESIAN_POINT('',(-0.0155000002086163,0.0017,0.012));
#3442=CARTESIAN_POINT('',(-0.0155000002086163,0.0007,0.012));
#3443=CARTESIAN_POINT('',(-0.0155000002086163,-0.0003,0.012));
#3444=CARTESIAN_POINT('',(-0.0155000002086163,-0.000299999999999993,0.012));
#3445=CARTESIAN_POINT('',(-0.0175000002086163,0.0007,0.0152665036674817));
#3446=CARTESIAN_POINT('',(-0.0175000002086163,0.000720048899755525,0.0185330073349633));
#3447=CARTESIAN_POINT('',(-0.0155000002086163,0.0007,0.0152665036674817));
#3448=CARTESIAN_POINT('',(-0.0155000002086163,0.0017,0.012));
#3449=CARTESIAN_POINT('',(-0.0155000002086163,0.000720048899755524,0.0185330073349633));
#3450=CARTESIAN_POINT('',(-0.0155000002086163,0.000720048899755527,0.0185330073349633));
#3451=CARTESIAN_POINT('',(-0.0155000002086163,0.000720048899755527,0.0185330073349633));
#3452=CARTESIAN_POINT('',(-0.0155000002086163,0.000720048899755527,0.0185330073349633));
#3453=CARTESIAN_POINT('',(1.89272520215583E-7,0.00343885692256833,0.));
#3454=CARTESIAN_POINT('',(-0.017,-1.53080849893419E-19,0.));
#3455=CARTESIAN_POINT('',(-0.0195,-1.53080849893419E-19,0.));
#3456=CARTESIAN_POINT('',(-0.00787523917700679,0.00350000007206072,0.));
#3457=CARTESIAN_POINT('',(-0.00787523917700679,0.0035,1.6035010400392E-24));
#3458=CARTESIAN_POINT('',(-0.00787523917700674,0.0055,-4.45041619613445E-17));
#3459=CARTESIAN_POINT('',(1.89272520215583E-7,0.0035,0.));
#3460=CARTESIAN_POINT('',(1.89272520215583E-7,0.0055,0.));
#3461=CARTESIAN_POINT('',(0.00206851151084777,0.00430397681514273,-0.0105644288703333));
#3462=CARTESIAN_POINT('',(0.00206851151084777,0.00708466433055002,-0.0105644288703334));
#3463=CARTESIAN_POINT('',(0.00206851151084777,0.00508466433055001,-0.0105644288703333));
#3464=CARTESIAN_POINT('',(-0.0197335612039895,0.000720048899755519,0.0185330073349633));
#3465=CARTESIAN_POINT('',(-0.0224063251078113,-0.00189390112846972,0.0181409148307295));
#3466=CARTESIAN_POINT('',(-0.0224063251078112,0.00060223609613974,0.0015));
#3467=CARTESIAN_POINT('',(-0.0224063251078112,0.000602236096139753,0.0015));
#3468=CARTESIAN_POINT('',(-7.21822601690292E-14,0.0021069176198633,0.0015));
#3469=CARTESIAN_POINT('',(-0.0224063251078112,0.000602236096139735,0.0015));
#3470=CARTESIAN_POINT('',(-0.0227715584985046,0.000237002705441074,0.0015));
#3471=CARTESIAN_POINT('',(-0.0229999999999285,-0.000316316024080869,0.0015));
#3472=CARTESIAN_POINT('',(-0.0229999999999317,-0.000835731326634019,0.0015));
#3473=CARTESIAN_POINT('',(-0.012,0.003275,0.0015));
#3474=CARTESIAN_POINT('',(-0.0209999999999317,-0.00330022623632895,0.0179299660645506));
#3475=CARTESIAN_POINT('',(-0.017,0.00562680352700708,0.0190427689452077));
#3476=CARTESIAN_POINT('',(0.004,0.00415944364910685,0.00893704233928769));
#3477=CARTESIAN_POINT('',(0.013,0.00415944364910684,0.00893704233928769));
#3478=CARTESIAN_POINT('',(0.002,0.00415944364910684,0.00893704233928769));
#3479=CARTESIAN_POINT('',(0.002,0.00415944364910684,0.00893704233928769));
#3480=CARTESIAN_POINT('',(0.002,0.00220345342905794,0.00864364380628035));
#3481=CARTESIAN_POINT('',(0.004,0.00220345342905795,0.00864364380628035));
#3482=CARTESIAN_POINT('',(0.013,0.0055,0.));
#3483=CARTESIAN_POINT('',(0.013,0.00356608183738586,0.0128927877507609));
#3484=CARTESIAN_POINT('',(0.003,0.00356608183738587,0.0128927877507609));
#3485=CARTESIAN_POINT('',(0.003,0.0055,0.));
#3486=CARTESIAN_POINT('',(0.003,0.00267603911980439,0.0188264058679706));
#3487=CARTESIAN_POINT('',(0.013,0.00267603911980439,0.0188264058679707));
#3488=CARTESIAN_POINT('',(0.013,0.00267603911980439,0.0188264058679707));
#3489=CARTESIAN_POINT('',(0.013,0.00292931951000055,0.0171378699333297));
#3490=CARTESIAN_POINT('',(0.013,0.00292931951000054,0.0171378699333297));
#3491=CARTESIAN_POINT('',(0.013,0.00292931951000054,0.0171378699333297));
#3492=CARTESIAN_POINT('',(0.0124303443846807,0.00298580849465368,0.0167612767023087));
#3493=CARTESIAN_POINT('',(0.0117807577622208,0.00305660514593234,0.0162892990271177));
#3494=CARTESIAN_POINT('',(0.0109629809490109,0.00315425141999024,0.0156383238667317));
#3495=CARTESIAN_POINT('',(0.0109629809490109,0.00315425141999025,0.0156383238667317));
#3496=CARTESIAN_POINT('',(0.0109629809490109,0.00367344300524612,0.0121770466316927));
#3497=CARTESIAN_POINT('',(0.0109629809490109,0.00419263459050195,0.00871576939665363));
#3498=CARTESIAN_POINT('',(0.0109629809490109,0.00419263459050195,0.00871576939665365));
#3499=CARTESIAN_POINT('',(0.0117807577622351,0.00429028086456173,0.00806479423625509));
#3500=CARTESIAN_POINT('',(0.0124303443846927,0.00436107751584007,0.00759281656106618));
#3501=CARTESIAN_POINT('',(0.013,0.00441756650049165,0.00721622333005568));
#3502=CARTESIAN_POINT('',(0.013,0.00441756650049165,0.00721622333005567));
#3503=CARTESIAN_POINT('',(0.013,0.0055,0.));
#3504=CARTESIAN_POINT('',(0.013,0.0055,2.4796790537777E-19));
#3505=CARTESIAN_POINT('',(0.013,0.0055,0.));
#3506=CARTESIAN_POINT('',(0.00787523917701844,0.00549999999999559,2.9423439244891E-14));
#3507=CARTESIAN_POINT('',(-0.00206851151084759,0.00708466433054999,-0.0105644288703332));
#3508=CARTESIAN_POINT('',(0.00400000008442677,0.00510795352450875,0.00261364260009965));
#3509=CARTESIAN_POINT('',(0.004,0.0055,0.));
#3510=CARTESIAN_POINT('',(0.004,0.00445612455496733,0.00695916963355109));
#3511=CARTESIAN_POINT('',(0.002,0.00445612455496734,0.00695916963355109));
#3512=CARTESIAN_POINT('',(0.,0.0026760391198044,0.0188264058679706));
#3513=CARTESIAN_POINT('',(0.,0.00504948636668832,0.0131152984301562));
#3514=CARTESIAN_POINT('',(0.,0.00504948636668832,0.0131152984301562));
#3515=CARTESIAN_POINT('',(0.003,0.00504948636668832,0.0131152984301562));
#3516=CARTESIAN_POINT('',(0.003,0.00504948636668832,0.0131152984301562));
#3517=CARTESIAN_POINT('',(0.,0.00504948636668832,0.0131152984301562));
#3518=CARTESIAN_POINT('',(0.,0.00633510362541711,0.0133081410189655));
#3519=CARTESIAN_POINT('',(0.,0.00415944364910685,0.019048916547366));
#3520=CARTESIAN_POINT('',(0.,0.00415944364910685,0.019048916547366));
#3521=CARTESIAN_POINT('',(0.003,0.00415944364910685,0.019048916547366));
#3522=CARTESIAN_POINT('',(0.003,0.00415944364910685,0.019048916547366));
#3523=CARTESIAN_POINT('',(0.002,0.00445612455496734,0.00695916963355109));
#3524=CARTESIAN_POINT('',(0.004,0.00445612455496734,0.0069591696335511));
#3525=CARTESIAN_POINT('',(0.004,0.00250013433491843,0.00666577110054375));
#3526=CARTESIAN_POINT('',(0.002,0.00250013433491843,0.00666577110054375));
#3527=CARTESIAN_POINT('',(0.004,0.00510795363028675,0.00261364246475499));
#3528=CARTESIAN_POINT('',(0.004,0.00510795352450875,0.00261352632541865));
#3529=CARTESIAN_POINT('',(0.004,0.00310797105118718,0.00261352632541876));
#3530=CARTESIAN_POINT('',(0.004,0.0035,0.));
#3531=CARTESIAN_POINT('',(0.0107654979742969,0.00677992264665042,0.00813384902233052));
#3532=CARTESIAN_POINT('',(0.0107654979742969,0.00677992264665042,0.00813384902233052));
#3533=CARTESIAN_POINT('',(0.0107654979742969,0.00609303128342985,0.00823398493965974));
#3534=CARTESIAN_POINT('',(0.0107654979742969,0.00534826145705283,0.00842870619170017));
#3535=CARTESIAN_POINT('',(0.0107654979742969,0.00447068670220081,0.00875747721340846));
#3536=CARTESIAN_POINT('',(0.0107654979742969,0.00447068670220082,0.00875747721340846));
#3537=CARTESIAN_POINT('',(0.0107654979742969,0.00677992264665042,0.00813384902233053));
#3538=CARTESIAN_POINT('',(0.0107654979742969,0.00395149511694495,0.0122187544484475));
#3539=CARTESIAN_POINT('',(0.0107654979742969,0.00343230353168907,0.0156800316834865));
#3540=CARTESIAN_POINT('',(0.0107654979742969,0.00343230353168909,0.0156800316834865));
#3541=CARTESIAN_POINT('',(0.0107654979742969,0.00417479547922402,0.0162518127105524));
#3542=CARTESIAN_POINT('',(0.0107654979742969,0.00482965721973402,0.0166564786976259));
#3543=CARTESIAN_POINT('',(0.0107654979742969,0.00545693891396402,0.0169537405735732));
#3544=CARTESIAN_POINT('',(0.0107654979742969,0.00545693891396401,0.0169537405735732));
#3545=CARTESIAN_POINT('',(0.0107654979742969,0.008,0.));
#3546=CARTESIAN_POINT('',(0.017,0.00881612326500734,0.00789251156661769));
#3547=CARTESIAN_POINT('',(0.0129579683870729,0.00708264372435381,0.00611570850430791));
#3548=CARTESIAN_POINT('',(0.0123406746650088,0.00700039320423257,0.00666404530511616));
#3549=CARTESIAN_POINT('',(0.0116354779892346,0.0069029340015076,0.00731377332328262));
#3550=CARTESIAN_POINT('',(0.0107654979742969,0.00677992264665042,0.00813384902233054));
#3551=CARTESIAN_POINT('',(0.0129579683870729,0.00708264372435381,0.00611570850430791));
#3552=CARTESIAN_POINT('',(0.017,0.00903863394440271,0.00640910703731524));
#3553=CARTESIAN_POINT('',(0.013,0.00699988942445817,0.00610329535932356));
#3554=CARTESIAN_POINT('',(0.013,0.00441756650049165,0.00721622333005567));
#3555=CARTESIAN_POINT('',(0.013,0.00552963213113944,0.00662222716228141));
#3556=CARTESIAN_POINT('',(0.013,0.00631529408093911,0.0063006714512291));
#3557=CARTESIAN_POINT('',(0.013,0.00699988942445818,0.00610329535932356));
#3558=CARTESIAN_POINT('',(0.017,0.00859361258561198,0.00937591609592014));
#3559=CARTESIAN_POINT('',(0.007,0.008,0.));
#3560=CARTESIAN_POINT('',(0.0107654979742969,0.00545693891396402,0.0169537405735732));
#3561=CARTESIAN_POINT('',(0.0116504958690694,0.0053318040968274,0.0177879726878173));
#3562=CARTESIAN_POINT('',(0.0123511497666961,0.00523507261472548,0.0184328492351635));
#3563=CARTESIAN_POINT('',(0.0129579683870729,0.00515421783626063,0.0189718810915958));
#3564=CARTESIAN_POINT('',(0.0129579683870729,0.00515421783626063,0.0189718810915958));
#3565=CARTESIAN_POINT('',(0.017,0.00515421783626064,0.0189718810915958));
#3566=CARTESIAN_POINT('',(0.013,0.00515421783626064,0.0189718810915958));
#3567=CARTESIAN_POINT('',(0.013,0.00559923919505137,0.0160050720329909));
#3568=CARTESIAN_POINT('',(0.013,0.00559923919505137,0.0160050720329909));
#3569=CARTESIAN_POINT('',(0.017,0.00559923919505137,0.0160050720329909));
#3570=CARTESIAN_POINT('',(0.0118679419761754,0.00559923919505138,0.0160050720329909));
#3571=CARTESIAN_POINT('',(0.0118679419761754,0.00611843078030723,0.0125437947979519));
#3572=CARTESIAN_POINT('',(0.0118679419761754,0.00663762236556309,0.0090825175629128));
#3573=CARTESIAN_POINT('',(0.017,0.00663762236556308,0.0090825175629128));
#3574=CARTESIAN_POINT('',(0.013,0.00663762236556308,0.0090825175629128));
#3575=CARTESIAN_POINT('',(0.013,0.00708264372435381,0.00611570850430791));
#3576=CARTESIAN_POINT('',(0.013,0.00708264372435381,0.00611570850430791));
#3577=CARTESIAN_POINT('',(0.017,0.00708264372435381,0.00611570850430791));
#3578=CARTESIAN_POINT('',(0.0232345020257031,0.00545693891396402,0.0169537405735732));
#3579=CARTESIAN_POINT('',(0.0232345020257031,0.00545693891396402,0.0169537405735732));
#3580=CARTESIAN_POINT('',(0.0232345020257051,0.00482965721973653,0.0166564786976254));
#3581=CARTESIAN_POINT('',(0.0232345020257072,0.00417479547922961,0.0162518127105522));
#3582=CARTESIAN_POINT('',(0.0232345020257097,0.00343230353169888,0.015680031683488));
#3583=CARTESIAN_POINT('',(0.0232345020257097,0.00343230353169886,0.015680031683488));
#3584=CARTESIAN_POINT('',(0.0232345020257031,0.00545693891396402,0.0169537405735732));
#3585=CARTESIAN_POINT('',(0.0232345020257097,0.00395149511695473,0.012218754448449));
#3586=CARTESIAN_POINT('',(0.0232345020257097,0.00447068670221059,0.00875747721340993));
#3587=CARTESIAN_POINT('',(0.0232345020257097,0.00447068670221059,0.00875747721340993));
#3588=CARTESIAN_POINT('',(0.0232345020257072,0.00534826145705398,0.00842870619170438));
#3589=CARTESIAN_POINT('',(0.0232345020257051,0.00609303128342852,0.00823398493966303));
#3590=CARTESIAN_POINT('',(0.0232345020257031,0.00677992264665047,0.00813384902233021));
#3591=CARTESIAN_POINT('',(0.0232345020257031,0.00677992264665046,0.00813384902233023));
#3592=CARTESIAN_POINT('',(0.0232345020257031,0.008,0.));
#3593=CARTESIAN_POINT('',(0.017,0.0073327187357049,0.0177818750953007));
#3594=CARTESIAN_POINT('',(0.0210420316129271,0.00515421783626062,0.0189718810915958));
#3595=CARTESIAN_POINT('',(0.0216488502333039,0.00523507261472547,0.0184328492351635));
#3596=CARTESIAN_POINT('',(0.0223495041309306,0.0053318040968274,0.0177879726878173));
#3597=CARTESIAN_POINT('',(0.0232345020257031,0.00545693891396401,0.0169537405735732));
#3598=CARTESIAN_POINT('',(0.0210420316129271,0.00515421783626063,0.0189718810915958));
#3599=CARTESIAN_POINT('',(0.017,0.00711020805630953,0.0192652796246032));
#3600=CARTESIAN_POINT('',(0.021,0.00507146353636498,0.0189594679466114));
#3601=CARTESIAN_POINT('',(0.021,0.00380436281246963,0.0179709145835358));
#3602=CARTESIAN_POINT('',(0.021,0.00427935697612421,0.0183945568857851));
#3603=CARTESIAN_POINT('',(0.021,0.00468965934043137,0.0187101514546999));
#3604=CARTESIAN_POINT('',(0.021,0.00507146353636499,0.0189594679466114));
#3605=CARTESIAN_POINT('',(0.021,0.00380436281246965,0.0179709145835358));
#3606=CARTESIAN_POINT('',(0.0225740747107088,0.00259280916015057,0.0155541075277558));
#3607=CARTESIAN_POINT('',(0.0219431145478557,0.0030783939889928,0.016523276421101));
#3608=CARTESIAN_POINT('',(0.0214363631116405,0.00346843799412739,0.0173013259615898));
#3609=CARTESIAN_POINT('',(0.021,0.00380436281246964,0.0179709145835358));
#3610=CARTESIAN_POINT('',(0.0225740747107088,0.00259280916015056,0.0155541075277558));
#3611=CARTESIAN_POINT('',(0.017,0.00755522941510027,0.0162984705659983));
#3612=CARTESIAN_POINT('',(0.021,0.008,0.));
#3613=CARTESIAN_POINT('',(0.0232345020257031,0.00677992264665046,0.00813384902233022));
#3614=CARTESIAN_POINT('',(0.0223645220107564,0.00690293400150898,0.00731377332327346));
#3615=CARTESIAN_POINT('',(0.0216593253349825,0.00700039320423388,0.00666404530510744));
#3616=CARTESIAN_POINT('',(0.0210420316129271,0.00708264372435381,0.00611570850430791));
#3617=CARTESIAN_POINT('',(0.0210420316129271,0.00708264372435381,0.00611570850430791));
#3618=CARTESIAN_POINT('',(0.017,0.00708264372435381,0.00611570850430791));
#3619=CARTESIAN_POINT('',(0.021,0.00708264372435381,0.00611570850430791));
#3620=CARTESIAN_POINT('',(0.021,0.008,0.));
#3621=CARTESIAN_POINT('',(0.021,0.00663762236556308,0.0090825175629128));
#3622=CARTESIAN_POINT('',(0.017,0.00663762236556308,0.0090825175629128));
#3623=CARTESIAN_POINT('',(0.0221320580238246,0.00663762236556309,0.0090825175629128));
#3624=CARTESIAN_POINT('',(0.0221320580238246,0.00611843078030724,0.0125437947979519));
#3625=CARTESIAN_POINT('',(0.0221320580238246,0.00559923919505138,0.0160050720329909));
#3626=CARTESIAN_POINT('',(0.017,0.00559923919505137,0.0160050720329909));
#3627=CARTESIAN_POINT('',(0.021,0.00559923919505136,0.0160050720329909));
#3628=CARTESIAN_POINT('',(0.021,0.008,0.));
#3629=CARTESIAN_POINT('',(0.021,0.00515421783626063,0.0189718810915958));
#3630=CARTESIAN_POINT('',(0.017,0.00515421783626063,0.0189718810915958));
#3631=CARTESIAN_POINT('',(0.013,0.0135,0.));
#3632=CARTESIAN_POINT('',(0.013,0.0115221272942634,-0.000296680905860486));
#3633=CARTESIAN_POINT('',(0.013,0.00900033959444924,0.0165152370929006));
#3634=CARTESIAN_POINT('',(0.013,0.0085221272942634,0.0197033190941395));
#3635=CARTESIAN_POINT('',(0.013,0.00211607947432463,0.0154825980748819));
#3636=CARTESIAN_POINT('',(0.013,0.00562680352700708,0.0190427689452077));
#3637=CARTESIAN_POINT('',(0.013,0.00507146353636497,0.0189594679466114));
#3638=CARTESIAN_POINT('',(0.013,0.005071463536365,0.0189594679466114));
#3639=CARTESIAN_POINT('',(0.013,0.00447490693908557,0.0185699190635861));
#3640=CARTESIAN_POINT('',(0.013,0.00381816577271543,0.0180320028851084));
#3641=CARTESIAN_POINT('',(0.013,0.00292931951000056,0.0171378699333297));
#3642=CARTESIAN_POINT('',(0.013,0.0026760391198044,0.0188264058679707));
#3643=CARTESIAN_POINT('',(0.021,0.0135,0.));
#3644=CARTESIAN_POINT('',(0.015,0.0135,7.04731412115578E-19));
#3645=CARTESIAN_POINT('',(0.015,0.0120165954706976,0.00988936352868298));
#3646=CARTESIAN_POINT('',(0.015,0.0135,-1.56784013843755E-19));
#3647=CARTESIAN_POINT('',(0.017,0.0120165954706976,0.00988936352868298));
#3648=CARTESIAN_POINT('',(0.019,0.0120165954706976,0.00988936352868298));
#3649=CARTESIAN_POINT('',(0.019,0.0134229828850856,0.000513447432762837));
#3650=CARTESIAN_POINT('',(0.019,0.0135,8.1183415141859E-19));
#3651=CARTESIAN_POINT('',(0.021,0.0135,1.84584757150393E-19));
#3652=CARTESIAN_POINT('',(0.017,0.00211607947432463,0.0154825980748819));
#3653=CARTESIAN_POINT('',(0.015,0.00900033959444923,0.0165152370929006));
#3654=CARTESIAN_POINT('',(0.015,0.0109782123001858,0.0168119179987611));
#3655=CARTESIAN_POINT('',(0.017,0.0109782123001858,0.0168119179987611));
#3656=CARTESIAN_POINT('',(0.019,0.0109782123001858,0.0168119179987611));
#3657=CARTESIAN_POINT('',(0.019,0.00900033959444926,0.0165152370929006));
#3658=CARTESIAN_POINT('',(0.021,0.00900033959444925,0.0165152370929006));
#3659=CARTESIAN_POINT('',(0.021,0.00211607947432463,0.0154825980748819));
#3660=CARTESIAN_POINT('',(0.017,0.00755522941510027,0.0162984705659982));
#3661=CARTESIAN_POINT('',(0.0170006749357474,0.00755522941510027,0.0162984705659983));
#3662=CARTESIAN_POINT('',(0.0170006749357474,0.00622720532751319,0.0160992669528602));
#3663=CARTESIAN_POINT('',(0.017,0.00711020805630953,0.00915340541652477));
#3664=CARTESIAN_POINT('',(0.015,0.0100387227649609,0.00959268262282248));
#3665=CARTESIAN_POINT('',(0.013,0.0100387227649609,0.00959268262282248));
#3666=CARTESIAN_POINT('',(0.013,0.00711020805630953,0.00915340541652477));
#3667=CARTESIAN_POINT('',(0.017,0.00859361258561198,0.00937591609592013));
#3668=CARTESIAN_POINT('',(0.021,0.00711020805630953,0.00915340541652477));
#3669=CARTESIAN_POINT('',(0.021,0.010038722764961,0.00959268262282249));
#3670=CARTESIAN_POINT('',(0.019,0.010038722764961,0.00959268262282249));
#3671=CARTESIAN_POINT('',(0.0170006749357474,0.00859361258561198,0.00937591609592014));
#3672=CARTESIAN_POINT('',(0.0170006749357474,0.00726558849802489,0.00917671248278208));
#3673=CARTESIAN_POINT('',(0.017,0.00807442100035612,0.0128371933309592));
#3674=CARTESIAN_POINT('',(0.021,0.0065,0.));
#3675=CARTESIAN_POINT('',(0.021,0.011445110179349,0.000216766526902345));
#3676=CARTESIAN_POINT('',(0.021,0.00852212729426341,0.0197033190941395));
#3677=CARTESIAN_POINT('',(0.021,0.00852212729426341,0.0197033190941395));
#3678=CARTESIAN_POINT('',(0.021,0.00365403422982888,0.0189731051344743));
#3679=CARTESIAN_POINT('',(0.021,0.00380436281246965,0.0179709145835358));
#3680=CARTESIAN_POINT('',(0.021,0.00562680352700708,0.0190427689452077));
#3681=CARTESIAN_POINT('',(0.021,0.0065,0.));
#3682=CARTESIAN_POINT('',(0.021,0.011445110179349,0.00021676652690235));
#3683=CARTESIAN_POINT('',(0.021,0.0114776251583843,0.));
#3684=CARTESIAN_POINT('',(0.021,0.00458842035649537,0.00574157499912914));
#3685=CARTESIAN_POINT('',(0.021,0.00699988942445817,0.00610329535932356));
#3686=CARTESIAN_POINT('',(0.021,0.00699988942445817,0.00610329535932356));
#3687=CARTESIAN_POINT('',(0.021,0.00656173925419141,0.00622961869630457));
#3688=CARTESIAN_POINT('',(0.021,0.00607689922310623,0.0064109419059104));
#3689=CARTESIAN_POINT('',(0.021,0.00549851341807148,0.00667657721285684));
#3690=CARTESIAN_POINT('',(0.021,0.00549851341807149,0.00667657721285683));
#3691=CARTESIAN_POINT('',(0.021,0.0065,9.75781955236954E-19));
#3692=CARTESIAN_POINT('',(0.021,0.0065,2.49313482450517E-19));
#3693=CARTESIAN_POINT('',(0.021,0.0065,0.));
#3694=CARTESIAN_POINT('',(0.017,0.00562680352700708,0.0190427689452077));
#3695=CARTESIAN_POINT('',(0.017,0.0073327187357049,0.0177818750953007));
#3696=CARTESIAN_POINT('',(0.017,0.00755522941510027,0.0162984705659982));
#3697=CARTESIAN_POINT('',(0.017,0.00711020805630954,0.0192652796246031));
#3698=CARTESIAN_POINT('',(0.017,0.00807442100035612,0.0128371933309592));
#3699=CARTESIAN_POINT('',(0.0225740747107088,0.00311200074540642,0.0120928302927167));
#3700=CARTESIAN_POINT('',(0.0225740747107088,0.00363119233066228,0.00863155305767768));
#3701=CARTESIAN_POINT('',(0.017,0.00859361258561198,0.00937591609592014));
#3702=CARTESIAN_POINT('',(0.017,0.00807442100035612,0.0128371933309592));
#3703=CARTESIAN_POINT('',(0.017,0.00458842035649537,0.00574157499912914));
#3704=CARTESIAN_POINT('',(0.017,0.00903863394440271,0.00640910703731524));
#3705=CARTESIAN_POINT('',(0.017,0.00458842035649537,0.00574157499912914));
#3706=CARTESIAN_POINT('',(0.013,0.00458842035649537,0.00574157499912914));
#3707=CARTESIAN_POINT('',(0.017,0.00881612326500734,0.00789251156661769));
#3708=CARTESIAN_POINT('',(0.021,0.00549851341807149,0.00667657721285683));
#3709=CARTESIAN_POINT('',(0.0214412430411281,0.00497512787276847,0.0072241939073985));
#3710=CARTESIAN_POINT('',(0.0219500926547283,0.0043714806284724,0.00785617811208701));
#3711=CARTESIAN_POINT('',(0.0225740747107088,0.00363119233066228,0.00863155305767768));
#3712=CARTESIAN_POINT('',(0.013,0.0135,0.));
#3713=CARTESIAN_POINT('',(0.013,0.0115221272942634,-0.000296680905860493));
#3714=CARTESIAN_POINT('',(0.013,0.0114776251583843,1.66533453693774E-19));
#3715=CARTESIAN_POINT('',(0.013,0.0135,3.33066907387547E-19));
#3716=CARTESIAN_POINT('',(0.015,0.0115221272942634,-0.000296680905860489));
#3717=CARTESIAN_POINT('',(0.013,0.0114776251583843,0.));
#3718=CARTESIAN_POINT('',(0.013,0.0119935780556632,0.));
#3719=CARTESIAN_POINT('',(0.0134266951634972,0.0130685312181521,0.));
#3720=CARTESIAN_POINT('',(0.0144897554235132,0.0135,0.));
#3721=CARTESIAN_POINT('',(0.015,0.0135,0.));
#3722=CARTESIAN_POINT('',(0.0260000000000722,0.0015,0.));
#3723=CARTESIAN_POINT('',(0.021,0.00365403422982887,0.0189731051344743));
#3724=CARTESIAN_POINT('',(0.0240000000000433,0.00072004889975552,0.0185330073349633));
#3725=CARTESIAN_POINT('',(0.0240000000000433,0.00072004889975552,0.0185330073349633));
#3726=CARTESIAN_POINT('',(0.0244817446472416,0.0002663274099776,0.0183461862855408));
#3727=CARTESIAN_POINT('',(0.024954496013374,-0.000171968336293901,0.0181164821531798));
#3728=CARTESIAN_POINT('',(0.0254063250967888,-0.000583778760904652,0.0178496910945299));
#3729=CARTESIAN_POINT('',(0.0254063250967888,-0.000583778760904664,0.0178496910945299));
#3730=CARTESIAN_POINT('',(0.0254063250967888,0.00198158914745702,0.000747238372118551));
#3731=CARTESIAN_POINT('',(0.0254063250967888,0.00209367490327481,5.35324822664718E-19));
#3732=CARTESIAN_POINT('',(0.0254063250967888,0.00209367490327482,1.0435445910173E-18));
#3733=CARTESIAN_POINT('',(0.019,0.011445110179349,0.000216766526902347));
#3734=CARTESIAN_POINT('',(0.019,0.0135,0.));
#3735=CARTESIAN_POINT('',(0.0195102445764868,0.0135,0.));
#3736=CARTESIAN_POINT('',(0.0205733048365028,0.013068531218152,0.));
#3737=CARTESIAN_POINT('',(0.021,0.0119935780556632,0.));
#3738=CARTESIAN_POINT('',(0.021,0.0114776251583843,0.));
#3739=CARTESIAN_POINT('',(0.003,0.00415944364910685,0.019048916547366));
#3740=CARTESIAN_POINT('',(0.003,0.00415944364910685,0.019048916547366));
#3741=CARTESIAN_POINT('',(0.,0.00415944364910685,0.019048916547366));
#3742=CARTESIAN_POINT('',(0.,0.00415944364910685,0.019048916547366));
#3743=CARTESIAN_POINT('',(0.,0.00544506090783564,0.0192417591361753));
#3744=CARTESIAN_POINT('',(0.0229999999999266,-0.00247451226991246,0.0180538231595131));
#3745=CARTESIAN_POINT('',(0.0229999999999317,-0.0033002262363169,0.0179299660645524));
#3746=CARTESIAN_POINT('',(0.0229999999997313,-0.00083573132663402,0.0015));
#3747=CARTESIAN_POINT('',(0.0229999999999416,-0.00293627261941765,0.0155036086185472));
#3748=CARTESIAN_POINT('',(0.0229999999991301,0.0021069176198633,0.0015));
#3749=CARTESIAN_POINT('',(0.0229999999993393,-0.00672500000006283,0.0015));
#3750=CARTESIAN_POINT('',(0.0229999999999671,-0.0090599022006119,0.0170660146699082));
#3751=CARTESIAN_POINT('',(0.0230000000001566,-0.00650000000006566,-4.33680868994202E-16));
#3752=CARTESIAN_POINT('',(0.0229999999999671,-0.00650000000000579,-8.74300631892311E-16));
#3753=CARTESIAN_POINT('',(0.0229999999999565,-0.0075,-2.60208521396541E-18));
#3754=CARTESIAN_POINT('',(0.0229999999999399,-0.0075,0.));
#3755=CARTESIAN_POINT('',(0.0229999999999457,-0.00396143519305359,0.0132061036453991));
#3756=CARTESIAN_POINT('',(0.0229999999999514,0.00376597141725935,0.0111355512845789));
#3757=CARTESIAN_POINT('',(0.012,0.00350000000000026,-1.73718678331269E-15));
#3758=CARTESIAN_POINT('',(0.012,0.00342500000000017,0.000499999999998842));
#3759=CARTESIAN_POINT('',(0.012,0.00335000000000009,0.000999999999999421));
#3760=CARTESIAN_POINT('',(0.012,0.003275,0.0015));
#3761=CARTESIAN_POINT('',(0.0121795175516467,0.00213740602616227,-1.73718678331269E-15));
#3762=CARTESIAN_POINT('',(0.0121795175516385,0.00206240602617772,0.000499999999998842));
#3763=CARTESIAN_POINT('',(0.0121795175516469,0.00198740602620814,0.000999999999999421));
#3764=CARTESIAN_POINT('',(0.0121795175516386,0.00191240602622358,0.0015));
#3765=CARTESIAN_POINT('',(0.012359600038387,0.000774941256593965,-1.73718678331269E-15));
#3766=CARTESIAN_POINT('',(0.0123596000383903,0.00069994125664239,0.000499999999998842));
#3767=CARTESIAN_POINT('',(0.0123596000383652,0.000624941256652311,0.000999999999999421));
#3768=CARTESIAN_POINT('',(0.0123596000383685,0.000549941256700736,0.0015));
#3769=CARTESIAN_POINT('',(0.0126499338104773,-0.00144151808009052,-1.73718678331269E-15));
#3770=CARTESIAN_POINT('',(0.0126499338104572,-0.00151651808002412,0.000499999999998843));
#3771=CARTESIAN_POINT('',(0.0126499338104402,-0.00159151807997623,0.00099999999999942));
#3772=CARTESIAN_POINT('',(0.01264993381042,-0.00166651807990984,0.0015));
#3773=CARTESIAN_POINT('',(0.0133798652432708,-0.00308064142822309,-1.73718678331269E-15));
#3774=CARTESIAN_POINT('',(0.0133798652432103,-0.00315564142811929,0.000499999999998841));
#3775=CARTESIAN_POINT('',(0.0133798652431287,-0.00323064142808272,0.000999999999999422));
#3776=CARTESIAN_POINT('',(0.0133798652430683,-0.00330564142797892,0.0015));
#3777=CARTESIAN_POINT('',(0.0148810695814129,-0.00406350268058394,-1.73718678331269E-15));
#3778=CARTESIAN_POINT('',(0.0148810695812949,-0.00413850268053759,0.000499999999998843));
#3779=CARTESIAN_POINT('',(0.0148810695811644,-0.00421350268054706,0.00099999999999942));
#3780=CARTESIAN_POINT('',(0.0148810695810464,-0.00428850268050071,0.0015));
#3781=CARTESIAN_POINT('',(0.0181377030764176,-0.00503884310551295,-1.73718678331269E-15));
#3782=CARTESIAN_POINT('',(0.0181377030761924,-0.00511384310564091,0.000499999999998841));
#3783=CARTESIAN_POINT('',(0.0181377030760823,-0.00518884310539029,0.000999999999999423));
#3784=CARTESIAN_POINT('',(0.0181377030758571,-0.00526384310551825,0.0015));
#3785=CARTESIAN_POINT('',(0.0205686416919774,-0.00576997177432699,-1.73718678331269E-15));
#3786=CARTESIAN_POINT('',(0.0205686416917657,-0.00584497177428141,0.000499999999998843));
#3787=CARTESIAN_POINT('',(0.0205686416914985,-0.00591997177441528,0.00099999999999942));
#3788=CARTESIAN_POINT('',(0.0205686416912868,-0.00599497177436969,0.0015));
#3789=CARTESIAN_POINT('',(0.0230000000007647,-0.00650000000025106,-1.73718678331269E-15));
#3790=CARTESIAN_POINT('',(0.0230000000004989,-0.00657500000025115,0.000499999999998842));
#3791=CARTESIAN_POINT('',(0.023000000000233,-0.00665000000025123,0.000999999999999421));
#3792=CARTESIAN_POINT('',(0.0229999999999671,-0.00672500000025132,0.0015));
#3793=CARTESIAN_POINT('',(0.012,0.003275,0.0015));
#3794=CARTESIAN_POINT('',(0.0120920063011747,0.00257664359759969,0.0015));
#3795=CARTESIAN_POINT('',(0.0122260512192748,0.00152852581076318,0.0015));
#3796=CARTESIAN_POINT('',(0.0124211036623361,0.000133530043411793,0.0015));
#3797=CARTESIAN_POINT('',(0.0125250934683626,-0.000919114466141472,0.0015));
#3798=CARTESIAN_POINT('',(0.0127948214302244,-0.00194672037846137,0.0015));
#3799=CARTESIAN_POINT('',(0.0134867280309854,-0.00318536548995248,0.0015));
#3800=CARTESIAN_POINT('',(0.0145763454850186,-0.00414876986418671,0.0015));
#3801=CARTESIAN_POINT('',(0.0159146043283521,-0.00460694395419266,0.0015));
#3802=CARTESIAN_POINT('',(0.0172667949733631,-0.00499811613801596,0.0015));
#3803=CARTESIAN_POINT('',(0.0189520261204523,-0.00551085333605903,0.0015));
#3804=CARTESIAN_POINT('',(0.0209762529405132,-0.00611666585298085,0.0015));
#3805=CARTESIAN_POINT('',(0.0223253631099446,-0.00652243669636506,0.0015));
#3806=CARTESIAN_POINT('',(0.0229999999991301,-0.006725,0.0015));
#3807=CARTESIAN_POINT('',(0.012,0.003275,0.0015));
#3808=CARTESIAN_POINT('',(0.012,0.0035,0.));
#3809=CARTESIAN_POINT('',(0.012,0.00350000000000006,2.25978016370335E-17));
#3810=CARTESIAN_POINT('',(0.0230000000003462,-0.00650000000012553,0.));
#3811=CARTESIAN_POINT('',(0.0223253631112123,-0.00629743669650324,0.));
#3812=CARTESIAN_POINT('',(0.0209762529418155,-0.00589166585313858,0.));
#3813=CARTESIAN_POINT('',(0.0189520261216602,-0.00528585333622613,0.));
#3814=CARTESIAN_POINT('',(0.017266794974405,-0.00477311613821305,0.));
#3815=CARTESIAN_POINT('',(0.0159146043292603,-0.00438194395436409,0.));
#3816=CARTESIAN_POINT('',(0.0145763454857199,-0.0039237698645309,0.));
#3817=CARTESIAN_POINT('',(0.0134867280314034,-0.00296036549043893,0.));
#3818=CARTESIAN_POINT('',(0.0127948214304145,-0.00172172037890839,0.));
#3819=CARTESIAN_POINT('',(0.0125250934684188,-0.00069411446651644,0.));
#3820=CARTESIAN_POINT('',(0.0124211036623886,0.000358530043129263,0.));
#3821=CARTESIAN_POINT('',(0.0122260512192956,0.00175352581060017,0.));
#3822=CARTESIAN_POINT('',(0.0120920063011836,0.00280164359753222,0.));
#3823=CARTESIAN_POINT('',(0.012,0.00350000000000013,0.));
#3824=CARTESIAN_POINT('',(0.,-0.0075,0.));
#3825=CARTESIAN_POINT('',(0.,-0.0039614351930536,0.0132061036453991));
#3826=CARTESIAN_POINT('',(0.0259999999916311,-0.00396143519305359,0.0132061036453991));
#3827=CARTESIAN_POINT('',(0.,-0.0075,0.));
#3828=CARTESIAN_POINT('',(0.0260000000000722,-0.0075,4.33680868994202E-19));
#3829=CARTESIAN_POINT('',(0.0259999999925315,-0.00396143519305359,0.0132061036453991));
#3830=CARTESIAN_POINT('',(0.0260000000000722,-0.0075,0.));
#3831=CARTESIAN_POINT('',(0.0259999999907306,0.00376597141725935,0.0111355512845789));
#3832=CARTESIAN_POINT('',(0.0259999999898302,-0.00186675687325329,0.016816429034123));
#3833=CARTESIAN_POINT('',(0.0260000000000722,-0.0075,0.));
#3834=CARTESIAN_POINT('',(0.0259999999917154,0.000655707483262107,-2.76759089634411E-20));
#3835=CARTESIAN_POINT('',(0.0259999999889298,0.000575264042310124,0.000536289606346517));
#3836=CARTESIAN_POINT('',(0.0239999999889298,0.000575264039577727,0.000536289605936657));
#3837=CARTESIAN_POINT('',(0.0254063250967888,-0.000583778760904658,0.0178496910945299));
#3838=CARTESIAN_POINT('',(0.0258152608342293,-0.000956494918087653,0.0176082272261862));
#3839=CARTESIAN_POINT('',(0.0259999999882587,-0.0014391379881417,0.0172404235463949));
#3840=CARTESIAN_POINT('',(0.0259999999889298,-0.00186675687203722,0.0168164290353288));
#3841=CARTESIAN_POINT('',(0.0254063250967888,0.00209367490327481,0.));
#3842=CARTESIAN_POINT('',(0.0257715584868921,0.0017284415131768,0.));
#3843=CARTESIAN_POINT('',(0.0259999999903639,0.00117512278496861,0.));
#3844=CARTESIAN_POINT('',(0.025999999994501,0.000655707483262115,0.));
#3845=CARTESIAN_POINT('',(0.,-0.00267036442826408,0.0180244453357604));
#3846=CARTESIAN_POINT('',(0.,0.000720048899755521,0.0185330073349633));
#3847=CARTESIAN_POINT('',(0.0155000002086163,0.00072004889975552,0.0185330073349632));
#3848=CARTESIAN_POINT('',(0.,0.000720048899755521,0.0185330073349633));
#3849=CARTESIAN_POINT('',(0.0175000002086163,0.000720048899755519,0.0185330073349633));
#3850=CARTESIAN_POINT('',(0.,0.000720048899755519,0.0185330073349633));
#3851=CARTESIAN_POINT('',(0.0197335612039895,0.000720048899755517,0.0185330073349633));
#3852=CARTESIAN_POINT('',(0.,0.000720048899755521,0.0185330073349633));
#3853=CARTESIAN_POINT('',(0.019,0.00852212729426342,0.0197033190941395));
#3854=CARTESIAN_POINT('',(0.019,0.0105,0.02));
#3855=CARTESIAN_POINT('',(0.,0.0105,0.02));
#3856=CARTESIAN_POINT('',(0.015,0.0105,0.02));
#3857=CARTESIAN_POINT('',(0.015,0.00852212729426339,0.0197033190941395));
#3858=CARTESIAN_POINT('',(0.0170006749357474,0.00707701711491442,0.0194865525672372));
#3859=CARTESIAN_POINT('',(0.0170006749357474,0.00574899302732734,0.0192873489540991));
#3860=CARTESIAN_POINT('',(0.,0.00376597141725935,0.0111355512845789));
#3861=CARTESIAN_POINT('',(0.0224063251078112,-0.00171693777379793,0.0169611591329176));
#3862=CARTESIAN_POINT('',(0.0216030383508925,-0.00101302644651827,0.0176236619972551));
#3863=CARTESIAN_POINT('',(0.0206826058625188,-0.000173789690564995,0.0181649668801465));
#3864=CARTESIAN_POINT('',(0.0197335612039895,0.000720048899755517,0.0185330073349633));
#3865=CARTESIAN_POINT('',(0.0224063251078118,-0.00171693777379779,0.0169611591329181));
#3866=CARTESIAN_POINT('',(0.0229999999999317,-0.0029362726194189,0.0155036086185453));
#3867=CARTESIAN_POINT('',(0.0229999999999296,-0.00256394185696022,0.0160749041491592));
#3868=CARTESIAN_POINT('',(0.0228443096815277,-0.00210073882610777,0.0165999356568397));
#3869=CARTESIAN_POINT('',(0.0224063251078122,-0.00171693777379765,0.0169611591329184));
#3870=CARTESIAN_POINT('',(-0.012,0.0035,0.));
#3871=CARTESIAN_POINT('',(0.0175000002086163,0.0035,0.));
#3872=CARTESIAN_POINT('',(0.0175000002086163,0.0017,0.012));
#3873=CARTESIAN_POINT('',(-0.012,0.0017,0.012));
#3874=CARTESIAN_POINT('',(0.0197335612039895,0.0017,0.012));
#3875=CARTESIAN_POINT('',(0.0197335612039895,0.000720048899755517,0.0185330073349633));
#3876=CARTESIAN_POINT('',(0.0140000002086163,0.0035,0.));
#3877=CARTESIAN_POINT('',(0.0140000001043081,0.0021069176198633,0.0015));
#3878=CARTESIAN_POINT('',(0.0140000001564622,0.,0.0015));
#3879=CARTESIAN_POINT('',(0.0140000001564622,0.003275,0.0015));
#3880=CARTESIAN_POINT('',(0.0140000002086163,0.,0.));
#3881=CARTESIAN_POINT('',(0.0140000002086163,0.,0.012));
#3882=CARTESIAN_POINT('',(0.0140000002086163,0.00025,0.012));
#3883=CARTESIAN_POINT('',(0.0140000002086163,0.0017,0.012));
#3884=CARTESIAN_POINT('',(0.0140000002086163,0.0035,0.));
#3885=CARTESIAN_POINT('',(0.02,1.71635661783295E-20,0.));
#3886=CARTESIAN_POINT('',(0.02,0.0021069176198633,0.0015));
#3887=CARTESIAN_POINT('',(0.02,0.00300856120398568,0.0015));
#3888=CARTESIAN_POINT('',(0.02,0.,0.0015));
#3889=CARTESIAN_POINT('',(0.02,0.000459473060132677,0.0184939209590199));
#3890=CARTESIAN_POINT('',(0.02,0.00143356120398567,0.012));
#3891=CARTESIAN_POINT('',(0.02,0.00025,0.012));
#3892=CARTESIAN_POINT('',(0.02,0.,0.012));
#3893=CARTESIAN_POINT('',(0.02,0.,0.));
#3894=CARTESIAN_POINT('',(0.017,0.,0.));
#3895=CARTESIAN_POINT('',(0.017,0.,0.0015));
#3896=CARTESIAN_POINT('',(0.017,0.,0.012));
#3897=CARTESIAN_POINT('',(0.0170006749357474,0.00931165959354021,0.00458893604306531));
#3898=CARTESIAN_POINT('',(0.0170006749357474,0.01,0.));
#3899=CARTESIAN_POINT('',(0.0170006749357474,0.00864209537044221,0.));
#3900=CARTESIAN_POINT('',(0.0170006749357474,0.00731612326500735,0.0178925115666177));
#3901=CARTESIAN_POINT('',(0.021,0.0135,0.));
#3902=CARTESIAN_POINT('',(0.015,0.0135,7.58941520739853E-19));
#3903=CARTESIAN_POINT('',(0.019,0.0135,-8.14344516839971E-20));
#3904=CARTESIAN_POINT('',(0.019,0.011445110179349,0.000216766526902347));
#3905=CARTESIAN_POINT('',(0.015,0.0115221272942634,-0.000296680905860489));
#3906=CARTESIAN_POINT('',(0.017,0.00025,0.012));
#3907=CARTESIAN_POINT('',(0.0175000002086163,0.00025,0.012));
#3908=CARTESIAN_POINT('',(0.0175000002086163,-0.000300000000000003,0.012));
#3909=CARTESIAN_POINT('',(0.017,-0.000300000000000004,0.012));
#3910=CARTESIAN_POINT('',(0.0155000002086163,-0.0003,0.012));
#3911=CARTESIAN_POINT('',(0.0155000002086163,0.00025,0.012));
#3912=CARTESIAN_POINT('',(0.0155000002086163,0.0017,0.012));
#3913=CARTESIAN_POINT('',(-0.012,0.0017,0.012));
#3914=CARTESIAN_POINT('',(0.0197335612039895,0.00170000000000002,0.012));
#3915=CARTESIAN_POINT('',(0.0175000002086163,0.0007,0.0152665036674817));
#3916=CARTESIAN_POINT('',(0.0175000002086163,0.000720048899755525,0.0185330073349633));
#3917=CARTESIAN_POINT('',(0.0155000002086163,0.0007,0.0152665036674817));
#3918=CARTESIAN_POINT('',(0.0155000002086163,0.0035,0.));
#3919=CARTESIAN_POINT('',(0.0155000002086163,0.000720048899755527,0.0185330073349633));
#3920=CARTESIAN_POINT('',(0.0155000002086163,0.000720048899755527,0.0185330073349633));
#3921=CARTESIAN_POINT('',(-0.012,0.0035,0.));
#3922=CARTESIAN_POINT('',(-0.0020685115108476,0.00508466433054997,-0.0105644288703331));
#3923=CARTESIAN_POINT('',(0.00787523917701846,0.00349999999999558,2.94998805516123E-14));
#3924=CARTESIAN_POINT('',(-0.012,0.0035,4.5183769893637E-17));
#3925=CARTESIAN_POINT('',(7.21822601690292E-14,0.003275,0.0015));
#3926=CARTESIAN_POINT('',(-1.89272520215583E-7,0.00343885692256833,0.));
#3927=CARTESIAN_POINT('',(0.017,-1.53080849893419E-19,0.));
#3928=CARTESIAN_POINT('',(0.0195,-1.53080849893419E-19,0.));
#3929=CARTESIAN_POINT('',(0.00787523917703017,0.00350000007206279,5.895457732945E-14));
#3930=CARTESIAN_POINT('',(-0.0020685115108476,0.00430397681514282,-0.0105644288703331));
#3931=CARTESIAN_POINT('',(0.0197335612039895,0.000720048899755519,0.0185330073349633));
#3932=CARTESIAN_POINT('',(0.0224063251078112,-0.00189390112846971,0.0181409148307295));
#3933=CARTESIAN_POINT('',(0.0224063251078112,0.000602236096139739,0.0015));
#3934=CARTESIAN_POINT('',(0.0224063251078112,0.000602236096139735,0.0015));
#3935=CARTESIAN_POINT('',(7.21822601690292E-14,0.0021069176198633,0.0015));
#3936=CARTESIAN_POINT('',(0.0229999999999317,-0.000835731326634025,0.0015));
#3937=CARTESIAN_POINT('',(0.0229999999999285,-0.000316316024080875,0.0015));
#3938=CARTESIAN_POINT('',(0.0227715584985046,0.000237002705441069,0.0015));
#3939=CARTESIAN_POINT('',(0.0224063251078112,0.00060223609613973,0.0015));
#3940=CARTESIAN_POINT('',(0.0209999999999317,-0.00330022623632895,0.0179299660645506));
#3941=CARTESIAN_POINT('',(0.017,0.00562680352700708,0.0190427689452077));
#3942=CARTESIAN_POINT('',(0.017,-1.53080849893419E-19,-0.003));
#3943=CARTESIAN_POINT('',(0.017,-1.53080849893419E-19,-0.003));
#3944=CARTESIAN_POINT('',(0.0145,-1.53080849893419E-19,-0.003));
#3945=CARTESIAN_POINT('',(1.88520032917694E-12,0.003,-0.003));
#3946=CARTESIAN_POINT('',(0.017,-8.26636589424463E-20,-0.003));
#3947=CARTESIAN_POINT('',(0.01565,-8.26636589424463E-20,-0.003));
#3948=CARTESIAN_POINT('',(0.017,0.00025,0.009));
#3949=CARTESIAN_POINT('',(0.017,0.,0.009));
#3950=CARTESIAN_POINT('',(0.01835,0.,0.009));
#3951=CARTESIAN_POINT('',(0.017,0.,0.));
#3952=CARTESIAN_POINT('',(-0.017,-1.53080849893419E-19,-0.003));
#3953=CARTESIAN_POINT('',(-0.017,-1.53080849893419E-19,-0.003));
#3954=CARTESIAN_POINT('',(-0.0195,-1.53080849893419E-19,-0.003));
#3955=CARTESIAN_POINT('',(1.88520032917694E-12,0.003,-0.003));
#3956=CARTESIAN_POINT('',(-0.017,0.,-0.003));
#3957=CARTESIAN_POINT('',(-0.01835,0.,-0.003));
#3958=CARTESIAN_POINT('',(-0.017,0.00025,0.009));
#3959=CARTESIAN_POINT('',(-0.017,0.,0.009));
#3960=CARTESIAN_POINT('',(-0.01835,0.,0.009));
#3961=CARTESIAN_POINT('',(-0.017,0.,0.));
#3962=MECHANICAL_DESIGN_GEOMETRIC_PRESENTATION_REPRESENTATION('',(#2255),
#3963);
#3963=(
GEOMETRIC_REPRESENTATION_CONTEXT(3)
GLOBAL_UNCERTAINTY_ASSIGNED_CONTEXT((#3964))
GLOBAL_UNIT_ASSIGNED_CONTEXT((#3967,#3966,#3965))
REPRESENTATION_CONTEXT('Front Shock Mount','TOP_LEVEL_ASSEMBLY_PART')
);
#3964=UNCERTAINTY_MEASURE_WITH_UNIT(LENGTH_MEASURE(2.E-5),#3967,
'DISTANCE_ACCURACY_VALUE','Maximum Tolerance applied to model');
#3965=(
NAMED_UNIT(*)
SI_UNIT($,.STERADIAN.)
SOLID_ANGLE_UNIT()
);
#3966=(
NAMED_UNIT(*)
PLANE_ANGLE_UNIT()
SI_UNIT($,.RADIAN.)
);
#3967=(
LENGTH_UNIT()
NAMED_UNIT(*)
SI_UNIT($,.METRE.)
);
#3968=PRODUCT_DEFINITION_SHAPE('','',#3969);
#3969=PRODUCT_DEFINITION('','',#3971,#3970);
#3970=PRODUCT_DEFINITION_CONTEXT('',#3977,'design');
#3971=PRODUCT_DEFINITION_FORMATION_WITH_SPECIFIED_SOURCE('','',#3973,
 .NOT_KNOWN.);
#3972=PRODUCT_RELATED_PRODUCT_CATEGORY('','',(#3973));
#3973=PRODUCT('Front Shock Mount','Front Shock Mount',
'Front Shock Mount',(#3975));
#3974=PRODUCT_CATEGORY('','');
#3975=PRODUCT_CONTEXT('',#3977,'mechanical');
#3976=APPLICATION_PROTOCOL_DEFINITION('international standard',
'ap242_managed_model_based_3d_engineering',2020,#3977);
#3977=APPLICATION_CONTEXT('managed model based 3d engineering');
ENDSEC;
END-ISO-10303-21;
